-- MySQL dump 10.13  Distrib 5.7.34, for osx10.14 (x86_64)
--
-- Host: localhost    Database: pharmacy_keeper
-- ------------------------------------------------------
-- Server version	5.7.34

/*!40101 SET @OLD_CHARACTER_SET_CLIENT=@@CHARACTER_SET_CLIENT */;
/*!40101 SET @OLD_CHARACTER_SET_RESULTS=@@CHARACTER_SET_RESULTS */;
/*!40101 SET @OLD_COLLATION_CONNECTION=@@COLLATION_CONNECTION */;
/*!40101 SET NAMES utf8 */;
/*!40103 SET @OLD_TIME_ZONE=@@TIME_ZONE */;
/*!40103 SET TIME_ZONE='+00:00' */;
/*!40014 SET @OLD_UNIQUE_CHECKS=@@UNIQUE_CHECKS, UNIQUE_CHECKS=0 */;
/*!40014 SET @OLD_FOREIGN_KEY_CHECKS=@@FOREIGN_KEY_CHECKS, FOREIGN_KEY_CHECKS=0 */;
/*!40101 SET @OLD_SQL_MODE=@@SQL_MODE, SQL_MODE='NO_AUTO_VALUE_ON_ZERO' */;
/*!40111 SET @OLD_SQL_NOTES=@@SQL_NOTES, SQL_NOTES=0 */;

--
-- Table structure for table `DATABASECHANGELOG`
--

DROP TABLE IF EXISTS `DATABASECHANGELOG`;
/*!40101 SET @saved_cs_client     = @@character_set_client */;
/*!40101 SET character_set_client = utf8 */;
CREATE TABLE `DATABASECHANGELOG` (
  `ID` varchar(63) NOT NULL,
  `AUTHOR` varchar(63) NOT NULL,
  `FILENAME` varchar(200) NOT NULL,
  `DATEEXECUTED` datetime NOT NULL,
  `ORDEREXECUTED` int(11) NOT NULL,
  `EXECTYPE` varchar(10) NOT NULL,
  `MD5SUM` varchar(35) DEFAULT NULL,
  `DESCRIPTION` varchar(255) DEFAULT NULL,
  `COMMENTS` varchar(255) DEFAULT NULL,
  `TAG` varchar(255) DEFAULT NULL,
  `LIQUIBASE` varchar(20) DEFAULT NULL,
  PRIMARY KEY (`ID`,`AUTHOR`,`FILENAME`)
) ENGINE=InnoDB DEFAULT CHARSET=latin1;
/*!40101 SET character_set_client = @saved_cs_client */;

--
-- Dumping data for table `DATABASECHANGELOG`
--

LOCK TABLES `DATABASECHANGELOG` WRITE;
/*!40000 ALTER TABLE `DATABASECHANGELOG` DISABLE KEYS */;
INSERT INTO `DATABASECHANGELOG` VALUES ('','khundley','db/db.changelog-1.22-Release.xml','2021-06-03 16:03:21',1076,'EXECUTED','3:6a498aef5dfc072da2c5170c3b94ca26','Modify data type','',NULL,'2.0.2'),(' 1.50.10664-001','cingram','db/db.changelog-offline-1.50.xml','2021-06-03 16:31:05',2331,'EXECUTED','3:73590a736dacc5015ee4ce8291ea6788','Custom SQL','',NULL,'2.0.2'),(' 1.50.10664-002','cingram','db/db.changelog-offline-1.50.xml','2021-06-03 16:31:05',2332,'EXECUTED','3:eecfc60d695ea397fd7173c08ed372e5','Custom SQL','',NULL,'2.0.2'),(' 1.50.10664-003','cingram','db/db.changelog-offline-1.50.xml','2021-06-03 16:31:05',2333,'EXECUTED','3:d1107e7eda67be64b4582598d3dc4834','Custom SQL','',NULL,'2.0.2'),(' 1.50.9615-001','cingram','db/db.changelog-offline-1.50.xml','2021-06-03 16:31:05',2338,'EXECUTED','3:d5865b3223fe761e45e0cdd147897f1e','Custom SQL','',NULL,'2.0.2'),('1','brian','db/db.changelog-1.23-Release.xml','2021-06-03 16:03:22',1086,'EXECUTED','3:a04efc1fe9bcb83d192f74de93689201','Insert Row','',NULL,'2.0.2'),('1','bstegman','db/db.changelog-1.28-Release.xml','2021-06-03 16:03:28',1287,'EXECUTED','3:fb31e9b54f3ee80d9dd981261d31a93c','Add Column','',NULL,'2.0.2'),('1','jpigg','db/db.changelog-1.17-Release.xml','2021-06-03 16:03:16',856,'EXECUTED','3:510845ccaa91ff3342b2d4ecaa51d313','Insert Row (x2)','',NULL,'2.0.2'),('1','jsantilli','db/db.changelog-1.17-Release.xml','2021-06-03 16:03:15',845,'EXECUTED','3:8a9edcdef651759ec2febb419973a0cf','Insert Row','',NULL,'2.0.2'),('1','karabfak','db/db.changelog-1.10-Release.xml','2021-06-03 16:03:05',668,'EXECUTED','3:0d82f4ba0d514eed22f48aeef26dc777','Insert Row','',NULL,'2.0.2'),('1','karabfak','db/db.changelog-1.11-Release.xml','2021-06-03 16:03:06',681,'EXECUTED','3:29292ab7bdda47ae889bac9398c9b620','Modify data type','',NULL,'2.0.2'),('1','karabfak','db/db.changelog-1.13-Release.xml','2021-06-03 16:03:10',758,'EXECUTED','3:5181deedb3bd3828cd6f6aa09245b049','Add Foreign Key Constraint (x4), Modify data type, Create Index','',NULL,'2.0.2'),('1','karabfak','db/db.changelog-1.14-Release.xml','2021-06-03 16:03:11',787,'EXECUTED','3:cc7a3568f1b64e1c413b9d2784f7fdfe','Add Column','',NULL,'2.0.2'),('1','karabfak','db/db.changelog-1.15-Release.xml','2021-06-03 16:03:12',809,'EXECUTED','3:ea67e55b17d2ae26c4617efaa667c1fc','Create Index','',NULL,'2.0.2'),('1','karabfak','db/db.changelog-1.16-Release.xml','2021-06-03 16:03:12',810,'EXECUTED','3:e4c9fbb895efd8648c3a91853b4ea10a','Delete Data (x2)','',NULL,'2.0.2'),('1','karabfak','db/db.changelog-1.17-Release.xml','2021-06-03 16:03:17',883,'EXECUTED','3:8c2228d7813d46571e3bcc20bcbc5269','Insert Row','',NULL,'2.0.2'),('1','karabfak','db/db.changelog-1.18-Release.xml','2021-06-03 16:03:18',949,'EXECUTED','3:8fc292b01170d804c1eba0cc4d173cf4','Insert Row','',NULL,'2.0.2'),('1','karabfak','db/db.changelog-1.20-Release.xml','2021-06-03 16:03:20',1019,'EXECUTED','3:37c3ef356553d5f220c2a80befbfc2da','Insert Row','',NULL,'2.0.2'),('1','karabfak','db/db.changelog-1.21-Release.xml','2021-06-03 16:03:21',1034,'EXECUTED','3:3cce7247e2512e58015034e7121ddcdc','Add Column','',NULL,'2.0.2'),('1','karabfak','db/db.changelog-1.22-Release.xml','2021-06-03 16:03:21',1075,'EXECUTED','3:0bdb3c6ef3aeda0314f6f203b258565f','Delete Data, Insert Row','',NULL,'2.0.2'),('1','karabfak','db/db.changelog-1.23-Release.xml','2021-06-03 16:03:22',1084,'EXECUTED','3:3a019d5a70ec80e332ae31880a8b2a2a','Add Column (x2)','',NULL,'2.0.2'),('1','karabfak','db/db.changelog-1.24-Release.xml','2021-06-03 16:03:24',1126,'EXECUTED','3:a48d5db303b12ef46a5d65ffb5f45232','Create Index (x6)','',NULL,'2.0.2'),('1','karabfak','db/db.changelog-1.25-Release.xml','2021-06-03 16:03:25',1151,'EXECUTED','3:2e419c1d62076b39d21019fb082a16ab','Drop Column, Add Column','',NULL,'2.0.2'),('1','karabfak','db/db.changelog-1.27-Release.xml','2021-06-03 16:03:28',1281,'EXECUTED','3:a18f844296bc1e07c5da0fc0795b7269','Insert Row (x2)','',NULL,'2.0.2'),('1','karabfak','db/db.changelog-1.28-Release.xml','2021-06-03 16:03:31',1336,'EXECUTED','3:ca3d5a73e27ce96302e3d791b06b848c','Create Index','',NULL,'2.0.2'),('1','karabfak','db/db.changelog-1.29-Release.xml','2021-06-03 16:03:34',1411,'EXECUTED','3:75ee3e6971200c67c7f434cac2fb7346','Modify data type','',NULL,'2.0.2'),('1','karabfak','db/db.changelog-1.4-Release.xml','2021-06-03 16:02:48',368,'EXECUTED','3:0e79ec22522a3c48d8be4c08ac058024','Add Column','',NULL,'2.0.2'),('1','karabfak','db/db.changelog-1.6-Release.xml','2021-06-03 16:02:53',448,'EXECUTED','3:4e20153e042067d31fc3b035aebedb6f','Add Column','',NULL,'2.0.2'),('1','karabfak','db/db.changelog-1.7-Release.xml','2021-06-08 17:05:08',2499,'EXECUTED','3:55189be473b5bf915f5c2b1b04e1ad54','Add Column','',NULL,'2.0.2'),('1','karabfak','db/db.changelog-1.9-Release.xml','2021-06-03 16:03:01',607,'EXECUTED','3:061c41e4db561249ea8e120d1126bfd9','Insert Row','',NULL,'2.0.2'),('1','khundley','db/db.changelog-2013-05-Release.xml','2021-06-03 16:02:23',165,'EXECUTED','3:7d26bd72f28b89d0075f99d0a06ed836','Create Index, Add Column','',NULL,'2.0.2'),('1.10-001','qvanegeren','db/db.changelog-1.10-Release.xml','2021-06-03 16:03:03',651,'EXECUTED','3:2804057d4c340ba32641ade87a90416c','Create Table','',NULL,'2.0.2'),('1.10-005','qvanegeren','db/db.changelog-1.10-Release.xml','2021-06-03 16:03:04',657,'EXECUTED','3:5de68971f553c1e71b0aeda893a76c16','Add Column','',NULL,'2.0.2'),('1.10-006','khundley','db/db.changelog-1.10-Release.xml','2021-06-03 16:03:05',658,'EXECUTED','3:9830d253437ba986261e1cd69b628261','Add Column','',NULL,'2.0.2'),('1.10-007','khundley','db/db.changelog-1.10-Release.xml','2021-06-03 16:03:05',659,'EXECUTED','3:191234559539b51163580229152fe7cc','Add Column','',NULL,'2.0.2'),('1.10-008','qvanegeren','db/db.changelog-1.10-Release.xml','2021-06-03 16:03:05',660,'EXECUTED','3:dabea1d9a0014a98073da72d11e2d464','Create Table','',NULL,'2.0.2'),('1.10-009','qvanegeren','db/db.changelog-1.10-Release.xml','2021-06-03 16:03:05',661,'EXECUTED','3:1a1229d38986cf3119bbfe4407ef2808','Add Foreign Key Constraint','',NULL,'2.0.2'),('1.10-010','khundley','db/db.changelog-1.10-Release.xml','2021-06-03 16:03:05',663,'EXECUTED','3:7c634928c371f6266efd46c8d476bda7','Add Column','',NULL,'2.0.2'),('1.10-010','qvanegeren','db/db.changelog-1.10-Release.xml','2021-06-03 16:03:05',662,'EXECUTED','3:cce759bc52cdf2b4673c9049a3127c1c','Insert Row','',NULL,'2.0.2'),('1.10-011','khundley','db/db.changelog-1.10-Release.xml','2021-06-03 16:03:05',666,'EXECUTED','3:6dd73ab61836c03186bd0526c1cf6164','Insert Row','',NULL,'2.0.2'),('1.10-011','qvanegeren','db/db.changelog-1.10-Release.xml','2021-06-03 16:03:05',664,'EXECUTED','3:2b5b72c0fa0146e6411e20f513e607e8','Add Column','',NULL,'2.0.2'),('1.10-012','khundley','db/db.changelog-1.10-Release.xml','2021-06-03 16:03:05',667,'EXECUTED','3:6f52f0dd80c05eeeb933d7afc665dcc9','Create Table','',NULL,'2.0.2'),('1.10-012','qvanegeren','db/db.changelog-1.10-Release.xml','2021-06-03 16:03:05',665,'EXECUTED','3:577a1e563a595afa27f6ffefa742726f','Insert Row','',NULL,'2.0.2'),('1.10-013','qvanegeren','db/db.changelog-1.10-Release.xml','2021-06-03 16:03:05',670,'EXECUTED','3:8f6e211ccebb64db84efe4d719817a5b','Add Column','',NULL,'2.0.2'),('1.10-014','qvanegeren','db/db.changelog-1.10-Release.xml','2021-06-03 16:03:05',671,'EXECUTED','3:3ffb13b6ca4a6a1bb6869276d58606a0','Custom SQL','',NULL,'2.0.2'),('1.10-015','qvanegeren','db/db.changelog-1.10-Release.xml','2021-06-03 16:03:05',672,'EXECUTED','3:f22cb30c634a1da5b90b02c463c85a8f','Insert Row','',NULL,'2.0.2'),('1.10-1','khundley','db/db.changelog-1.10-Release.xml','2021-06-03 16:03:03',652,'EXECUTED','3:a1c3efd3735fe49bf3198ba056539382','Add Column','',NULL,'2.0.2'),('1.10-2','khundley','db/db.changelog-1.10-Release.xml','2021-06-03 16:03:03',653,'EXECUTED','3:724419f03928513aee973eaa37779ef3','Insert Row (x3)','',NULL,'2.0.2'),('1.10-3','khundley','db/db.changelog-1.10-Release.xml','2021-06-03 16:03:03',654,'EXECUTED','3:bcbcf82838978e402af27077e026acf6','Add Column','',NULL,'2.0.2'),('1.10-4','khundley','db/db.changelog-1.10-Release.xml','2021-06-03 16:03:04',656,'EXECUTED','3:35f2b03a4e79a49b050d4496035bb933','Add Column','',NULL,'2.0.2'),('1.10-4','qvanegeren','db/db.changelog-1.10-Release.xml','2021-06-03 16:03:03',655,'EXECUTED','3:b14060cc0c6dfe2b0cc70b913dbfc8f6','Insert Row','',NULL,'2.0.2'),('1.11-001','bstegman','db/db.changelog-1.11-Release.xml','2021-06-03 16:03:06',690,'EXECUTED','3:33a1f342870dae6243716b5d0fa9a727','Insert Row','',NULL,'2.0.2'),('1.11-001','qvanegeren','db/db.changelog-1.11-Release.xml','2021-06-03 16:03:05',673,'EXECUTED','3:fae9373a950109161d4fc75935180bc8','Insert Row','',NULL,'2.0.2'),('1.11-002','khundley','db/db.changelog-1.11-Release.xml','2021-06-03 16:03:05',674,'EXECUTED','3:d91f81960b16e09d2b37ee7b3f52ca94','Create Table','',NULL,'2.0.2'),('1.11-002','qvanegeren','db/db.changelog-1.11-Release.xml','2021-06-03 16:03:05',675,'EXECUTED','3:d2f7a8b705f028809ad6b71e95f4fa40','Insert Row','',NULL,'2.0.2'),('1.11-003','qvanegeren','db/db.changelog-1.11-Release.xml','2021-06-03 16:03:05',676,'EXECUTED','3:84827db9a58a50a4071c19f2a59c76b8','Insert Row','',NULL,'2.0.2'),('1.11-004','qvanegeren','db/db.changelog-1.11-Release.xml','2021-06-03 16:03:05',677,'EXECUTED','3:6c436a361e71d226ff2b7e664d16a52f','Create Table','',NULL,'2.0.2'),('1.11-005','qvanegeren','db/db.changelog-1.11-Release.xml','2021-06-03 16:03:05',678,'EXECUTED','3:151e05c471a81f09a93d3db27ec63324','Create Table','',NULL,'2.0.2'),('1.11-006','qvanegeren','db/db.changelog-1.11-Release.xml','2021-06-03 16:03:06',679,'EXECUTED','3:9feee3eb8eb56e755f5046405914d5bf','Add Foreign Key Constraint (x2)','',NULL,'2.0.2'),('1.11-007','khundley','db/db.changelog-1.11-Release.xml','2021-06-03 16:03:06',680,'EXECUTED','3:8fa07733a08ce0a2f021c223efa6a411','Add Column','',NULL,'2.0.2'),('1.11-008','khundley','db/db.changelog-1.11-Release.xml','2021-06-03 16:03:06',682,'EXECUTED','3:9170370a860c006bdcb885efd4461311','Create Table','',NULL,'2.0.2'),('1.11-009','khundley','db/db.changelog-1.11-Release.xml','2021-06-03 16:03:06',683,'EXECUTED','3:810b39c61f0f5710b8b25ba9a08cdfcb','Drop Column (x2), Add Column','',NULL,'2.0.2'),('1.11-010','khundley','db/db.changelog-1.11-Release.xml','2021-06-03 16:03:06',684,'EXECUTED','3:d85e048e0aad740a7fb11fa798930331','Add Column','',NULL,'2.0.2'),('1.11-011','khundley','db/db.changelog-1.11-Release.xml','2021-06-03 16:03:06',685,'EXECUTED','3:38b27562a0eb1a26a5a182dbb0dc0a6f','Add Column','',NULL,'2.0.2'),('1.11-012','khundley','db/db.changelog-1.11-Release.xml','2021-06-03 16:03:06',686,'EXECUTED','3:18d52f977cb4894d4681a1f26cfa27f2','Insert Row','',NULL,'2.0.2'),('1.11-013','khundley','db/db.changelog-1.11-Release.xml','2021-06-03 16:03:06',688,'EXECUTED','3:c0b795d5c6a662ba293da47e55d85260','Insert Row','',NULL,'2.0.2'),('1.11-013','qvanegeren','db/db.changelog-1.11-Release.xml','2021-06-03 16:03:06',687,'EXECUTED','3:84227e24ecd14bd855616d34671ceaea','Add Column (x2)','',NULL,'2.0.2'),('1.11-014','khundley','db/db.changelog-1.11-Release.xml','2021-06-03 16:03:06',689,'EXECUTED','3:14b9a88dda66b9ccb9aeef89cddd6d0e','Add Column','',NULL,'2.0.2'),('1.11-015','jpigg','db/db.changelog-1.11-Release.xml','2021-06-03 16:03:06',691,'EXECUTED','3:e024723c74dadd83bcd33dd9bf5d8e80','Create Table','',NULL,'2.0.2'),('1.11-016','jpigg','db/db.changelog-1.11-Release.xml','2021-06-03 16:03:06',692,'EXECUTED','3:10ac8fba681d0b1d917abf19b75db2b6','Add Column','',NULL,'2.0.2'),('1.11-017','jpigg','db/db.changelog-1.11-Release.xml','2021-06-03 16:03:06',693,'EXECUTED','3:6cb1a4fa660b081d42d8803ba01e252f','Custom SQL','',NULL,'2.0.2'),('1.11-018','jpigg','db/db.changelog-1.11-Release.xml','2021-06-03 16:03:06',694,'EXECUTED','3:0bf06af9f3e94b2c715cc10a760ad63d','Custom SQL','',NULL,'2.0.2'),('1.11-019','qvanegeren','db/db.changelog-1.11-Release.xml','2021-06-03 16:03:06',695,'EXECUTED','3:9eac9bd2cbf16c9b48bff61e945214c1','Custom SQL','',NULL,'2.0.2'),('1.11-020','khundley','db/db.changelog-1.11-Release.xml','2021-06-03 16:03:06',699,'EXECUTED','3:27d0d59536ea06b729a0f1adce4c2da0','Create Index','',NULL,'2.0.2'),('1.11-020','qvanegeren','db/db.changelog-1.11-Release.xml','2021-06-03 16:03:06',698,'EXECUTED','3:dda1f1b5dfe513597081179569afa5ea','Insert Row','',NULL,'2.0.2'),('1.11-021','khundley','db/db.changelog-1.11-Release.xml','2021-06-03 16:03:07',700,'EXECUTED','3:1fe59306f1ffc93825daefd7f6889007','Create Index','',NULL,'2.0.2'),('1.11-022','jpigg','db/db.changelog-1.11-Release.xml','2021-06-03 16:03:07',701,'EXECUTED','3:a423426354756f76ce5f4295f69ab07f','Insert Row','',NULL,'2.0.2'),('1.11-023','jpigg','db/db.changelog-1.11-Release.xml','2021-06-03 16:03:07',702,'EXECUTED','3:07ef04ff50cf928311144ca0685cf561','Add Column','',NULL,'2.0.2'),('1.11-025','qvanegeren','db/db.changelog-1.11-Release.xml','2021-06-03 16:03:07',703,'EXECUTED','3:6df9e8593593b460c496daa2e634ced4','Insert Row (x3)','',NULL,'2.0.2'),('1.11-026','khundley','db/db.changelog-1.11-Release.xml','2021-06-03 16:03:07',709,'EXECUTED','3:3d9328929f82949991422cf4dd9d9e39','Insert Row','',NULL,'2.0.2'),('1.11-026','qvanegeren','db/db.changelog-1.11-Release.xml','2021-06-03 16:03:07',704,'EXECUTED','3:f7a87eef948ccc59a67600bf4998cde5','Add Column','',NULL,'2.0.2'),('1.11-027','khundley','db/db.changelog-1.11-Release.xml','2021-06-03 16:03:07',710,'EXECUTED','3:b74e4123d21a1e12899e9180e9f4e6f3','Add Column','',NULL,'2.0.2'),('1.11-027','qvanegeren','db/db.changelog-1.11-Release.xml','2021-06-03 16:03:07',705,'EXECUTED','3:bdfaae7ba2f52b0a00eec0260b1636f7','Custom SQL','',NULL,'2.0.2'),('1.11-028','qvanegeren','db/db.changelog-1.11-Release.xml','2021-06-03 16:03:07',706,'EXECUTED','3:5ba922b0a94fc7111d440aab02100d72','Add Column','',NULL,'2.0.2'),('1.11-029','qvanegeren','db/db.changelog-1.11-Release.xml','2021-06-03 16:03:07',707,'EXECUTED','3:3e8363fc181410ebbc12b01346708116','Custom SQL (x2)','',NULL,'2.0.2'),('1.11-030','qvanegeren','db/db.changelog-1.11-Release.xml','2021-06-03 16:03:07',708,'EXECUTED','3:cd581ee3fad310435d6524d0ab042436','Drop Column','',NULL,'2.0.2'),('1.11-031','qvanegeren','db/db.changelog-1.11-Release.xml','2021-06-03 16:03:07',711,'EXECUTED','3:34f7ae6b3783c123900b0fc4a501eeb3','Custom SQL','',NULL,'2.0.2'),('1.11-032','qvanegeren','db/db.changelog-1.11-Release.xml','2021-06-03 16:03:07',712,'EXECUTED','3:e08883619bcf92e4ee56e420a864fcbe','Custom SQL','',NULL,'2.0.2'),('1.11-033','qvanegeren','db/db.changelog-1.11-Release.xml','2021-06-03 16:03:07',713,'EXECUTED','3:779636b0287d1694768a2d551951ba7e','Custom SQL','',NULL,'2.0.2'),('1.12-001','brianstegman','db/db.changelog-1.12-Release.xml','2021-06-03 16:03:07',716,'EXECUTED','3:e3ec2f21035f61ae37d1b04f5165b73f','Create Table','',NULL,'2.0.2'),('1.12-001','khundley','db/db.changelog-1.12-Release.xml','2021-06-03 16:03:07',714,'EXECUTED','3:d18f5b57b6a99e5ab856eda1083ea11a','Insert Row','',NULL,'2.0.2'),('1.12-001','qvanegeren','db/db.changelog-1.12-Release.xml','2021-06-03 16:03:07',719,'EXECUTED','3:c58fd732d280f6edc53203514a9b3940','Create Table','',NULL,'2.0.2'),('1.12-002','brianstegman','db/db.changelog-1.12-Release.xml','2021-06-03 16:03:07',717,'EXECUTED','3:811c00f6b909f79952faf9be3dce16ba','Create Table','',NULL,'2.0.2'),('1.12-002','khundley','db/db.changelog-1.12-Release.xml','2021-06-03 16:03:07',715,'EXECUTED','3:3ed0a3fe2c53f695fbf3aef8ea0eedee','Insert Row, Custom SQL','',NULL,'2.0.2'),('1.12-002','qvanegeren','db/db.changelog-1.12-Release.xml','2021-06-03 16:03:08',720,'EXECUTED','3:5aa15c7dc260d8d29ebdf4ef8a00b19b','Add Foreign Key Constraint','',NULL,'2.0.2'),('1.12-003','brianstegman','db/db.changelog-1.12-Release.xml','2021-06-03 16:03:07',718,'EXECUTED','3:59234d09298e2ba52210e3706b1505a8','Insert Row (x17)','',NULL,'2.0.2'),('1.12-003','qvanegeren','db/db.changelog-1.12-Release.xml','2021-06-03 16:03:08',721,'EXECUTED','3:ab69e5964e5b6f5da53154e20fb789cc','Add Column','',NULL,'2.0.2'),('1.12-004','brianstegman','db/db.changelog-1.12-Release.xml','2021-06-03 16:03:09',739,'EXECUTED','3:4c791fe7f3d98564a3d3a3cb593f0a7a','Insert Row','',NULL,'2.0.2'),('1.12-004','qvanegeren','db/db.changelog-1.12-Release.xml','2021-06-03 16:03:08',722,'EXECUTED','3:fb28fb7cbbae388bf5b55e56d00d4db3','Add Foreign Key Constraint','',NULL,'2.0.2'),('1.12-005','qvanegeren','db/db.changelog-1.12-Release.xml','2021-06-03 16:03:08',723,'EXECUTED','3:ac5c56fdfdf6e5d09f6b4284c5ecc2b6','Custom SQL','',NULL,'2.0.2'),('1.12-006','qvanegeren','db/db.changelog-1.12-Release.xml','2021-06-03 16:03:08',724,'EXECUTED','3:3eb33e138a2d71fae80f43737aa44ad1','Custom SQL','',NULL,'2.0.2'),('1.12-007','qvanegeren','db/db.changelog-1.12-Release.xml','2021-06-03 16:03:08',725,'EXECUTED','3:651d050476d6779b8f92493b12d7e2dc','Custom SQL','',NULL,'2.0.2'),('1.12-008','qvanegeren','db/db.changelog-1.12-Release.xml','2021-06-03 16:03:08',726,'EXECUTED','3:ee537e5624dbf0b97cf912e7e89e411a','Custom SQL','',NULL,'2.0.2'),('1.12-009','qvanegeren','db/db.changelog-1.12-Release.xml','2021-06-03 16:03:08',727,'EXECUTED','3:4a6d3dce446a123b3013dcaa0553d817','Custom SQL','',NULL,'2.0.2'),('1.12-010','qvanegeren','db/db.changelog-1.12-Release.xml','2021-06-03 16:03:08',728,'EXECUTED','3:91649daac8ecf5839f702218395d5c16','Add Column (x4)','',NULL,'2.0.2'),('1.12-011','khundley','db/db.changelog-1.12-Release.xml','2021-06-03 16:03:08',729,'EXECUTED','3:60a93d1b7374f9195169fa22781efa38','Add Column','',NULL,'2.0.2'),('1.12-011','qvanegeren','db/db.changelog-1.12-Release.xml','2021-06-03 16:03:08',731,'EXECUTED','3:226ea0296c23ddc9902b17a44ba6b0f9','Create Table','',NULL,'2.0.2'),('1.12-012','khundley','db/db.changelog-1.12-Release.xml','2021-06-03 16:03:08',730,'EXECUTED','3:002c821c54d3c6a52e304fb40cc5218f','Add Column','',NULL,'2.0.2'),('1.12-012','qvanegeren','db/db.changelog-1.12-Release.xml','2021-06-03 16:03:08',732,'EXECUTED','3:160f4ee47611e48fbe1c351158ccd828','Create Table','',NULL,'2.0.2'),('1.12-013','qvanegeren','db/db.changelog-1.12-Release.xml','2021-06-03 16:03:08',733,'EXECUTED','3:90dac1bcef2d763eea9b545301dec6ed','Insert Row','',NULL,'2.0.2'),('1.12-014','qvanegeren','db/db.changelog-1.12-Release.xml','2021-06-03 16:03:08',734,'EXECUTED','3:1b6bc680f50c2b1bc3e321823b1d9a68','Insert Row','',NULL,'2.0.2'),('1.12-015','khundley','db/db.changelog-1.12-Release.xml','2021-06-03 16:03:09',735,'EXECUTED','3:047944845bd22198e7b77ca71e818d05','Add Column','',NULL,'2.0.2'),('1.12-015','qvanegeren','db/db.changelog-1.12-Release.xml','2021-06-03 16:03:09',737,'EXECUTED','3:20223dcc6d3dddca774e8af311567dd2','Insert Row','',NULL,'2.0.2'),('1.12-016','khundley','db/db.changelog-1.12-Release.xml','2021-06-03 16:03:09',736,'EXECUTED','3:12fcee64e03e672b86a4765be0d89162','Add Column','',NULL,'2.0.2'),('1.12-016','qvanegeren','db/db.changelog-1.12-Release.xml','2021-06-03 16:03:09',738,'EXECUTED','3:7280dad674a14bb4f161d57df403685c','Custom SQL (x2)','',NULL,'2.0.2'),('1.12-017','khundley','db/db.changelog-1.12-Release.xml','2021-06-03 16:03:09',740,'EXECUTED','3:f2c6e6d138e690abc62b34ee6f235f51','Add Column','',NULL,'2.0.2'),('1.12-017','qvanegeren','db/db.changelog-1.12-Release.xml','2021-06-03 16:03:09',741,'EXECUTED','3:a6ab1482e9294f950529f6dbea24fa16','Create Table','',NULL,'2.0.2'),('1.12-019','khundley','db/db.changelog-1.12-Release.xml','2021-06-03 16:03:09',742,'EXECUTED','3:093dab5e394e4afa2dc6ee27e8d45c07','Custom SQL (x3), Delete Data (x2)','',NULL,'2.0.2'),('1.13-001','qvanegeren','db/db.changelog-1.13-Release.xml','2021-06-03 16:03:09',743,'EXECUTED','3:dcb7019f144171ac0e5781ee841cf981','Insert Row','',NULL,'2.0.2'),('1.13-002','khundley','db/db.changelog-1.13-Release.xml','2021-06-03 16:03:09',744,'EXECUTED','3:dd09b5255912d3b84116b50476d196d2','Add Column','',NULL,'2.0.2'),('1.13-002','qvanegeren','db/db.changelog-1.13-Release.xml','2021-06-03 16:03:09',745,'EXECUTED','3:0e3f21bf575751f53c0f77cdf548a29e','Add Column','',NULL,'2.0.2'),('1.13-003','khundley','db/db.changelog-1.13-Release.xml','2021-06-03 16:03:09',752,'EXECUTED','3:e2b75f00ea0f719420126b09e1d0075c','Insert Row','',NULL,'2.0.2'),('1.13-003','qvanegeren','db/db.changelog-1.13-Release.xml','2021-06-03 16:03:09',746,'EXECUTED','3:1edcdfae32bb9848904cebc5ab567bd1','Custom SQL (x2)','',NULL,'2.0.2'),('1.13-004','khundley','db/db.changelog-1.13-Release.xml','2021-06-03 16:03:09',753,'EXECUTED','3:da4d3d0fb6e1106b899eafa19e6984a6','Add Column','',NULL,'2.0.2'),('1.13-004','qvanegeren','db/db.changelog-1.13-Release.xml','2021-06-03 16:03:09',747,'EXECUTED','3:f3f333b7cc477d1ccd965a3cc85cbb0e','Insert Row','',NULL,'2.0.2'),('1.13-005','qvanegeren','db/db.changelog-1.13-Release.xml','2021-06-03 16:03:09',748,'EXECUTED','3:293340e7c01d2d3655c7735bacc0d824','Add Column','',NULL,'2.0.2'),('1.13-006','qvanegeren','db/db.changelog-1.13-Release.xml','2021-06-03 16:03:09',749,'EXECUTED','3:984b092557e5c2368d546a105b4da6df','Insert Row','',NULL,'2.0.2'),('1.13-007','qvanegeren','db/db.changelog-1.13-Release.xml','2021-06-03 16:03:09',750,'EXECUTED','3:9b6d7bfd8cbd048b06332c72b8145506','Modify data type','',NULL,'2.0.2'),('1.13-008','qvanegeren','db/db.changelog-1.13-Release.xml','2021-06-03 16:03:09',751,'EXECUTED','3:63b445219fcd5658f2224c91d4490e40','Custom SQL','',NULL,'2.0.2'),('1.13-008.1','qvanegeren','db/db.changelog-1.13-Release.xml','2021-06-03 16:03:09',756,'EXECUTED','3:3bc6aa0e7d249e857ff4935dc2754e5d','Custom SQL','',NULL,'2.0.2'),('1.13-009','khundley','db/db.changelog-1.13-Release.xml','2021-06-03 16:03:09',754,'EXECUTED','3:d18f5b57b6a99e5ab856eda1083ea11a','Insert Row','',NULL,'2.0.2'),('1.13-009','qvanegeren','db/db.changelog-1.13-Release.xml','2021-06-03 16:03:09',757,'EXECUTED','3:3a26b9191fadaa8622f0bf620cd0d950','Add Foreign Key Constraint (x2)','',NULL,'2.0.2'),('1.13-010','khundley','db/db.changelog-1.13-Release.xml','2021-06-03 16:03:09',755,'EXECUTED','3:d3603b773d47182c88d86ed0d67c9b76','Insert Row, Custom SQL','',NULL,'2.0.2'),('1.14-001','khundley','db/db.changelog-1.14-Release.xml','2021-06-03 16:03:11',777,'EXECUTED','3:a9f5b7ed3f594d155fd10e55ef914213','Insert Row (x2)','',NULL,'2.0.2'),('1.14-001','qvanegeren','db/db.changelog-1.14-Release.xml','2021-06-03 16:03:10',762,'EXECUTED','3:398d95b2ef266a8a69e891299e9fbf72','Create Table','',NULL,'2.0.2'),('1.14-002','khundley','db/db.changelog-1.14-Release.xml','2021-06-03 16:03:11',778,'EXECUTED','3:601a1fde79d2a4922eea6255c1f0a3ce','Insert Row','',NULL,'2.0.2'),('1.14-002','qvanegeren','db/db.changelog-1.14-Release.xml','2021-06-03 16:03:10',763,'EXECUTED','3:d26d65dd7c82ae12c803b65a03d16d4b','Insert Row','',NULL,'2.0.2'),('1.14-003','khundley','db/db.changelog-1.14-Release.xml','2021-06-03 16:03:11',779,'EXECUTED','3:1d6592bd64d74b8943c5c32309713dda','Add Column','',NULL,'2.0.2'),('1.14-003','qvanegeren','db/db.changelog-1.14-Release.xml','2021-06-03 16:03:10',764,'EXECUTED','3:2dadad1479b4c256daa66c829500036f','Insert Row','',NULL,'2.0.2'),('1.14-004','khundley','db/db.changelog-1.14-Release.xml','2021-06-03 16:03:11',780,'EXECUTED','3:4b8511ce9b2b1b704717121ce5417cd6','Rename Column','',NULL,'2.0.2'),('1.14-004','qvanegeren','db/db.changelog-1.14-Release.xml','2021-06-03 16:03:10',765,'EXECUTED','3:9a5e5ec8de2d41e9abee99a14f6d8f27','Insert Row','',NULL,'2.0.2'),('1.14-005','khundley','db/db.changelog-1.14-Release.xml','2021-06-03 16:03:11',781,'EXECUTED','3:a68f814e038d0ec24641766650f14021','Add Column','',NULL,'2.0.2'),('1.14-005','qvanegeren','db/db.changelog-1.14-Release.xml','2021-06-03 16:03:11',766,'EXECUTED','3:2223746ab93f0d7088933c20aa079b43','Add Column','',NULL,'2.0.2'),('1.14-006','jpigg','db/db.changelog-1.14-Release.xml','2021-06-03 16:03:11',768,'EXECUTED','3:9d09037f643b1ba3e428b8e10efae7ba','Create Table','',NULL,'2.0.2'),('1.14-006','qvanegeren','db/db.changelog-1.14-Release.xml','2021-06-03 16:03:11',767,'EXECUTED','3:539a48d6356ff3eafca821e128167cba','Add Column','',NULL,'2.0.2'),('1.14-007','jpigg','db/db.changelog-1.14-Release.xml','2021-06-03 16:03:11',769,'EXECUTED','3:4c2f2313d3e67c40393218f61e69e33b','Create Table','',NULL,'2.0.2'),('1.14-008','jpigg','db/db.changelog-1.14-Release.xml','2021-06-03 16:03:11',770,'EXECUTED','3:6b2f5c78d72c04345481c95b4a936076','Insert Row (x4)','',NULL,'2.0.2'),('1.14-009','jpigg','db/db.changelog-1.14-Release.xml','2021-06-03 16:03:11',771,'EXECUTED','3:b099bb4e397a4ee7dd28cd2215f24c0c','Insert Row','',NULL,'2.0.2'),('1.14-010','jpigg','db/db.changelog-1.14-Release.xml','2021-06-03 16:03:11',772,'EXECUTED','3:164e9f169eace6d1f7289b4b57b36125','Insert Row','',NULL,'2.0.2'),('1.14-011','jpigg','db/db.changelog-1.14-Release.xml','2021-06-03 16:03:11',773,'EXECUTED','3:aa3ed61c5c1ee5c5ce1b143918c8562b','Insert Row','',NULL,'2.0.2'),('1.14-012','qvanegeren','db/db.changelog-1.14-Release.xml','2021-06-03 16:03:11',774,'EXECUTED','3:e0499cc2d3f3da914485d64e8a43f088','Custom SQL (x2)','',NULL,'2.0.2'),('1.14-013','jpigg','db/db.changelog-1.14-Release.xml','2021-06-03 16:03:11',776,'EXECUTED','3:7b3f8bc694231bbbd4b8782935fcb461','Custom SQL','',NULL,'2.0.2'),('1.14-013','qvanegeren','db/db.changelog-1.14-Release.xml','2021-06-03 16:03:11',775,'EXECUTED','3:216b9bc3f7f03653065a8784015a9706','Add Column','',NULL,'2.0.2'),('1.14-014','jpigg','db/db.changelog-1.14-Release.xml','2021-06-03 16:03:11',782,'EXECUTED','3:b45f9687c9c01200d4e3d0cdfc7b4db9','Insert Row','',NULL,'2.0.2'),('1.14-014','qvanegeren','db/db.changelog-1.14-Release.xml','2021-06-03 16:03:11',790,'EXECUTED','3:b8eba7cba8abb6901e97848fbcef1532','Add Column','',NULL,'2.0.2'),('1.14-015','jpigg','db/db.changelog-1.14-Release.xml','2021-06-03 16:03:11',783,'EXECUTED','3:84ea251389255d0a5652c037aceb17bc','Insert Row','',NULL,'2.0.2'),('1.14-015','qvanegeren','db/db.changelog-1.14-Release.xml','2021-06-03 16:03:11',791,'EXECUTED','3:aada6259432eb8cfb23e56056e64fe78','Add Column','',NULL,'2.0.2'),('1.14-016','jpigg','db/db.changelog-1.14-Release.xml','2021-06-03 16:03:11',784,'EXECUTED','3:88e513c9900f6c8365d7840f41ad7937','Custom SQL','',NULL,'2.0.2'),('1.14-016','qvanegeren','db/db.changelog-1.14-Release.xml','2021-06-03 16:03:11',792,'EXECUTED','3:75497342acf20507c76b6c42fb4a43b0','Custom SQL','',NULL,'2.0.2'),('1.14-017','jpigg','db/db.changelog-1.14-Release.xml','2021-06-03 16:03:11',785,'EXECUTED','3:646ad61ff7acf4b73eb77635f90d486e','Custom SQL','',NULL,'2.0.2'),('1.14-017','qvanegeren','db/db.changelog-1.14-Release.xml','2021-06-03 16:03:11',793,'EXECUTED','3:ec7a6d1550dd651fbf64e77137f9d26e','Custom SQL','',NULL,'2.0.2'),('1.14-018','jpigg','db/db.changelog-1.14-Release.xml','2021-06-03 16:03:11',786,'EXECUTED','3:118e20d08ad0b8db0d6099b9752c7bd1','Insert Row','',NULL,'2.0.2'),('1.15-001','qvanegeren','db/db.changelog-1.15-Release.xml','2021-06-03 16:03:11',794,'EXECUTED','3:9cf0883f3a80d36c9860e0446a811cab','Create Table','',NULL,'2.0.2'),('1.15-002','qvanegeren','db/db.changelog-1.15-Release.xml','2021-06-03 16:03:11',795,'EXECUTED','3:f8a0e880e24199e78616cbe6d274ff03','Create Table','',NULL,'2.0.2'),('1.15-003','qvanegeren','db/db.changelog-1.15-Release.xml','2021-06-03 16:03:11',796,'EXECUTED','3:16d60e24288097a5d0acd7b0604e7b50','Add Column','',NULL,'2.0.2'),('1.15-004','qvanegeren','db/db.changelog-1.15-Release.xml','2021-06-03 16:03:11',797,'EXECUTED','3:d25d5dc3e8e6c16595708cd5e5e60421','Insert Row','',NULL,'2.0.2'),('1.15-005','qvanegeren','db/db.changelog-1.15-Release.xml','2021-06-03 16:03:11',798,'EXECUTED','3:d60e21b69206b73e399b4a348f068bcb','Create Table','',NULL,'2.0.2'),('1.15-006','qvanegeren','db/db.changelog-1.15-Release.xml','2021-06-03 16:03:12',799,'EXECUTED','3:798478b249b200a7a549d0070d12e60a','Add Column','',NULL,'2.0.2'),('1.15-007','qvanegeren','db/db.changelog-1.15-Release.xml','2021-06-03 16:03:12',800,'EXECUTED','3:c402bd793d144dad53200e6cb7299b54','Add Column','',NULL,'2.0.2'),('1.15-009','qvanegeren','db/db.changelog-1.15-Release.xml','2021-06-03 16:03:12',802,'EXECUTED','3:950fab64879bf6a27c37152c381c101b','Rename Column','',NULL,'2.0.2'),('1.15-010','qvanegeren','db/db.changelog-1.15-Release.xml','2021-06-03 16:03:12',803,'EXECUTED','3:01f929baa99720e5488b225902555cb4','Custom SQL','',NULL,'2.0.2'),('1.15-011','qvanegeren','db/db.changelog-1.15-Release.xml','2021-06-03 16:03:12',804,'EXECUTED','3:44b1279cde4adf1fc1e1e84206fe29bc','Drop Column (x3)','',NULL,'2.0.2'),('1.15-012','qvanegeren','db/db.changelog-1.15-Release.xml','2021-06-03 16:03:12',805,'EXECUTED','3:f3f7dbe936ec463fa75400c3249a04c6','Insert Row','',NULL,'2.0.2'),('1.15-013','qvanegeren','db/db.changelog-1.15-Release.xml','2021-06-03 16:03:12',806,'EXECUTED','3:af575dd4f78c8763759c4d8f2fa8a1f6','Create Table','',NULL,'2.0.2'),('1.15-014','qvanegeren','db/db.changelog-1.15-Release.xml','2021-06-03 16:03:12',807,'EXECUTED','3:9f991c1e03d40b39f15e094ea7e50643','Insert Row','',NULL,'2.0.2'),('1.15-015','qvanegeren','db/db.changelog-1.15-Release.xml','2021-06-03 16:03:12',808,'EXECUTED','3:8469fac77bacab10f4a2d75a5d7229b4','Add Foreign Key Constraint','',NULL,'2.0.2'),('1.16-001','qvanegeren','db/db.changelog-1.16-Release.xml','2021-06-03 16:03:15',828,'EXECUTED','3:d9c26d4d090a09531b6fdd3596b1c286','Add Column','',NULL,'2.0.2'),('1.16-002','qvanegeren','db/db.changelog-1.16-Release.xml','2021-06-03 16:03:15',834,'EXECUTED','3:7de34b3b0471beb7e41631431c890015','Create Table','',NULL,'2.0.2'),('1.16-003','qvanegeren','db/db.changelog-1.16-Release.xml','2021-06-03 16:03:15',835,'EXECUTED','3:2aebb97f0b2f37def621c83f227850a5','Custom SQL','',NULL,'2.0.2'),('1.16-004','qvanegeren','db/db.changelog-1.16-Release.xml','2021-06-03 16:03:15',836,'EXECUTED','3:ba60016371909e01b75aef9419ea9dcf','Drop Column (x6)','',NULL,'2.0.2'),('1.16-005','qvanegeren','db/db.changelog-1.16-Release.xml','2021-06-03 16:03:15',838,'EXECUTED','3:22a7703c3d24ee6a10dd9a4691a996fa','Custom SQL','',NULL,'2.0.2'),('1.16-006','qvanegeren','db/db.changelog-1.16-Release.xml','2021-06-03 16:03:15',839,'EXECUTED','3:f444dedb4bc7962e623f0ec4b868276b','Custom SQL','',NULL,'2.0.2'),('1.16-007','qvanegeren','db/db.changelog-1.16-Release.xml','2021-06-03 16:03:15',842,'EXECUTED','3:891a92438f50b54cd4cba4e5cb89c898','Custom SQL','',NULL,'2.0.2'),('1.16-008','qvanegeren','db/db.changelog-1.16-Release.xml','2021-06-03 16:03:15',843,'EXECUTED','3:4f2f58a6f622dc90aa491c7e6fad83eb','Custom SQL','',NULL,'2.0.2'),('1.16-1','khundley','db/db.changelog-1.16-Release.xml','2021-06-03 16:03:14',825,'EXECUTED','3:847f6decba26b1589bd4cf572e82f205','Create Table','',NULL,'2.0.2'),('1.16-2','khundley','db/db.changelog-1.16-Release.xml','2021-06-03 16:03:15',826,'EXECUTED','3:9eee426d6488a9d42bb51f0896fb9935','Add Column','',NULL,'2.0.2'),('1.16-3','khundley','db/db.changelog-1.16-Release.xml','2021-06-03 16:03:15',827,'EXECUTED','3:e5cdb2954e064961ec46fbb455869b21','Add Column','',NULL,'2.0.2'),('1.16-4','khundley','db/db.changelog-1.16-Release.xml','2021-06-03 16:03:15',829,'EXECUTED','3:7cd95e8756dad71d820fc1b33547a95e','Add Column','',NULL,'2.0.2'),('1.16-5','khundley','db/db.changelog-1.16-Release.xml','2021-06-03 16:03:15',830,'EXECUTED','3:a7d739523a9827c99bf1ec17490848b2','Custom SQL','',NULL,'2.0.2'),('1.17-001','qvanegeren','db/db.changelog-1.17-Release.xml','2021-06-03 16:03:15',846,'EXECUTED','3:e8c738fa394e3eaaa366c7313b0d3ca1','Insert Row','',NULL,'2.0.2'),('1.17-002','qvanegeren','db/db.changelog-1.17-Release.xml','2021-06-03 16:03:15',847,'EXECUTED','3:b20c88dff944c63f92d4412fb8094d48','Create Table','',NULL,'2.0.2'),('1.17-003','qvanegeren','db/db.changelog-1.17-Release.xml','2021-06-03 16:03:15',848,'EXECUTED','3:79cbee639e3c6a259fc13c99be08b9b4','Add Foreign Key Constraint','',NULL,'2.0.2'),('1.17-004','qvanegeren','db/db.changelog-1.17-Release.xml','2021-06-03 16:03:15',849,'EXECUTED','3:a8ed4adcadecfe4f460b03642aa98a74','Add Column','',NULL,'2.0.2'),('1.17-005','khundley','db/db.changelog-1.17-Release.xml','2021-06-03 16:03:16',853,'EXECUTED','3:6559fbdd7267c261135af20044eb6def','Insert Row','',NULL,'2.0.2'),('1.17-005','qvanegeren','db/db.changelog-1.17-Release.xml','2021-06-03 16:03:15',850,'EXECUTED','3:8405f14df1e91ffc02dde097fd58b4f9','Create Table','',NULL,'2.0.2'),('1.17-006','khundley','db/db.changelog-1.17-Release.xml','2021-06-03 16:03:16',854,'EXECUTED','3:c234c769106eb27422093543a6ca3dcf','Insert Row','',NULL,'2.0.2'),('1.17-006','qvanegeren','db/db.changelog-1.17-Release.xml','2021-06-03 16:03:15',851,'EXECUTED','3:1796695413b0bb7e16ca40a9feba8cd8','Add Column','',NULL,'2.0.2'),('1.17-007','dromero','db/db.changelog-1.17-Release.xml','2021-06-03 16:03:16',855,'EXECUTED','3:0e3a64a898833ef3ead7a42c5f7462e0','Insert Row','',NULL,'2.0.2'),('1.17-007','qvanegeren','db/db.changelog-1.17-Release.xml','2021-06-03 16:03:16',852,'EXECUTED','3:54a51488a7bdbf66ed22091e5abecae6','Add Column','',NULL,'2.0.2'),('1.17-008','dromero','db/db.changelog-1.17-Release.xml','2021-06-03 16:03:16',859,'EXECUTED','3:839cca8dd21db15f8552f200d30fe572','Custom SQL','',NULL,'2.0.2'),('1.17-008','khundley','db/db.changelog-1.17-Release.xml','2021-06-03 16:03:16',858,'EXECUTED','3:7eb06a8baac0c876b95b4e285de7ddc1','Insert Row','',NULL,'2.0.2'),('1.17-008','qvanegeren','db/db.changelog-1.17-Release.xml','2021-06-03 16:03:16',857,'EXECUTED','3:979180201f34cccf68741bcaedef54a3','Insert Row','',NULL,'2.0.2'),('1.17-009','dromero','db/db.changelog-1.17-Release.xml','2021-06-03 16:03:16',867,'EXECUTED','3:856b58147a2893147f95c8027b715570','Insert Row','',NULL,'2.0.2'),('1.17-009','khundley','db/db.changelog-1.17-Release.xml','2021-06-03 16:03:16',872,'EXECUTED','3:4a8c443a95b57defaffbf734bbe1837c','Add Column','',NULL,'2.0.2'),('1.17-009','qvanegeren','db/db.changelog-1.17-Release.xml','2021-06-03 16:03:16',860,'EXECUTED','3:e71d067c2e1c4128dace563b6ea3e02a','Add Column','',NULL,'2.0.2'),('1.17-010','dromero','db/db.changelog-1.17-Release.xml','2021-06-03 16:03:16',868,'EXECUTED','3:2dae21e410bb75ad5ead014384839218','Insert Row','',NULL,'2.0.2'),('1.17-010','khundley','db/db.changelog-1.17-Release.xml','2021-06-03 16:03:16',873,'EXECUTED','3:7de246dec49d4b1ee3400a5519734f45','Insert Row','',NULL,'2.0.2'),('1.17-010','qvanegeren','db/db.changelog-1.17-Release.xml','2021-06-03 16:03:16',864,'EXECUTED','3:62fdac14cb7f5f010bd4f66de837ada7','Drop Column (x4)','',NULL,'2.0.2'),('1.17-011','dromero','db/db.changelog-1.17-Release.xml','2021-06-03 16:03:16',869,'EXECUTED','3:e65f1f9ee43efad4ee16333d88e4d492','Add Column','',NULL,'2.0.2'),('1.17-011','khundley','db/db.changelog-1.17-Release.xml','2021-06-03 16:03:16',874,'EXECUTED','3:0c6487f6eaf2f70e0c645cca276b454e','Add Column','',NULL,'2.0.2'),('1.17-011','qvanegeren','db/db.changelog-1.17-Release.xml','2021-06-03 16:03:16',865,'EXECUTED','3:6eed8f382fdc49f7375793b055e81599','Add Column','',NULL,'2.0.2'),('1.17-012','khundley','db/db.changelog-1.17-Release.xml','2021-06-03 16:03:16',875,'EXECUTED','3:6ae155d516f62221f5246148868fa689','Insert Row','',NULL,'2.0.2'),('1.17-012','qvanegeren','db/db.changelog-1.17-Release.xml','2021-06-03 16:03:16',866,'EXECUTED','3:1ae99382bcf28c04578993cfb2acba1f','Add Column','',NULL,'2.0.2'),('1.17-013','qvanegeren','db/db.changelog-1.17-Release.xml','2021-06-03 16:03:16',876,'EXECUTED','3:29377713f3deca4e4827edde8fdfccf8','Create Table','',NULL,'2.0.2'),('1.17-014','qvanegeren','db/db.changelog-1.17-Release.xml','2021-06-03 16:03:16',877,'EXECUTED','3:7c157c0a26c3aa18b77182a4370046b5','Add Foreign Key Constraint','',NULL,'2.0.2'),('1.17-015','qvanegeren','db/db.changelog-1.17-Release.xml','2021-06-03 16:03:17',878,'EXECUTED','3:dd57585bd39b534605f9f52054ce0bfc','Add Column','',NULL,'2.0.2'),('1.17-016','qvanegeren','db/db.changelog-1.17-Release.xml','2021-06-03 16:03:17',879,'EXECUTED','3:7824c959bc4f89387fba4433d6778ea6','Add Column','',NULL,'2.0.2'),('1.17-017','dromero','db/db.changelog-1.17-Release.xml','2021-06-03 16:03:17',880,'EXECUTED','3:1e1a79c12e01ea7a465c76a02b2d2412','Custom SQL','',NULL,'2.0.2'),('1.17-017','qvanegeren','db/db.changelog-1.17-Release.xml','2021-06-03 16:03:17',881,'EXECUTED','3:6a53ee86b39f85bf6ef541fb4de7bda7','Insert Row','',NULL,'2.0.2'),('1.17-018','qvanegeren','db/db.changelog-1.17-Release.xml','2021-06-03 16:03:17',882,'EXECUTED','3:330f0aa0779b1872a10d083712882302','Custom SQL','',NULL,'2.0.2'),('1.17-019','qvanegeren','db/db.changelog-1.17-Release.xml','2021-06-03 16:03:17',885,'EXECUTED','3:c64c059dbe827118463670db9e72bfb2','Insert Row','',NULL,'2.0.2'),('1.17-020','qvanegeren','db/db.changelog-1.17-Release.xml','2021-06-03 16:03:17',888,'EXECUTED','3:6d6b984485c472c30c34f653a86c53c6','Custom SQL','',NULL,'2.0.2'),('1.17-035','khundley','db/db.changelog-1.17-Release.xml','2021-06-03 16:03:17',886,'EXECUTED','3:8936b5bbf09754ac0f08f9f124821150','Update Data','',NULL,'2.0.2'),('1.17-036','khundley','db/db.changelog-1.17-Release.xml','2021-06-03 16:03:17',887,'EXECUTED','3:dc1eb9f9074bad6bb3d1077d8dd0d2cc','Custom SQL','',NULL,'2.0.2'),('1.18-001','bstegman','db/db.changelog-1.18-Release.xml','2021-06-03 16:03:18',957,'EXECUTED','3:433ff6c536007b090b431ef468d33ba0','Insert Row','',NULL,'2.0.2'),('1.18-001','jsantilli','db/db.changelog-1.18-Release.xml','2021-06-03 16:03:17',912,'EXECUTED','3:14c14f27d11ccbf2c59704ae3827b41b','Insert Row (x2)','',NULL,'2.0.2'),('1.18-001','qvanegeren','db/db.changelog-1.18-Release.xml','2021-06-03 16:03:17',889,'EXECUTED','3:b19032b995f428675bc68d011acc33c3','Create Table','',NULL,'2.0.2'),('1.18-002','jsantilli','db/db.changelog-1.18-Release.xml','2021-06-03 16:03:17',913,'EXECUTED','3:1a795dba6cd742833f7aeccb2fc34ddd','Insert Row (x3)','',NULL,'2.0.2'),('1.18-002','qvanegeren','db/db.changelog-1.18-Release.xml','2021-06-03 16:03:17',890,'EXECUTED','3:b92a4ed0ec66581410a8f68b109ef7db','Create Table','',NULL,'2.0.2'),('1.18-003','jsantilli','db/db.changelog-1.18-Release.xml','2021-06-03 16:03:18',939,'EXECUTED','3:c16ceeee60ca0aa56ff12e2f03207312','Rename Column','',NULL,'2.0.2'),('1.18-003','jsantilli','db/db.changelog-1.19-Release.xml','2021-06-03 16:03:19',992,'EXECUTED','3:68bc9a63ace31aa08689a261ce7a5834','Create Table','',NULL,'2.0.2'),('1.18-003','qvanegeren','db/db.changelog-1.18-Release.xml','2021-06-03 16:03:17',891,'EXECUTED','3:9fac26abcf6446507ac54494615cd38f','Create Table','',NULL,'2.0.2'),('1.18-004','jsantilli','db/db.changelog-1.18-Release.xml','2021-06-03 16:03:18',940,'EXECUTED','3:c33b4d3aa29697d079fd317698c34aa9','Modify data type','',NULL,'2.0.2'),('1.18-004','qvanegeren','db/db.changelog-1.18-Release.xml','2021-06-03 16:03:17',892,'EXECUTED','3:f6103b6452cd0b14a9b601753dc60718','Create Table','',NULL,'2.0.2'),('1.18-005','jsantilli','db/db.changelog-1.18-Release.xml','2021-06-03 16:03:18',955,'EXECUTED','3:02fcafe83511960d2dfe13a401d88637','Rename Column','',NULL,'2.0.2'),('1.18-005','qvanegeren','db/db.changelog-1.18-Release.xml','2021-06-03 16:03:17',893,'EXECUTED','3:0b4201953daff588cafc1449244fd555','Create Table','',NULL,'2.0.2'),('1.18-006','jsantilli','db/db.changelog-1.18-Release.xml','2021-06-03 16:03:18',956,'EXECUTED','3:0c192e74535a3571052e310e718ce321','Add Column','',NULL,'2.0.2'),('1.18-006','qvanegeren','db/db.changelog-1.18-Release.xml','2021-06-03 16:03:17',894,'EXECUTED','3:b67474fe9f3ede73be040997c8e59fd7','Create Table','',NULL,'2.0.2'),('1.18-007','jsantilli','db/db.changelog-1.18-Release.xml','2021-06-03 16:03:19',959,'EXECUTED','3:07443d32b3989a1bf1cc3cfbf3e6f2ee','Drop Not-Null Constraint (x3)','',NULL,'2.0.2'),('1.18-007','qvanegeren','db/db.changelog-1.18-Release.xml','2021-06-03 16:03:17',895,'EXECUTED','3:a10b9a2dbb7f031af8c9581a82ddcaf9','Insert Row','',NULL,'2.0.2'),('1.18-008','jsantilli','db/db.changelog-1.18-Release.xml','2021-06-03 16:03:19',963,'EXECUTED','3:98097b3ea2309b2febe4ea6a5da2d04c','Custom SQL','',NULL,'2.0.2'),('1.18-008','qvanegeren','db/db.changelog-1.18-Release.xml','2021-06-03 16:03:17',896,'EXECUTED','3:7d10a69bba3bd4ebd01eb643a4235bae','Insert Row (x6)','',NULL,'2.0.2'),('1.18-009','jsantilli','db/db.changelog-1.18-Release.xml','2021-06-03 16:03:19',964,'EXECUTED','3:8d923e2cd5c3133d5bd5493387014234','Drop Column','',NULL,'2.0.2'),('1.18-009','qvanegeren','db/db.changelog-1.18-Release.xml','2021-06-03 16:03:17',897,'EXECUTED','3:4371725c51eba42ec9d299c64e9f1d61','Create Table','',NULL,'2.0.2'),('1.18-010','qvanegeren','db/db.changelog-1.18-Release.xml','2021-06-03 16:03:17',898,'EXECUTED','3:ea83787b2286f7c79d5128225810eb06','Create Table','',NULL,'2.0.2'),('1.18-011','dromero','db/db.changelog-1.18-Release.xml','2021-06-03 16:03:17',900,'EXECUTED','3:2a4eb40945c7f3f171839a98e290a989','Insert Row','',NULL,'2.0.2'),('1.18-011','qvanegeren','db/db.changelog-1.18-Release.xml','2021-06-03 16:03:17',906,'EXECUTED','3:d1a7bcb9b1c5f36c07284649861efce6','Create Table','',NULL,'2.0.2'),('1.18-012','dromero','db/db.changelog-1.18-Release.xml','2021-06-03 16:03:17',901,'EXECUTED','3:9b78c73433538d983450958bce90ad0f','Add Column','',NULL,'2.0.2'),('1.18-012','qvanegeren','db/db.changelog-1.18-Release.xml','2021-06-03 16:03:17',907,'EXECUTED','3:174348042eb916b2e3d17014d5a2d338','Rename Column (x2)','',NULL,'2.0.2'),('1.18-013','dromero','db/db.changelog-1.18-Release.xml','2021-06-03 16:03:17',902,'EXECUTED','3:acd3310805588979139d215a4cfc3eb0','Insert Row','',NULL,'2.0.2'),('1.18-013','qvanegeren','db/db.changelog-1.18-Release.xml','2021-06-03 16:03:17',908,'EXECUTED','3:6bc0a030345c64ff18baa4b0fccf3cce','Add Column','',NULL,'2.0.2'),('1.18-014','dromero','db/db.changelog-1.18-Release.xml','2021-06-03 16:03:17',903,'EXECUTED','3:9c5de6566de8cd47367c6d6581f081e6','Custom SQL','',NULL,'2.0.2'),('1.18-014','qvanegeren','db/db.changelog-1.18-Release.xml','2021-06-03 16:03:17',909,'EXECUTED','3:bad88f7aada6bde8b78eda8deb985962','Add Column','',NULL,'2.0.2'),('1.18-015','dromero','db/db.changelog-1.18-Release.xml','2021-06-03 16:03:17',904,'EXECUTED','3:5ae3d0ead6c846509e79d5de571ee58b','Custom SQL','',NULL,'2.0.2'),('1.18-015','qvanegeren','db/db.changelog-1.18-Release.xml','2021-06-03 16:03:17',910,'EXECUTED','3:5a6b31298bee49fb5d944d665015740e','Add Column','',NULL,'2.0.2'),('1.18-016','dromero','db/db.changelog-1.18-Release.xml','2021-06-03 16:03:17',905,'EXECUTED','3:ed2604b268ff68113ef1691a820148d4','Insert Row','',NULL,'2.0.2'),('1.18-016','qvanegeren','db/db.changelog-1.18-Release.xml','2021-06-03 16:03:17',911,'EXECUTED','3:a398652ff41f0f01d356d70dfefb13d6','Add Column','',NULL,'2.0.2'),('1.18-017','dromero','db/db.changelog-1.18-Release.xml','2021-06-03 16:03:17',926,'EXECUTED','3:b366225d794fadc5f309aad62aa200d5','Insert Row','',NULL,'2.0.2'),('1.18-017','qvanegeren','db/db.changelog-1.18-Release.xml','2021-06-03 16:03:17',914,'EXECUTED','3:50f682f5287b81dca95cbd76b1022f3c','Create Table','',NULL,'2.0.2'),('1.18-018','dromero','db/db.changelog-1.18-Release.xml','2021-06-03 16:03:17',927,'EXECUTED','3:b950d7a63ecd8a2fa1ae16e69b912e10','Insert Row','',NULL,'2.0.2'),('1.18-018','qvanegeren','db/db.changelog-1.18-Release.xml','2021-06-03 16:03:17',915,'EXECUTED','3:d8c5e87c692a41f67f55536c6d104423','Insert Row (x3)','',NULL,'2.0.2'),('1.18-019','dromero','db/db.changelog-1.18-Release.xml','2021-06-03 16:03:18',928,'EXECUTED','3:63340a70156045a8d0453f58cbe47e78','Add Column','',NULL,'2.0.2'),('1.18-019','khundley','db/db.changelog-1.18-Release.xml','2021-06-03 16:03:17',923,'EXECUTED','3:d24bde321ef2f4aa439e9530c0bfee88','Custom SQL','',NULL,'2.0.2'),('1.18-019','qvanegeren','db/db.changelog-1.18-Release.xml','2021-06-03 16:03:17',916,'EXECUTED','3:eec7a1b174d1a62073eaf42192d446b0','Custom SQL','',NULL,'2.0.2'),('1.18-020','dromero','db/db.changelog-1.18-Release.xml','2021-06-03 16:03:18',929,'EXECUTED','3:1d70de26d01dd528ef0698cbc1cfd4e1','Custom SQL','',NULL,'2.0.2'),('1.18-020','khundley','db/db.changelog-1.18-Release.xml','2021-06-03 16:03:17',924,'EXECUTED','3:c1f91e4cfcc1df0b858aacf494444300','Delete Data','',NULL,'2.0.2'),('1.18-020','qvanegeren','db/db.changelog-1.18-Release.xml','2021-06-03 16:03:17',917,'EXECUTED','3:a05c3c85e05f03b9f199e3407e674697','Create Table','',NULL,'2.0.2'),('1.18-021','dromero','db/db.changelog-1.18-Release.xml','2021-06-03 16:03:18',942,'EXECUTED','3:9e179caafb13667ef627c3140fddcb72','Insert Row','',NULL,'2.0.2'),('1.18-021','khundley','db/db.changelog-1.18-Release.xml','2021-06-03 16:03:17',925,'EXECUTED','3:de0d7509da45d43e16a800b12ed6f005','Insert Row','',NULL,'2.0.2'),('1.18-021','qvanegeren','db/db.changelog-1.18-Release.xml','2021-06-03 16:03:17',918,'EXECUTED','3:3c64afcb605bd3221fa8f31e1118c771','Add Column','',NULL,'2.0.2'),('1.18-022','dromero','db/db.changelog-1.18-Release.xml','2021-06-03 16:03:18',943,'EXECUTED','3:e12dc868b0b5ef14ae4b0e1f47b40cd4','Add Column','',NULL,'2.0.2'),('1.18-022','khundley','db/db.changelog-1.18-Release.xml','2021-06-03 16:03:18',941,'EXECUTED','3:39fa0845801d7f3c73981ca30b8ed5c9','Insert Row','',NULL,'2.0.2'),('1.18-022','qvanegeren','db/db.changelog-1.18-Release.xml','2021-06-03 16:03:17',919,'EXECUTED','3:1e44d5bb3012fd6899f673506d53d0b3','Rename Column','',NULL,'2.0.2'),('1.18-023','dromero','db/db.changelog-1.18-Release.xml','2021-06-03 16:03:18',944,'EXECUTED','3:1f7957098d8b4199e3bdd1d8b22a5270','Custom SQL','',NULL,'2.0.2'),('1.18-023','qvanegeren','db/db.changelog-1.18-Release.xml','2021-06-03 16:03:17',920,'EXECUTED','3:af14e3caa270028ba778fe0c3611b048','Rename Table','',NULL,'2.0.2'),('1.18-024','dromero','db/db.changelog-1.18-Release.xml','2021-06-03 16:03:18',952,'EXECUTED','3:5dd020b08bb54cbbdba7201a6b035fa2','Add Column','',NULL,'2.0.2'),('1.18-024','qvanegeren','db/db.changelog-1.18-Release.xml','2021-06-03 16:03:17',921,'EXECUTED','3:d0f937cb351a738dd1bdb509a07d9aeb','Rename Column','',NULL,'2.0.2'),('1.18-025','qvanegeren','db/db.changelog-1.18-Release.xml','2021-06-03 16:03:18',930,'EXECUTED','3:01bccf488f7df088e9aa280c4ecfd025','Insert Row','',NULL,'2.0.2'),('1.18-026','qvanegeren','db/db.changelog-1.18-Release.xml','2021-06-03 16:03:18',931,'EXECUTED','3:e1cf0c3e869e1222b86930f44982a968','Add Column','',NULL,'2.0.2'),('1.18-027','qvanegeren','db/db.changelog-1.18-Release.xml','2021-06-03 16:03:18',932,'EXECUTED','3:7d5744a28e085915c082194c694b331b','Insert Row','',NULL,'2.0.2'),('1.18-028','qvanegeren','db/db.changelog-1.18-Release.xml','2021-06-03 16:03:18',933,'EXECUTED','3:dd31932e7907265dd148786a2edfb3a1','Custom SQL','',NULL,'2.0.2'),('1.18-029','qvanegeren','db/db.changelog-1.18-Release.xml','2021-06-03 16:03:18',934,'EXECUTED','3:f87d51540a5d400f5055d528ab8e1e40','Custom SQL','',NULL,'2.0.2'),('1.18-030','qvanegeren','db/db.changelog-1.18-Release.xml','2021-06-03 16:03:18',935,'EXECUTED','3:240cd802c581417efe3576154ad20f61','Custom SQL','',NULL,'2.0.2'),('1.18-031','qvanegeren','db/db.changelog-1.18-Release.xml','2021-06-03 16:03:18',936,'EXECUTED','3:a789fbafcbb4073711b4a954efb19c2c','Drop Not-Null Constraint','',NULL,'2.0.2'),('1.18-032','qvanegeren','db/db.changelog-1.18-Release.xml','2021-06-03 16:03:18',937,'EXECUTED','3:961fc5efb4d3fd096b9c8040688b6538','Drop Not-Null Constraint','',NULL,'2.0.2'),('1.18-033','qvanegeren','db/db.changelog-1.18-Release.xml','2021-06-03 16:03:18',938,'EXECUTED','3:e69bd42994cd7a227dd77217c2da5264','Drop Not-Null Constraint','',NULL,'2.0.2'),('1.18-034','qvanegeren','db/db.changelog-1.18-Release.xml','2021-06-03 16:03:18',945,'EXECUTED','3:921802a734bae3abcb21524370cad7ec','Drop Not-Null Constraint','',NULL,'2.0.2'),('1.18-035','khundley','db/db.changelog-1.18-Release.xml','2021-06-03 16:03:18',958,'EXECUTED','3:9ac2f1efa18ec971d0ecefdf9372d6c4','Insert Row','',NULL,'2.0.2'),('1.18-035','qvanegeren','db/db.changelog-1.18-Release.xml','2021-06-03 16:03:18',950,'EXECUTED','3:abc6f18e8041073e3f82c1caded0be36','Add Column','',NULL,'2.0.2'),('1.18-036','qvanegeren','db/db.changelog-1.18-Release.xml','2021-06-03 16:03:18',951,'EXECUTED','3:726770715a9814660881cad86b3cbbe3','Modify data type','',NULL,'2.0.2'),('1.18-037','qvanegeren','db/db.changelog-1.18-Release.xml','2021-06-03 16:03:18',953,'EXECUTED','3:bb4d49c336c850fc57e1e0f3f4550333','Custom SQL','',NULL,'2.0.2'),('1.18-038','qvanegeren','db/db.changelog-1.18-Release.xml','2021-06-03 16:03:18',954,'EXECUTED','3:19da290891104688ec2275a3c9d6c860','Insert Row','',NULL,'2.0.2'),('1.18-039','qvanegeren','db/db.changelog-1.18-Release.xml','2021-06-03 16:03:19',960,'EXECUTED','3:527e7429e9eaa41408cb544ccbdaf509','Add Column','',NULL,'2.0.2'),('1.18-040','qvanegeren','db/db.changelog-1.18-Release.xml','2021-06-03 16:03:19',961,'EXECUTED','3:8123a4afaf0f3104554ef6e5b34f5c71','Add Column','',NULL,'2.0.2'),('1.18-041','qvanegeren','db/db.changelog-1.18-Release.xml','2021-06-03 16:03:19',962,'EXECUTED','3:da08a29a8b5f0d3e87af3ca80277df99','Drop Not-Null Constraint (x2)','',NULL,'2.0.2'),('1.18-1','jpigg','db/db.changelog-1.18-Release.xml','2021-06-03 16:03:17',899,'EXECUTED','3:a5bf76a0c9a57d71599bfb5e26f02cff','Custom SQL','',NULL,'2.0.2'),('1.18-2','jpigg','db/db.changelog-1.18-Release.xml','2021-06-03 16:03:17',922,'EXECUTED','3:2de238d75ef9d95b0edf94bc55df9b7a','Create Index','',NULL,'2.0.2'),('1.18-3','jpigg','db/db.changelog-1.18-Release.xml','2021-06-03 16:03:18',946,'EXECUTED','3:be53325b8563f7aa8530f6c67f3d90d6','Add Column (x2)','',NULL,'2.0.2'),('1.18-4','jpigg','db/db.changelog-1.18-Release.xml','2021-06-03 16:03:18',947,'EXECUTED','3:a92678e3a64c74a8972f5600b4c6f2f5','Custom SQL','',NULL,'2.0.2'),('1.18-5','jpigg','db/db.changelog-1.18-Release.xml','2021-06-03 16:03:18',948,'EXECUTED','3:7a43c19e71dfb16cd85a403a22999768','Add Column','',NULL,'2.0.2'),('1.18-6','jpigg','db/db.changelog-1.18-Release.xml','2021-06-03 16:03:19',965,'EXECUTED','3:f942b440a32318f6c3a10a3467914736','Custom SQL','',NULL,'2.0.2'),('1.19-001','jsantilli','db/db.changelog-1.19-Release.xml','2021-06-03 16:03:19',972,'EXECUTED','3:04267a2e6977297cb13c13a3bbc7fa5c','Add Column','',NULL,'2.0.2'),('1.19-001','qvanegeren','db/db.changelog-1.19-Release.xml','2021-06-03 16:03:19',969,'EXECUTED','3:5c76cc549ace21d3f1841464e7778a7d','Drop Not-Null Constraint (x2)','',NULL,'2.0.2'),('1.19-002','dromero','db/db.changelog-1.19-Release.xml','2021-06-03 16:03:19',971,'EXECUTED','3:f10397f8127c900980eaca671df6f76a','Insert Row','',NULL,'2.0.2'),('1.19-002','jsantilli','db/db.changelog-1.19-Release.xml','2021-06-03 16:03:19',978,'EXECUTED','3:05f95bfa93fd79508bd51151397705b3','Delete Data','',NULL,'2.0.2'),('1.19-002','qvanegeren','db/db.changelog-1.19-Release.xml','2021-06-03 16:03:19',970,'EXECUTED','3:447f3278ca2c0f2fe3cdb8a0001c051d','Drop Not-Null Constraint (x2)','',NULL,'2.0.2'),('1.19-003','qvanegeren','db/db.changelog-1.19-Release.xml','2021-06-03 16:03:19',977,'EXECUTED','3:fe5d93ee299473594c6cd128c715b60e','Drop Not-Null Constraint','',NULL,'2.0.2'),('1.19-004','jsantilli','db/db.changelog-1.19-Release.xml','2021-06-03 16:03:19',998,'EXECUTED','3:b2901dd02391283dc3af443f1ba8ccfa','Modify data type','',NULL,'2.0.2'),('1.19-004','qvanegeren','db/db.changelog-1.19-Release.xml','2021-06-03 16:03:19',979,'EXECUTED','3:e44482ccdde19134c395055fa2c9bcf0','Create Table','',NULL,'2.0.2'),('1.19-005','jsantilli','db/db.changelog-1.19-Release.xml','2021-06-03 16:03:19',999,'EXECUTED','3:b6d7e9fe1c8398a3f1988b712bd9f1f5','Modify data type','',NULL,'2.0.2'),('1.19-005','khundley','db/db.changelog-1.19-Release.xml','2021-06-03 16:03:19',983,'EXECUTED','3:f001a0186803775a4f2bb82b5c49cba2','Create Index','',NULL,'2.0.2'),('1.19-005','qvanegeren','db/db.changelog-1.19-Release.xml','2021-06-03 16:03:19',980,'EXECUTED','3:ec47216f754b655ef0284e809410160f','Add Column','',NULL,'2.0.2'),('1.19-006','jsantilli','db/db.changelog-1.19-Release.xml','2021-06-03 16:03:19',1000,'EXECUTED','3:d80b3bc01b1a380dd630371318f13cb2','Modify data type','',NULL,'2.0.2'),('1.19-006','khundley','db/db.changelog-1.19-Release.xml','2021-06-03 16:03:19',990,'EXECUTED','3:be21e4afacee2caa9321e12e9a1d932e','Create Index','',NULL,'2.0.2'),('1.19-006','qvanegeren','db/db.changelog-1.19-Release.xml','2021-06-03 16:03:19',981,'EXECUTED','3:6ec07571ae021ba71ea3009ac6b049e2','Add Column','',NULL,'2.0.2'),('1.19-007','khundley','db/db.changelog-1.19-Release.xml','2021-06-03 16:03:19',991,'EXECUTED','3:2f31dc25caf88d370051b8613d46db2f','Update Data','',NULL,'2.0.2'),('1.19-007','qvanegeren','db/db.changelog-1.19-Release.xml','2021-06-03 16:03:19',982,'EXECUTED','3:7c984d7827ee43fc860959b3c53c9529','Insert Row','',NULL,'2.0.2'),('1.19-017','qvanegeren','db/db.changelog-1.19-Release.xml','2021-06-03 16:03:19',996,'EXECUTED','3:9e14927ca166fd844d4b8f08df37d183','Custom SQL (x4)','',NULL,'2.0.2'),('1.19-018','qvanegeren','db/db.changelog-1.19-Release.xml','2021-06-03 16:03:19',997,'EXECUTED','3:f3a0053fd1bf98acb1b4953695da603b','Modify data type','',NULL,'2.0.2'),('1.19-021','khundley','db/db.changelog-1.19-Release.xml','2021-06-03 16:03:20',1001,'EXECUTED','3:4f7285081dfd1f37d2e8c6266a1d65c0','Add Column','',NULL,'2.0.2'),('1.19-1','jpigg','db/db.changelog-1.19-Release.xml','2021-06-03 16:03:19',973,'EXECUTED','3:589c72435f488f3f0655b2859cb81635','Create Table','',NULL,'2.0.2'),('1.19-2','jpigg','db/db.changelog-1.19-Release.xml','2021-06-03 16:03:19',974,'EXECUTED','3:bf1d16d85178f3c7bf2de3f10f0d387f','Create Table','',NULL,'2.0.2'),('1.19-3','jpigg','db/db.changelog-1.19-Release.xml','2021-06-03 16:03:19',975,'EXECUTED','3:1360b72902c2a9dca43657dbf50f6aa6','Custom SQL','',NULL,'2.0.2'),('1.19-4','jpigg','db/db.changelog-1.19-Release.xml','2021-06-03 16:03:19',976,'EXECUTED','3:4d58ce23e468c27586c3fe4d2716d21c','Custom SQL','',NULL,'2.0.2'),('1.19-5','jpigg','db/db.changelog-1.19-Release.xml','2021-06-03 16:03:20',1002,'EXECUTED','3:d5c57139b410573969c813a419db55d7','Custom SQL','',NULL,'2.0.2'),('1.20-001','jsantilli','db/db.changelog-1.20-Release.xml','2021-06-03 16:03:20',1006,'EXECUTED','3:3af67c4f7d393aa16a96f4de7b9e2014','Insert Row','',NULL,'2.0.2'),('1.20-001','qvanegeren','db/db.changelog-1.20-Release.xml','2021-06-03 16:03:20',1003,'EXECUTED','3:ab2846ff51333bba2c9673011f9387b0','Add Column','',NULL,'2.0.2'),('1.20-002','jsantilli','db/db.changelog-1.20-Release.xml','2021-06-03 16:03:20',1007,'EXECUTED','3:fc966a17a1db321ee616e3bfacf4eba7','Update Data','',NULL,'2.0.2'),('1.20-002','qvanegeren','db/db.changelog-1.20-Release.xml','2021-06-03 16:03:20',1004,'EXECUTED','3:488f1bcc387767dc826fd7dd38952bfc','Insert Row','',NULL,'2.0.2'),('1.20-003','jsantilli','db/db.changelog-1.20-Release.xml','2021-06-03 16:03:20',1008,'EXECUTED','3:399a03dd1d0bf2f310a22d1c4a0c4704','Insert Row','',NULL,'2.0.2'),('1.20-003','khundley','db/db.changelog-1.20-Release.xml','2021-06-03 16:03:20',1005,'EXECUTED','3:6228c12fd460e99a2b649ace75faf3ca','Create Index','',NULL,'2.0.2'),('1.20-003','qvanegeren','db/db.changelog-1.20-Release.xml','2021-06-03 16:03:20',1009,'EXECUTED','3:9d23d23e5fd8d6b17b52f2e2ea6cfec9','Insert Row','',NULL,'2.0.2'),('1.20-004','jsantilli','db/db.changelog-1.20-Release.xml','2021-06-03 16:03:20',1015,'EXECUTED','3:577bff4ad2aeb59ced27a8baf7c2e091','Add Column','',NULL,'2.0.2'),('1.20-004','qvanegeren','db/db.changelog-1.20-Release.xml','2021-06-03 16:03:20',1010,'EXECUTED','3:a74e03e91a5718e80eabd53fc0486313','Insert Row','',NULL,'2.0.2'),('1.20-005','jsantilli','db/db.changelog-1.20-Release.xml','2021-06-03 16:03:20',1016,'EXECUTED','3:69db5f6dff5febc0ec20b134eaac1aac','Add Column','',NULL,'2.0.2'),('1.20-005','qvanegeren','db/db.changelog-1.20-Release.xml','2021-06-03 16:03:20',1011,'EXECUTED','3:503aae172c358f98828177cb541e698e','Create Table','',NULL,'2.0.2'),('1.20-006','jsantilli','db/db.changelog-1.20-Release.xml','2021-06-03 16:03:20',1017,'EXECUTED','3:080c2d33cf353109cce15d9bc37f920d','Drop Not-Null Constraint','',NULL,'2.0.2'),('1.20-006','qvanegeren','db/db.changelog-1.20-Release.xml','2021-06-03 16:03:20',1012,'EXECUTED','3:ed0f675029d884b5e3e2b4e819257ebf','Add Column','',NULL,'2.0.2'),('1.20-007','qvanegeren','db/db.changelog-1.20-Release.xml','2021-06-03 16:03:20',1013,'EXECUTED','3:db5f1c533d5625cc84382625c1b02370','Custom SQL','',NULL,'2.0.2'),('1.20-008','qvanegeren','db/db.changelog-1.20-Release.xml','2021-06-03 16:03:20',1014,'EXECUTED','3:d9fdc22c786e816b0d95319e4c787c00','Insert Row','',NULL,'2.0.2'),('1.20-009','qvanegeren','db/db.changelog-1.20-Release.xml','2021-06-03 16:03:20',1018,'EXECUTED','3:66a6556c432ac8ad527b4611dc49bd0e','Modify data type','',NULL,'2.0.2'),('1.21-001','jsantilli','db/db.changelog-1.21-Release.xml','2021-06-03 16:03:20',1027,'EXECUTED','3:2cbd0535361e0c065ee2f7dc8fc8bda5','Create Table','',NULL,'2.0.2'),('1.21-001','khundley','db/db.changelog-1.21-Release.xml','2021-06-03 16:03:20',1020,'EXECUTED','3:aa745bb06af401bd5728e84abe736fa4','Add Column','',NULL,'2.0.2'),('1.21-001','qvanegeren','db/db.changelog-1.21-Release.xml','2021-06-03 16:03:20',1021,'EXECUTED','3:2438c4b5fc9d9c95d31b8b8214ce558c','Insert Row','',NULL,'2.0.2'),('1.21-002','jsantilli','db/db.changelog-1.21-Release.xml','2021-06-03 16:03:20',1028,'EXECUTED','3:4e0e12118ce0c4d2ac33bdb101056827','Create Table','',NULL,'2.0.2'),('1.21-002','qvanegeren','db/db.changelog-1.21-Release.xml','2021-06-03 16:03:20',1022,'EXECUTED','3:20f72a7d73c1571b5385bf24a2cd35cc','Create Table','',NULL,'2.0.2'),('1.21-003','jsantilli','db/db.changelog-1.21-Release.xml','2021-06-03 16:03:20',1029,'EXECUTED','3:0649b84d37ac5d15f28082b092ceb1ac','Add Column','',NULL,'2.0.2'),('1.21-003','khundley','db/db.changelog-1.21-Release.xml','2021-06-03 16:03:20',1023,'EXECUTED','3:217d1bfae505856964aaca1f464d0efc','Add Column','',NULL,'2.0.2'),('1.21-003','qvanegeren','db/db.changelog-1.21-Release.xml','2021-06-03 16:03:21',1039,'EXECUTED','3:975b81cd059655c55b8efe3665e17e9c','Insert Row','',NULL,'2.0.2'),('1.21-004','jsantilli','db/db.changelog-1.21-Release.xml','2021-06-03 16:03:20',1030,'EXECUTED','3:268afbfe702c5a179e3234d11d7c2d7f','Insert Row, Custom SQL','',NULL,'2.0.2'),('1.21-004','khundley','db/db.changelog-1.21-Release.xml','2021-06-03 16:03:20',1024,'EXECUTED','3:c038fbc253b320522e846523b5d00d05','Custom SQL','',NULL,'2.0.2'),('1.21-004','qvanegeren','db/db.changelog-1.21-Release.xml','2021-06-03 16:03:21',1040,'EXECUTED','3:3263541d32d182e5387ae74d2b537b23','Rename Column','',NULL,'2.0.2'),('1.21-005','jsantilli','db/db.changelog-1.21-Release.xml','2021-06-03 16:03:20',1031,'EXECUTED','3:11a78129e9fdb525f43fe0e453824fef','Modify data type','',NULL,'2.0.2'),('1.21-005','khundley','db/db.changelog-1.21-Release.xml','2021-06-03 16:03:20',1025,'EXECUTED','3:103d21d536a45a6631ee7eeb84d320bc','Delete Data','',NULL,'2.0.2'),('1.21-005','qvanegeren','db/db.changelog-1.21-Release.xml','2021-06-03 16:03:21',1041,'EXECUTED','3:f059aec237346029925f471d5b4d44a6','Add Column','',NULL,'2.0.2'),('1.21-006','jsantilli','db/db.changelog-1.21-Release.xml','2021-06-03 16:03:21',1045,'EXECUTED','3:84ada0a4d5f5cb9e03af18ae965b295d','Update Data','',NULL,'2.0.2'),('1.21-006','qvanegeren','db/db.changelog-1.21-Release.xml','2021-06-03 16:03:21',1042,'EXECUTED','3:59036684201e8c4989fc94b4fc0411ae','Add Column','',NULL,'2.0.2'),('1.21-007','jsantilli','db/db.changelog-1.21-Release.xml','2021-06-03 16:03:21',1046,'EXECUTED','3:a67ef6f1595eb6b67160615ab2893131','Modify data type','',NULL,'2.0.2'),('1.21-007','qvanegeren','db/db.changelog-1.21-Release.xml','2021-06-03 16:03:21',1043,'EXECUTED','3:35261edc1a319505e72aa8dbf634a2d9','Add Column','',NULL,'2.0.2'),('1.21-008','jsantilli','db/db.changelog-1.21-Release.xml','2021-06-03 16:03:21',1051,'EXECUTED','3:931f06360356c5374af85c7408b87e09','Modify data type','',NULL,'2.0.2'),('1.21-008','qvanegeren','db/db.changelog-1.21-Release.xml','2021-06-03 16:03:21',1044,'EXECUTED','3:d9b089f5a6b1735e5f5612801a2dca03','Add Column','',NULL,'2.0.2'),('1.21-009','jsantilli','db/db.changelog-1.21-Release.xml','2021-06-03 16:03:21',1052,'EXECUTED','3:e3e7eab6793bb1dc1b2bdf1b4c3f0830','Insert Row','',NULL,'2.0.2'),('1.21-009','qvanegeren','db/db.changelog-1.21-Release.xml','2021-06-03 16:03:21',1047,'EXECUTED','3:7b6414c66926540c53d53ee266e820eb','Custom SQL','',NULL,'2.0.2'),('1.21-010','jsantilli','db/db.changelog-1.21-Release.xml','2021-06-03 16:03:21',1053,'EXECUTED','3:846ab4a310070633ca033ff983e0e3b0','Rename Column (x2)','',NULL,'2.0.2'),('1.21-010','qvanegeren','db/db.changelog-1.21-Release.xml','2021-06-03 16:03:21',1048,'EXECUTED','3:fd13dc310095c7eee07327540766d9b1','Add Column','',NULL,'2.0.2'),('1.21-011','qvanegeren','db/db.changelog-1.21-Release.xml','2021-06-03 16:03:21',1049,'EXECUTED','3:e904361158d3c15bb535a53a69010db7','Insert Row','',NULL,'2.0.2'),('1.21-012','qvanegeren','db/db.changelog-1.21-Release.xml','2021-06-03 16:03:21',1050,'EXECUTED','3:d1c0c98ca91b9fd89c353b0108a31aed','Custom SQL','',NULL,'2.0.2'),('1.21-013','khundley','db/db.changelog-1.21-Release.xml','2021-06-03 16:03:21',1054,'EXECUTED','3:68bcd21c2e4a38bb47ede1b029e16b80','Add Column','',NULL,'2.0.2'),('1.21-013','qvanegeren','db/db.changelog-1.21-Release.xml','2021-06-03 16:03:21',1063,'EXECUTED','3:52d14064f6dc4156d2fb8e8806b1a311','Modify data type','',NULL,'2.0.2'),('1.21-014','khundley','db/db.changelog-1.21-Release.xml','2021-06-03 16:03:21',1055,'EXECUTED','3:83e28d28b618dd974a13476c08015edd','Custom SQL','',NULL,'2.0.2'),('1.21-014','qvanegeren','db/db.changelog-1.21-Release.xml','2021-06-03 16:03:21',1064,'EXECUTED','3:564369c8a507ff9a4c4c406369e403f6','Modify data type','',NULL,'2.0.2'),('1.21-015','khundley','db/db.changelog-1.21-Release.xml','2021-06-03 16:03:21',1056,'EXECUTED','3:64a85a1fe53209dfce87e5c4fb148473','Update Data','',NULL,'2.0.2'),('1.21-015','qvanegeren','db/db.changelog-1.21-Release.xml','2021-06-03 16:03:21',1065,'EXECUTED','3:7e32406b5442b84f58c065b64484e5cf','Modify data type','',NULL,'2.0.2'),('1.21-016','khundley','db/db.changelog-1.21-Release.xml','2021-06-03 16:03:21',1057,'EXECUTED','3:e99bb485039800955b8ef0fcb984999b','Update Data','',NULL,'2.0.2'),('1.21-016','qvanegeren','db/db.changelog-1.21-Release.xml','2021-06-03 16:03:21',1066,'EXECUTED','3:50954c44edc5cd055a2a004d1d528efd','Drop Column','',NULL,'2.0.2'),('1.21-017','khundley','db/db.changelog-1.21-Release.xml','2021-06-03 16:03:21',1058,'EXECUTED','3:f998c8bfff6e2f38536f122bd3eda603','Update Data','',NULL,'2.0.2'),('1.21-018','khundley','db/db.changelog-1.21-Release.xml','2021-06-03 16:03:21',1059,'EXECUTED','3:e82a29fcb4777b288c9057bfe699ba3b','Update Data','',NULL,'2.0.2'),('1.21-019','khundley','db/db.changelog-1.21-Release.xml','2021-06-03 16:03:21',1060,'EXECUTED','3:3b7209b8fbc03905046524e65418248f','Update Data','',NULL,'2.0.2'),('1.21-020','khundley','db/db.changelog-1.21-Release.xml','2021-06-03 16:03:21',1061,'EXECUTED','3:e97c93b788b907ba63baf5c284fcf409','Update Data','',NULL,'2.0.2'),('1.21-021','khundley','db/db.changelog-1.21-Release.xml','2021-06-03 16:03:21',1062,'EXECUTED','3:d54d86930e15781cc8017f671e24f829','Update Data','',NULL,'2.0.2'),('1.21-1','jpigg','db/db.changelog-1.21-Release.xml','2021-06-03 16:03:20',1032,'EXECUTED','3:484b149615f67d74d09aaa75ebe1ab4e','Create Table, Custom SQL','',NULL,'2.0.2'),('1.21-2','jpigg','db/db.changelog-1.21-Release.xml','2021-06-03 16:03:21',1033,'EXECUTED','3:500ea05ba8030cbbfcf83c4cf8003780','Add Column','',NULL,'2.0.2'),('1.21-3','jpigg','db/db.changelog-1.21-Release.xml','2021-06-03 16:03:20',1026,'EXECUTED','3:57360b97c46e3d85386e5c3ef217432d','Custom SQL','',NULL,'2.0.2'),('1.22-001','jsantilli','db/db.changelog-1.22-Release.xml','2021-06-03 16:03:21',1073,'EXECUTED','3:7c2c5d2c59cb2fb65c6d3fece411292e','Create Table','',NULL,'2.0.2'),('1.22-001','khundley','db/db.changelog-1.22-Release.xml','2021-06-03 16:03:21',1067,'EXECUTED','3:4be9c593a98e0d116a9b201360effa3e','Insert Row','',NULL,'2.0.2'),('1.22-001','qvanegeren','db/db.changelog-1.22-Release.xml','2021-06-03 16:03:21',1068,'EXECUTED','3:542117bdbe93972a38804ad4952c8c3c','Custom SQL','',NULL,'2.0.2'),('1.22-002','qvanegeren','db/db.changelog-1.22-Release.xml','2021-06-03 16:03:21',1069,'EXECUTED','3:f411e84b125da2e9dfb218409d530206','Create Table','',NULL,'2.0.2'),('1.22-003','qvanegeren','db/db.changelog-1.22-Release.xml','2021-06-03 16:03:21',1070,'EXECUTED','3:0ea20f759188caa855e511107d1b6f83','Insert Row','',NULL,'2.0.2'),('1.22-004','qvanegeren','db/db.changelog-1.22-Release.xml','2021-06-03 16:03:21',1071,'EXECUTED','3:eb6a2f883b449838a51665d075a7a88b','Create Table','',NULL,'2.0.2'),('1.22-005','qvanegeren','db/db.changelog-1.22-Release.xml','2021-06-03 16:03:21',1074,'EXECUTED','3:d18e83a3af780024c330141fbc70aae6','Insert Row','',NULL,'2.0.2'),('1.22-1','jpigg','db/db.changelog-1.22-Release.xml','2021-06-03 16:03:21',1072,'EXECUTED','3:cfb2e5df12e027b12509cb920f82bc91','Insert Row','',NULL,'2.0.2'),('1.23-001','jsantilli','db/db.changelog-1.23-Release.xml','2021-06-03 16:03:22',1082,'EXECUTED','3:8f971f35ad64d1984dfdd5cb329b243a','Add Column','',NULL,'2.0.2'),('1.23-001','khundley','db/db.changelog-1.23-Release.xml','2021-06-03 16:03:21',1078,'EXECUTED','3:e33ae79a82b68096e06f240be8b96321','Insert Row','',NULL,'2.0.2'),('1.23-001','qvanegeren','db/db.changelog-1.23-Release.xml','2021-06-03 16:03:22',1081,'EXECUTED','3:62ff7a8f4b39213cc80b0f88acc3fa49','Custom SQL (x2)','',NULL,'2.0.2'),('1.23-002','jsantilli','db/db.changelog-1.23-Release.xml','2021-06-03 16:03:22',1083,'EXECUTED','3:3f16c855bf6f424b17b218ed06445a98','Add Column','',NULL,'2.0.2'),('1.23-002','khundley','db/db.changelog-1.23-Release.xml','2021-06-03 16:03:21',1079,'EXECUTED','3:808a4ca9b8b51b1da01763e661a1d24a','Create Table','',NULL,'2.0.2'),('1.23-002','qvanegeren','db/db.changelog-1.23-Release.xml','2021-06-03 16:03:22',1088,'EXECUTED','3:ca8b536ddadc2852c4d79284460105f5','Custom SQL','',NULL,'2.0.2'),('1.23-003','khundley','db/db.changelog-1.23-Release.xml','2021-06-03 16:03:23',1092,'EXECUTED','3:1e8cada1d8f7017605f3ba6f4bf9ecf2','Add Column','',NULL,'2.0.2'),('1.23-003','qvanegeren','db/db.changelog-1.23-Release.xml','2021-06-03 16:03:22',1089,'EXECUTED','3:b3a7a2bb467dcd78ee4e8d1baf78dea7','Create Table','',NULL,'2.0.2'),('1.23-004','khundley','db/db.changelog-1.23-Release.xml','2021-06-03 16:03:23',1093,'EXECUTED','3:81fa3199e91fe2c9d7bd65e326447d96','Add Column','',NULL,'2.0.2'),('1.23-004','qvanegeren','db/db.changelog-1.23-Release.xml','2021-06-03 16:03:22',1090,'EXECUTED','3:8e17e61babd4c6f5941c0a21112def0d','Insert Row','',NULL,'2.0.2'),('1.23-005','khundley','db/db.changelog-1.23-Release.xml','2021-06-03 16:03:23',1094,'EXECUTED','3:e3ea793054831d11920b372d346a2ead','Update Data','',NULL,'2.0.2'),('1.23-005','qvanegeren','db/db.changelog-1.23-Release.xml','2021-06-03 16:03:22',1091,'EXECUTED','3:89af9c72e80ce30c3bf08f2e4149392e','Add Column','',NULL,'2.0.2'),('1.23-006','khundley','db/db.changelog-1.23-Release.xml','2021-06-03 16:03:23',1095,'EXECUTED','3:0181c45b407456227be0e2542dba878f','Update Data','',NULL,'2.0.2'),('1.23-006','qvanegeren','db/db.changelog-1.23-Release.xml','2021-06-03 16:03:23',1096,'EXECUTED','3:47a9dcf40e6cf0a6c9227abb47542d2b','Custom SQL','',NULL,'2.0.2'),('1.23-007','qvanegeren','db/db.changelog-1.23-Release.xml','2021-06-03 16:03:23',1097,'EXECUTED','3:966cd83f3a89216d88601140ef114bdc','Custom SQL','',NULL,'2.0.2'),('1.23-008','qvanegeren','db/db.changelog-1.23-Release.xml','2021-06-03 16:03:23',1098,'EXECUTED','3:4b6be6742b322065e272a41268b66f99','Custom SQL (x2)','',NULL,'2.0.2'),('1.23-009','qvanegeren','db/db.changelog-1.23-Release.xml','2021-06-03 16:03:23',1099,'EXECUTED','3:ac0c6f4e7468b2e990768b6f41c94571','Custom SQL','',NULL,'2.0.2'),('1.23-010','qvanegeren','db/db.changelog-1.23-Release.xml','2021-06-03 16:03:23',1102,'EXECUTED','3:8b57adab0e23eabcbd77b5c6b3ba122c','Custom SQL','',NULL,'2.0.2'),('1.23-1','jpigg','db/db.changelog-1.23-Release.xml','2021-06-03 16:03:22',1080,'EXECUTED','3:e9b1d216f57ff5af22ee6cbe58ed7958','Add Column (x2)','',NULL,'2.0.2'),('1.23-2','jpigg','db/db.changelog-1.23-Release.xml','2021-06-03 16:03:22',1087,'EXECUTED','3:092ff632b9a1703d852d95d51c0dda3d','Add Column (x2)','',NULL,'2.0.2'),('1.24-001','jsantilli','db/db.changelog-1.24-Release.xml','2021-06-03 16:03:24',1120,'EXECUTED','3:35cc39f88c5358d71ea9b0388b5ffaa1','Insert Row','',NULL,'2.0.2'),('1.24-001','khundley','db/db.changelog-1.24-Release.xml','2021-06-03 16:03:24',1109,'EXECUTED','3:2fb29ec87822af8f8d7e31c8241a4169','Insert Row','',NULL,'2.0.2'),('1.24-001','qvanegeren','db/db.changelog-1.24-Release.xml','2021-06-03 16:03:24',1108,'EXECUTED','3:8fd185d4339ae047a1c75d871f3c2331','Add Column','',NULL,'2.0.2'),('1.24-002','jsantilli','db/db.changelog-1.24-Release.xml','2021-06-03 16:03:24',1122,'EXECUTED','3:c0d857e33709378f6e59e69236a371be','Add Column','',NULL,'2.0.2'),('1.24-002','khundley','db/db.changelog-1.24-Release.xml','2021-06-03 16:03:24',1110,'EXECUTED','3:28fdc55d4d42fa7c934a90f4a6b4340b','Create Table','',NULL,'2.0.2'),('1.24-002','qvanegeren','db/db.changelog-1.24-Release.xml','2021-06-03 16:03:24',1111,'EXECUTED','3:e6e9f0b06ad31de10d1e3ea0e7459416','Modify data type','',NULL,'2.0.2'),('1.24-003','jsantilli','db/db.changelog-1.24-Release.xml','2021-06-03 16:03:24',1123,'EXECUTED','3:4ffb33224359e46a021d04c5bc3985a0','Custom SQL','',NULL,'2.0.2'),('1.24-003','khundley','db/db.changelog-1.24-Release.xml','2021-06-03 16:03:24',1113,'EXECUTED','3:779d9ff2198cbe28ba3ba3f041fb31f8','Insert Row','',NULL,'2.0.2'),('1.24-003','qvanegeren','db/db.changelog-1.24-Release.xml','2021-06-03 16:03:24',1112,'EXECUTED','3:db160174afccde06febe187782ef46f4','Custom SQL','',NULL,'2.0.2'),('1.24-004','jsantilli','db/db.changelog-1.24-Release.xml','2021-06-03 16:03:24',1124,'EXECUTED','3:2fac7b4cf011c5ae94280d698289cada','Insert Row','',NULL,'2.0.2'),('1.24-004','khundley','db/db.changelog-1.24-Release.xml','2021-06-03 16:03:24',1121,'EXECUTED','3:1e092c9489a0f5678ec8efe322a5bcb4','Create Index','',NULL,'2.0.2'),('1.24-004','qvanegeren','db/db.changelog-1.24-Release.xml','2021-06-03 16:03:24',1114,'EXECUTED','3:eaffce48a3a780ecfb93c47db7c4bf2d','Insert Row','',NULL,'2.0.2'),('1.24-005','khundley','db/db.changelog-1.24-Release.xml','2021-06-03 16:03:24',1125,'EXECUTED','3:ba623bb9a92c610d5012727672c351bc','Insert Row','',NULL,'2.0.2'),('1.24-005','qvanegeren','db/db.changelog-1.24-Release.xml','2021-06-03 16:03:24',1115,'EXECUTED','3:603256f20114cea39649ea7028ce8aec','Add Column','',NULL,'2.0.2'),('1.24-006','qvanegeren','db/db.changelog-1.24-Release.xml','2021-06-03 16:03:24',1116,'EXECUTED','3:10dfb83268573c96761f6df9d3169a27','Add Column','',NULL,'2.0.2'),('1.24-007','qvanegeren','db/db.changelog-1.24-Release.xml','2021-06-03 16:03:24',1117,'EXECUTED','3:2b305e319fb5b107c01aaff3cd399a67','Insert Row','',NULL,'2.0.2'),('1.24-008','qvanegeren','db/db.changelog-1.24-Release.xml','2021-06-03 16:03:24',1118,'EXECUTED','3:3f883c7f275253804178202c6a01cf9d','Insert Row, Custom SQL (x3)','',NULL,'2.0.2'),('1.24-009','qvanegeren','db/db.changelog-1.24-Release.xml','2021-06-03 16:03:24',1119,'EXECUTED','3:10be1bd7284a32734c02403cdca26db6','Insert Row','',NULL,'2.0.2'),('1.25-001','jsantilli','db/db.changelog-1.25-Release.xml','2021-06-03 16:03:24',1127,'EXECUTED','3:7f3b542d635143b49e77790a3a299d99','Insert Row','',NULL,'2.0.2'),('1.25-001','khundley','db/db.changelog-1.25-Release.xml','2021-06-03 16:03:24',1128,'EXECUTED','3:815428d94defbd3aebe9e84716e228e9','Create Table','',NULL,'2.0.2'),('1.25-001','qvanegeren','db/db.changelog-1.25-Release.xml','2021-06-03 16:03:24',1132,'EXECUTED','3:7fd0a4024061256dd16fd6cb0df6ee56','Insert Row','',NULL,'2.0.2'),('1.25-002','jsantilli','db/db.changelog-1.25-Release.xml','2021-06-03 16:03:25',1154,'EXECUTED','3:cc7b50a91e42677ab2371e9b96373949','Modify data type','',NULL,'2.0.2'),('1.25-002','khundley','db/db.changelog-1.25-Release.xml','2021-06-03 16:03:24',1129,'EXECUTED','3:777c5e1700d6945a5e9a2d0a197d2766','Create Index','',NULL,'2.0.2'),('1.25-002','qvanegeren','db/db.changelog-1.25-Release.xml','2021-06-03 16:03:24',1133,'EXECUTED','3:c640192da7b523d1796654797037fd1a','Insert Row (x2)','',NULL,'2.0.2'),('1.25-003','jsantilli','db/db.changelog-1.25-Release.xml','2021-06-03 16:03:25',1155,'EXECUTED','3:2767145c4e0095e15a5c64d836ca399b','Insert Row','',NULL,'2.0.2'),('1.25-003','khundley','db/db.changelog-1.25-Release.xml','2021-06-03 16:03:24',1130,'EXECUTED','3:4b11c828db91ced233f6928fc30c366e','Create Table','',NULL,'2.0.2'),('1.25-003','qvanegeren','db/db.changelog-1.25-Release.xml','2021-06-03 16:03:24',1134,'EXECUTED','3:8d8f80168be204f97174829fd4ca4dfe','Modify data type','',NULL,'2.0.2'),('1.25-004','khundley','db/db.changelog-1.25-Release.xml','2021-06-03 16:03:24',1131,'EXECUTED','3:b1f07a285ab2625880078fb3087afb73','Create Table','',NULL,'2.0.2'),('1.25-004','qvanegeren','db/db.changelog-1.25-Release.xml','2021-06-03 16:03:24',1135,'EXECUTED','3:a2a0328da01c355548560a07557e7661','Insert Row','',NULL,'2.0.2'),('1.25-005','khundley','db/db.changelog-1.25-Release.xml','2021-06-03 16:03:25',1147,'EXECUTED','3:4c183f2d1d8c248f051ebeac0eef97a0','Insert Row','',NULL,'2.0.2'),('1.25-005','qvanegeren','db/db.changelog-1.25-Release.xml','2021-06-03 16:03:24',1136,'EXECUTED','3:a0bc2c501740535934fd012db50fd1e9','Insert Row','',NULL,'2.0.2'),('1.25-006','khundley','db/db.changelog-1.25-Release.xml','2021-06-03 16:03:25',1148,'EXECUTED','3:67326beeec5934d9a1fd69664db53ace','Create Table','',NULL,'2.0.2'),('1.25-006','qvanegeren','db/db.changelog-1.25-Release.xml','2021-06-03 16:03:24',1137,'EXECUTED','3:fd8e3ebaca69403f5860b8d0afd7d31c','Insert Row','',NULL,'2.0.2'),('1.25-008','qvanegeren','db/db.changelog-1.25-Release.xml','2021-06-03 16:03:24',1138,'EXECUTED','3:0981ede4f7550a133194a029490919da','Insert Row','',NULL,'2.0.2'),('1.25-009','qvanegeren','db/db.changelog-1.25-Release.xml','2021-06-03 16:03:24',1139,'EXECUTED','3:a7fa62337e99c3b7d169a1c228e4d98e','Insert Row','',NULL,'2.0.2'),('1.25-010','qvanegeren','db/db.changelog-1.25-Release.xml','2021-06-03 16:03:24',1140,'EXECUTED','3:5625755e83b30f02ad229bac524d3cfb','Insert Row, Custom SQL','',NULL,'2.0.2'),('1.25-011','qvanegeren','db/db.changelog-1.25-Release.xml','2021-06-03 16:03:25',1141,'EXECUTED','3:64fdf24c857007ed23efab66e416a8c0','Insert Row, Custom SQL','',NULL,'2.0.2'),('1.25-012','qvanegeren','db/db.changelog-1.25-Release.xml','2021-06-03 16:03:25',1142,'EXECUTED','3:dddf0768309b065c057d9197e8c355a0','Insert Row, Custom SQL','',NULL,'2.0.2'),('1.25-013','qvanegeren','db/db.changelog-1.25-Release.xml','2021-06-03 16:03:25',1143,'EXECUTED','3:5894914ee8d0884d5612c49162b183d1','Insert Row, Custom SQL','',NULL,'2.0.2'),('1.25-014','qvanegeren','db/db.changelog-1.25-Release.xml','2021-06-03 16:03:25',1144,'EXECUTED','3:e548916efac93e536f615bcf160b9c56','Insert Row, Custom SQL','',NULL,'2.0.2'),('1.25-015','qvanegeren','db/db.changelog-1.25-Release.xml','2021-06-03 16:03:25',1145,'EXECUTED','3:2d978d15caaea65b93b7b9c4f6675145','Insert Row, Custom SQL','',NULL,'2.0.2'),('1.25-016','qvanegeren','db/db.changelog-1.25-Release.xml','2021-06-03 16:03:25',1146,'EXECUTED','3:e91cd72e724079e15a3253445290a173','Custom SQL','',NULL,'2.0.2'),('1.25-017','qvanegeren','db/db.changelog-1.25-Release.xml','2021-06-03 16:03:25',1149,'EXECUTED','3:b664229ebbb31d951a0cf7f653fac176','Insert Row','',NULL,'2.0.2'),('1.25-018','qvanegeren','db/db.changelog-1.25-Release.xml','2021-06-03 16:03:25',1150,'EXECUTED','3:dac76b40fb1de7e7ed4de2f1833f6aff','Add Column','',NULL,'2.0.2'),('1.26-001','bstegman','db/db.changelog-1.26-Release.xml','2021-06-03 16:03:26',1194,'EXECUTED','3:7cddab833649d61a715c4033063a41c6','Insert Row','',NULL,'2.0.2'),('1.26-001','ctandy','db/db.changelog-1.26-Release.xml','2021-06-03 16:03:26',1170,'EXECUTED','3:3052617b671205a6d22258f26cd4032a','Add Column','',NULL,'2.0.2'),('1.26-001','jsantilli','db/db.changelog-1.26-Release.xml','2021-06-03 16:03:26',1177,'EXECUTED','3:4840a4d43bf8e021a77b11cd33f04e57','Insert Row','',NULL,'2.0.2'),('1.26-001','qvanegeren','db/db.changelog-1.26-Release.xml','2021-06-03 16:03:25',1156,'EXECUTED','3:77765a6e01171d77c1a1312329e65ef4','Insert Row','',NULL,'2.0.2'),('1.26-002','ctandy','db/db.changelog-1.26-Release.xml','2021-06-03 16:03:26',1174,'EXECUTED','3:2712194d7a015cbcdaf2acb36ac63ba3','Insert Row','',NULL,'2.0.2'),('1.26-002','jsantilli','db/db.changelog-1.26-Release.xml','2021-06-03 16:03:26',1178,'EXECUTED','3:34849819cd92e7e417e2faace34264d5','Create Table','',NULL,'2.0.2'),('1.26-002','qvanegeren','db/db.changelog-1.26-Release.xml','2021-06-03 16:03:25',1157,'EXECUTED','3:ac31f739c0d047f802c029858dc56ac3','Insert Row','',NULL,'2.0.2'),('1.26-003','ctandy','db/db.changelog-1.26-Release.xml','2021-06-03 16:03:26',1175,'EXECUTED','3:74d17ffe3b96d5de7256b6da46349a06','Insert Row','',NULL,'2.0.2'),('1.26-003','jsantilli','db/db.changelog-1.26-Release.xml','2021-06-03 16:03:26',1179,'EXECUTED','3:c7f1c9e08e43e39a2e4239659becf234','Create Table','',NULL,'2.0.2'),('1.26-003','qvanegeren','db/db.changelog-1.26-Release.xml','2021-06-03 16:03:25',1158,'EXECUTED','3:47ebfca5dff044d662daa86559d75413','Add Column','',NULL,'2.0.2'),('1.26-004','ctandy','db/db.changelog-1.26-Release.xml','2021-06-03 16:03:26',1176,'EXECUTED','3:e2276b7b5bdec97fa68833ae6fc1623a','Add Column (x3)','',NULL,'2.0.2'),('1.26-004','jsantilli','db/db.changelog-1.26-Release.xml','2021-06-03 16:03:26',1180,'EXECUTED','3:bb41205a8f0a1bc512cb6dee2472265d','Insert Row (x26)','',NULL,'2.0.2'),('1.26-004','qvanegeren','db/db.changelog-1.26-Release.xml','2021-06-03 16:03:25',1159,'EXECUTED','3:8824cdde4697a61139e12dae50dadece','Insert Row','',NULL,'2.0.2'),('1.26-005','ctandy','db/db.changelog-1.26-Release.xml','2021-06-03 16:03:26',1191,'EXECUTED','3:e3a55a3332fcb64f01340024a6f5b1fb','Insert Row','',NULL,'2.0.2'),('1.26-005','jsantilli','db/db.changelog-1.26-Release.xml','2021-06-03 16:03:26',1181,'EXECUTED','3:14b91d7d55267a6a5e281b58fc489f87','Insert Row (x8)','',NULL,'2.0.2'),('1.26-005','qvanegeren','db/db.changelog-1.26-Release.xml','2021-06-03 16:03:25',1160,'EXECUTED','3:400311aad006905d0f0bf8d01410da59','Insert Row','',NULL,'2.0.2'),('1.26-006','jsantilli','db/db.changelog-1.26-Release.xml','2021-06-03 16:03:26',1182,'EXECUTED','3:3d3173c116caba9a75ed9eb8286ba5ef','Insert Row (x10)','',NULL,'2.0.2'),('1.26-006','qvanegeren','db/db.changelog-1.26-Release.xml','2021-06-03 16:03:25',1161,'EXECUTED','3:2bd800b198139876c4312aa33569ef8e','Insert Row','',NULL,'2.0.2'),('1.26-007','jsantilli','db/db.changelog-1.26-Release.xml','2021-06-03 16:03:26',1183,'EXECUTED','3:0b07b6a2d44794a744cb4ec497030939','Insert Row (x9)','',NULL,'2.0.2'),('1.26-007','qvanegeren','db/db.changelog-1.26-Release.xml','2021-06-03 16:03:25',1162,'EXECUTED','3:4ef0e7334086c795e61511c77971bde5','Insert Row','',NULL,'2.0.2'),('1.26-008','jsantilli','db/db.changelog-1.26-Release.xml','2021-06-03 16:03:26',1184,'EXECUTED','3:0bd9ea85028e622f45f229a6f8d6e0e2','Insert Row (x8)','',NULL,'2.0.2'),('1.26-008','qvanegeren','db/db.changelog-1.26-Release.xml','2021-06-03 16:03:25',1163,'EXECUTED','3:c67ebcf656a0154d04a3c21de15231db','Insert Row','',NULL,'2.0.2'),('1.26-009','jsantilli','db/db.changelog-1.26-Release.xml','2021-06-03 16:03:26',1185,'EXECUTED','3:faaa43ac5e8775e20ed5290038670602','Insert Row (x6)','',NULL,'2.0.2'),('1.26-009','qvanegeren','db/db.changelog-1.26-Release.xml','2021-06-03 16:03:25',1164,'EXECUTED','3:2cd6f61271f3f9c2896ebc7121de1a49','Insert Row','',NULL,'2.0.2'),('1.26-010','jsantilli','db/db.changelog-1.26-Release.xml','2021-06-03 16:03:26',1186,'EXECUTED','3:0d402d1d74ee8ae0039638a7a8a3e6a1','Insert Row (x16)','',NULL,'2.0.2'),('1.26-010','qvanegeren','db/db.changelog-1.26-Release.xml','2021-06-03 16:03:25',1165,'EXECUTED','3:5044f61ef789ffbddd0302aed682b8c6','Insert Row','',NULL,'2.0.2'),('1.26-011','jsantilli','db/db.changelog-1.26-Release.xml','2021-06-03 16:03:26',1187,'EXECUTED','3:b265129916bb8e677f3e4089616b0506','Custom SQL','',NULL,'2.0.2'),('1.26-011','qvanegeren','db/db.changelog-1.26-Release.xml','2021-06-03 16:03:25',1166,'EXECUTED','3:e5c0b98c20e5406d88630297a264876a','Custom SQL','',NULL,'2.0.2'),('1.26-012','jsantilli','db/db.changelog-1.26-Release.xml','2021-06-03 16:03:26',1189,'EXECUTED','3:ab5f976cd5c952a69737fd56a7f491a8','Custom SQL','',NULL,'2.0.2'),('1.26-012','qvanegeren','db/db.changelog-1.26-Release.xml','2021-06-03 16:03:25',1167,'EXECUTED','3:a88843164efd0b3ea1d059cb0d2e7dee','Custom SQL','',NULL,'2.0.2'),('1.26-013','jsantilli','db/db.changelog-1.26-Release.xml','2021-06-03 16:03:26',1190,'EXECUTED','3:67a0a30eacaabbbc6e31312802dd404e','Custom SQL','',NULL,'2.0.2'),('1.26-013','qvanegeren','db/db.changelog-1.26-Release.xml','2021-06-03 16:03:25',1168,'EXECUTED','3:6d625ecc25ee0e111b17f115ffe0a78c','Custom SQL','',NULL,'2.0.2'),('1.26-014','jsantilli','db/db.changelog-1.26-Release.xml','2021-06-03 16:03:26',1192,'EXECUTED','3:65afe920f58862f0f9408b18d0038eb7','Add Column','',NULL,'2.0.2'),('1.26-014','qvanegeren','db/db.changelog-1.26-Release.xml','2021-06-03 16:03:25',1169,'EXECUTED','3:1b7e5a1dd3d24ea5d70d09cc04cc7f5b','Custom SQL','',NULL,'2.0.2'),('1.26-015','jsantilli','db/db.changelog-1.26-Release.xml','2021-06-03 16:03:26',1193,'EXECUTED','3:5c716d5bc222105926ef88001c40d25f','Custom SQL','',NULL,'2.0.2'),('1.26-015','qvanegeren','db/db.changelog-1.26-Release.xml','2021-06-03 16:03:26',1171,'EXECUTED','3:40d76b59190422a3ce314bf07ba9bf9a','Create Table','',NULL,'2.0.2'),('1.26-016','qvanegeren','db/db.changelog-1.26-Release.xml','2021-06-03 16:03:26',1172,'EXECUTED','3:ac521d5e6dcd45a7056781301667357a','Create Table','',NULL,'2.0.2'),('1.26-017','jsantilli','db/db.changelog-1.26-Release.xml','2021-06-03 16:03:26',1195,'EXECUTED','3:930bf96dfca51a5f2ac2ac7e57a614b6','Custom SQL','',NULL,'2.0.2'),('1.26-017','qvanegeren','db/db.changelog-1.26-Release.xml','2021-06-03 16:03:26',1173,'EXECUTED','3:0e2df35312aa5372b7da7235e7cd834f','Create Table','',NULL,'2.0.2'),('1.26-018','jsantilli','db/db.changelog-1.26-Release.xml','2021-06-03 16:03:26',1196,'EXECUTED','3:fe44f904067942f0173ebe4d5d5aea4a','Custom SQL','',NULL,'2.0.2'),('1.26-018','qvanegeren','db/db.changelog-1.26-Release.xml','2021-06-03 16:03:26',1188,'EXECUTED','3:fd6d512a770b2f3a00d5ed943bacfb74','Add Column','',NULL,'2.0.2'),('1.26-019','jsantilli','db/db.changelog-1.26-Release.xml','2021-06-03 16:03:26',1197,'EXECUTED','3:732be2f13d1c98781d96d6b75fd3c221','Insert Row','',NULL,'2.0.2'),('1.26-020','jsantilli','db/db.changelog-1.26-Release.xml','2021-06-03 16:03:26',1198,'EXECUTED','3:680a210c20432b7afa0e3738889e4bf7','Custom SQL','',NULL,'2.0.2'),('1.27-001','bstegman','db/db.changelog-1.27-Release.xml','2021-06-03 16:03:27',1227,'EXECUTED','3:41942869a9db2eb43a171cb035f907b7','Insert Row','',NULL,'2.0.2'),('1.27-001','ctandy','db/db.changelog-1.27-Release.xml','2021-06-03 16:03:26',1199,'EXECUTED','3:dffe735931d739a493e2e49dde300c41','Add Column (x2)','',NULL,'2.0.2'),('1.27-001','jpigg','db/db.changelog-1.27-Release.xml','2021-06-03 16:03:27',1236,'EXECUTED','3:9fb3d59b97c181114e79aaec866292f1','Insert Row','',NULL,'2.0.2'),('1.27-001','jsantilli','db/db.changelog-1.27-Release.xml','2021-06-03 16:03:27',1205,'EXECUTED','3:acb63fb0f085b3f0d1e6cf1cd4b3500c','Insert Row','',NULL,'2.0.2'),('1.27-001','khundley','db/db.changelog-1.27-Release.xml','2021-06-03 16:03:28',1259,'EXECUTED','3:83310a2dc01efe19559da8f552543f65','Add Column','',NULL,'2.0.2'),('1.27-001','qvanegeren','db/db.changelog-1.27-Release.xml','2021-06-03 16:03:27',1200,'EXECUTED','3:d0efb92e5192b4fd343d544a6cca3165','Add Column','',NULL,'2.0.2'),('1.27-002','bstegman','db/db.changelog-1.27-Release.xml','2021-06-03 16:03:27',1228,'EXECUTED','3:1722436847f2d48abdcefcacea9a58ce','Insert Row','',NULL,'2.0.2'),('1.27-002','ctandy','db/db.changelog-1.27-Release.xml','2021-06-03 16:03:27',1204,'EXECUTED','3:a9f1e16d382fc84805467d1c376bfade','Custom SQL','',NULL,'2.0.2'),('1.27-002','jpigg','db/db.changelog-1.27-Release.xml','2021-06-03 16:03:27',1237,'EXECUTED','3:f8d01f0d0c6137412fa684ed7a27dd23','Custom SQL','',NULL,'2.0.2'),('1.27-002','jsantilli','db/db.changelog-1.27-Release.xml','2021-06-03 16:03:27',1216,'EXECUTED','3:d29f7fa4223e0e82a882147781862394','Insert Row','',NULL,'2.0.2'),('1.27-002','khundley','db/db.changelog-1.27-Release.xml','2021-06-03 16:03:28',1260,'EXECUTED','3:18d57f2d5f9fc0a1f0661ad7337d5545','Insert Row','',NULL,'2.0.2'),('1.27-002','qvanegeren','db/db.changelog-1.27-Release.xml','2021-06-03 16:03:27',1201,'EXECUTED','3:b4400766458afd65376e8aea15611e3c','Create Table','',NULL,'2.0.2'),('1.27-003','bstegman','db/db.changelog-1.27-Release.xml','2021-06-03 16:03:27',1229,'EXECUTED','3:31fb3eedc746bf2b351040d7dec19571','Create Table','',NULL,'2.0.2'),('1.27-003','ctandy','db/db.changelog-1.27-Release.xml','2021-06-03 16:03:27',1234,'EXECUTED','3:58fdda290fddf0afe275ec4f53ccad48','Custom SQL','',NULL,'2.0.2'),('1.27-003','jpigg','db/db.changelog-1.27-Release.xml','2021-06-03 16:03:27',1238,'EXECUTED','3:47c13b54d783eda6c10d6661e4ab191b','Create Table','',NULL,'2.0.2'),('1.27-003','jsantilli','db/db.changelog-1.27-Release.xml','2021-06-03 16:03:27',1217,'EXECUTED','3:fbf0af664ad846d7bddb8a47025c7dab','Custom SQL','',NULL,'2.0.2'),('1.27-003','khundley','db/db.changelog-1.27-Release.xml','2021-06-03 16:03:28',1261,'EXECUTED','3:67a68f4c31a06aad70777ad78c8b78ee','Insert Row, Custom SQL','',NULL,'2.0.2'),('1.27-003','qvanegeren','db/db.changelog-1.27-Release.xml','2021-06-03 16:03:27',1202,'EXECUTED','3:24103ee775dacc7d380fb61eb4f69855','Custom SQL','',NULL,'2.0.2'),('1.27-004','bstegman','db/db.changelog-1.27-Release.xml','2021-06-03 16:03:27',1230,'EXECUTED','3:7f7f2d266bc2f8f9adb5dae38026eba1','Create Table','',NULL,'2.0.2'),('1.27-004','jpigg','db/db.changelog-1.27-Release.xml','2021-06-03 16:03:27',1239,'EXECUTED','3:cc4e909cc57234dbd3b8943b06e0d535','Custom SQL','',NULL,'2.0.2'),('1.27-004','jsantilli','db/db.changelog-1.27-Release.xml','2021-06-03 16:03:27',1218,'EXECUTED','3:81e9d5bd03c8d4e4f92a7f377af248ff','Add Column','',NULL,'2.0.2'),('1.27-004','khundley','db/db.changelog-1.27-Release.xml','2021-06-03 16:03:28',1262,'EXECUTED','3:de418bf917e98acc033779d6a2dec795','Custom SQL','',NULL,'2.0.2'),('1.27-004','qvanegeren','db/db.changelog-1.27-Release.xml','2021-06-03 16:03:27',1203,'EXECUTED','3:d48ae4ed25a38c86d1849bfaf4acd787','Custom SQL','',NULL,'2.0.2'),('1.27-005','bstegman','db/db.changelog-1.27-Release.xml','2021-06-03 16:03:27',1231,'EXECUTED','3:6b80f13387029ad0bd41d4aab5083e37','Create Table','',NULL,'2.0.2'),('1.27-005','jpigg','db/db.changelog-1.27-Release.xml','2021-06-03 16:03:27',1240,'EXECUTED','3:4c884270e7823299c2bf696d3923ddbe','Create Table','',NULL,'2.0.2'),('1.27-005','jsantilli','db/db.changelog-1.27-Release.xml','2021-06-03 16:03:27',1219,'EXECUTED','3:b4725fcbe6073824a40fd4f9b9d09296','Insert Row','',NULL,'2.0.2'),('1.27-005','khundley','db/db.changelog-1.27-Release.xml','2021-06-03 16:03:28',1263,'EXECUTED','3:db7c73b29684a761cc70cd9dd7fd25fc','Add Column','',NULL,'2.0.2'),('1.27-005','qvanegeren','db/db.changelog-1.27-Release.xml','2021-06-03 16:03:27',1206,'EXECUTED','3:38d8a6456026da4f759b86fec1ecbd47','Insert Row','',NULL,'2.0.2'),('1.27-006','bstegman','db/db.changelog-1.27-Release.xml','2021-06-03 16:03:27',1232,'EXECUTED','3:cd75f78b06edbd9fa9fc3980a710eba3','Create Table','',NULL,'2.0.2'),('1.27-006','jpigg','db/db.changelog-1.27-Release.xml','2021-06-03 16:03:27',1241,'EXECUTED','3:81e9ef797d6333416dbcb2d7b61fb475','Custom SQL','',NULL,'2.0.2'),('1.27-006','jsantilli','db/db.changelog-1.27-Release.xml','2021-06-03 16:03:27',1222,'EXECUTED','3:a7f20bc886292b40137e0b330e97e2c4','Insert Row','',NULL,'2.0.2'),('1.27-006','khundley','db/db.changelog-1.27-Release.xml','2021-06-03 16:03:28',1264,'EXECUTED','3:1df3c36a63b1dd6e47997c01c299b0a2','Add Column','',NULL,'2.0.2'),('1.27-006','qvanegeren','db/db.changelog-1.27-Release.xml','2021-06-03 16:03:27',1207,'EXECUTED','3:fa75312f3df7338d7c28b66abd099498','Add Column','',NULL,'2.0.2'),('1.27-007','bstegman','db/db.changelog-1.27-Release.xml','2021-06-03 16:03:27',1233,'EXECUTED','3:1c53593be364e082fbe726cde0ee94c4','Create Index (x9)','',NULL,'2.0.2'),('1.27-007','jpigg','db/db.changelog-1.27-Release.xml','2021-06-03 16:03:27',1242,'EXECUTED','3:ce9ac90eb067ba24bafbad7ce071edcf','Create Table','',NULL,'2.0.2'),('1.27-007','jsantilli','db/db.changelog-1.27-Release.xml','2021-06-03 16:03:28',1265,'EXECUTED','3:68b10703ff1befbfaa90fcf15e9ca822','Add Column','',NULL,'2.0.2'),('1.27-007','khundley','db/db.changelog-1.27-Release.xml','2021-06-03 16:03:28',1270,'EXECUTED','3:28e3a51378cac0475224ded5164fecbc','Custom SQL','',NULL,'2.0.2'),('1.27-007','qvanegeren','db/db.changelog-1.27-Release.xml','2021-06-03 16:03:27',1208,'EXECUTED','3:e87c8c75c931c0f5f988ff97aad9c7b7','Add Column','',NULL,'2.0.2'),('1.27-008','jpigg','db/db.changelog-1.27-Release.xml','2021-06-03 16:03:27',1243,'EXECUTED','3:515bddb827d626485c54b4040dbc09a6','Create Table','',NULL,'2.0.2'),('1.27-008','jsantilli','db/db.changelog-1.27-Release.xml','2021-06-03 16:03:28',1266,'EXECUTED','3:5b2edf764e7028c162e4a49cf4a1f2f6','Insert Row','',NULL,'2.0.2'),('1.27-008','khundley','db/db.changelog-1.27-Release.xml','2021-06-03 16:03:28',1272,'EXECUTED','3:21f821c5aca0ec0fc86314b942922dcf','Custom SQL (x2)','',NULL,'2.0.2'),('1.27-008','qvanegeren','db/db.changelog-1.27-Release.xml','2021-06-03 16:03:27',1209,'EXECUTED','3:2db0e3b64f1e3e947b66de02c0f68417','Create Table','',NULL,'2.0.2'),('1.27-009','jpigg','db/db.changelog-1.27-Release.xml','2021-06-03 16:03:28',1244,'EXECUTED','3:e81c6f32bab4853f9639a8c0ed07bdc9','Create Table','',NULL,'2.0.2'),('1.27-009','jsantilli','db/db.changelog-1.27-Release.xml','2021-06-03 16:03:28',1267,'EXECUTED','3:8ecd698480143739d368d981c075c5ad','Add Column','',NULL,'2.0.2'),('1.27-009','qvanegeren','db/db.changelog-1.27-Release.xml','2021-06-03 16:03:27',1210,'EXECUTED','3:dc6f9491438a8c3c663ee675679099ae','Insert Row','',NULL,'2.0.2'),('1.27-010','jpigg','db/db.changelog-1.27-Release.xml','2021-06-03 16:03:28',1271,'EXECUTED','3:67776a8cd8c80a893217a072b3ff0159','Add Column','',NULL,'2.0.2'),('1.27-010','jsantilli','db/db.changelog-1.27-Release.xml','2021-06-03 16:03:28',1268,'EXECUTED','3:6ca95eae0078e56fb99729bb6266cef4','Add Column','',NULL,'2.0.2'),('1.27-010','qvanegeren','db/db.changelog-1.27-Release.xml','2021-06-03 16:03:27',1211,'EXECUTED','3:1b973268d8ebc1ea7d960c4c724977b2','Custom SQL (x2)','',NULL,'2.0.2'),('1.27-011','qvanegeren','db/db.changelog-1.27-Release.xml','2021-06-03 16:03:27',1212,'EXECUTED','3:59e43c18a2e763bb81975058c5612008','Custom SQL','',NULL,'2.0.2'),('1.27-012','qvanegeren','db/db.changelog-1.27-Release.xml','2021-06-03 16:03:27',1213,'EXECUTED','3:12ced5786d92a499c56934758baccfd3','Custom SQL (x2)','',NULL,'2.0.2'),('1.27-013','qvanegeren','db/db.changelog-1.27-Release.xml','2021-06-03 16:03:27',1214,'EXECUTED','3:a4f3206e5c06502444a89a661f496d7f','Insert Row','',NULL,'2.0.2'),('1.27-014','qvanegeren','db/db.changelog-1.27-Release.xml','2021-06-03 16:03:27',1215,'EXECUTED','3:8d4ad80c65a934256b79ada7ed94212c','Custom SQL','',NULL,'2.0.2'),('1.27-015','jsantilli','db/db.changelog-1.27-Release.xml','2021-06-03 16:03:28',1269,'EXECUTED','3:02ed5f4abedb7a939ec2d600f9d1919a','Add Column','',NULL,'2.0.2'),('1.27-015','qvanegeren','db/db.changelog-1.27-Release.xml','2021-06-03 16:03:27',1220,'EXECUTED','3:cafa1964d3d75b1d11885a525ef6cc0a','Add Column','',NULL,'2.0.2'),('1.27-016','qvanegeren','db/db.changelog-1.27-Release.xml','2021-06-03 16:03:27',1221,'EXECUTED','3:da382793269da78fe439cdee16c0a182','Insert Row','',NULL,'2.0.2'),('1.27-017','jsantilli','db/db.changelog-1.27-Release.xml','2021-06-03 16:03:28',1273,'EXECUTED','3:89ed946011776e39c90814056f1d35b1','Custom SQL (x2)','',NULL,'2.0.2'),('1.27-017','qvanegeren','db/db.changelog-1.27-Release.xml','2021-06-03 16:03:27',1223,'EXECUTED','3:1d190e3bc3103ae746608071450cf2a8','Create Table','',NULL,'2.0.2'),('1.27-018','qvanegeren','db/db.changelog-1.27-Release.xml','2021-06-03 16:03:27',1224,'EXECUTED','3:917223ea6d78fa398ce1865000e1383b','Insert Row (x3)','',NULL,'2.0.2'),('1.27-019','qvanegeren','db/db.changelog-1.27-Release.xml','2021-06-03 16:03:27',1225,'EXECUTED','3:747aabd3fa4d7f1a8f637dca696da355','Create Table','',NULL,'2.0.2'),('1.27-020','qvanegeren','db/db.changelog-1.27-Release.xml','2021-06-03 16:03:27',1226,'EXECUTED','3:6f9bff05efd7d09e359e52b03a45054b','Insert Row','',NULL,'2.0.2'),('1.27-021','qvanegeren','db/db.changelog-1.27-Release.xml','2021-06-03 16:03:27',1235,'EXECUTED','3:40660983eecf98c54be8e0e27dae7ed4','Custom SQL','',NULL,'2.0.2'),('1.27-022','qvanegeren','db/db.changelog-1.27-Release.xml','2021-06-03 16:03:28',1245,'EXECUTED','3:e4736b6c48e61b586d8350fba086705a','Insert Row','',NULL,'2.0.2'),('1.27-023','qvanegeren','db/db.changelog-1.27-Release.xml','2021-06-03 16:03:28',1246,'EXECUTED','3:c2402955fe6f040dc5d16f74dccad6a3','Insert Row','',NULL,'2.0.2'),('1.27-024','qvanegeren','db/db.changelog-1.27-Release.xml','2021-06-03 16:03:28',1247,'EXECUTED','3:6c3dc0ebc9fd09c942d35a2ad2f6e747','Insert Row','',NULL,'2.0.2'),('1.27-025','qvanegeren','db/db.changelog-1.27-Release.xml','2021-06-03 16:03:28',1248,'EXECUTED','3:d174d5ea42ad1ec37961cd09baac38eb','Insert Row','',NULL,'2.0.2'),('1.27-026','qvanegeren','db/db.changelog-1.27-Release.xml','2021-06-03 16:03:28',1249,'EXECUTED','3:945b0913056da6c8965091be64a76772','Custom SQL (x2)','',NULL,'2.0.2'),('1.27-027','qvanegeren','db/db.changelog-1.27-Release.xml','2021-06-03 16:03:28',1250,'EXECUTED','3:ac24014d72d4f5b7e947422bb31d22db','Custom SQL (x2)','',NULL,'2.0.2'),('1.27-028','qvanegeren','db/db.changelog-1.27-Release.xml','2021-06-03 16:03:28',1251,'EXECUTED','3:65c2cad0a55a686ea41d99425aade3f8','Custom SQL (x2)','',NULL,'2.0.2'),('1.27-029','qvanegeren','db/db.changelog-1.27-Release.xml','2021-06-03 16:03:28',1252,'EXECUTED','3:d7e5acac3ead3276b305ccbd3c4b2350','Custom SQL (x2)','',NULL,'2.0.2'),('1.27-030','qvanegeren','db/db.changelog-1.27-Release.xml','2021-06-03 16:03:28',1253,'EXECUTED','3:85e90a97cb3e655f4cd998d20be3fb70','Custom SQL','',NULL,'2.0.2'),('1.27-031','qvanegeren','db/db.changelog-1.27-Release.xml','2021-06-03 16:03:28',1254,'EXECUTED','3:63a68d6263abec55d0e623c2e09fd17d','Custom SQL','',NULL,'2.0.2'),('1.27-032','qvanegeren','db/db.changelog-1.27-Release.xml','2021-06-03 16:03:28',1255,'EXECUTED','3:86919b3ed1bfd75213da1090309f9d79','Custom SQL','',NULL,'2.0.2'),('1.27-033','qvanegeren','db/db.changelog-1.27-Release.xml','2021-06-03 16:03:28',1256,'EXECUTED','3:440f4a5c544443add2d65f1641770f55','Custom SQL','',NULL,'2.0.2'),('1.27-034','qvanegeren','db/db.changelog-1.27-Release.xml','2021-06-03 16:03:28',1257,'EXECUTED','3:8e1c54f9d8d3295a1acb37031d0d1f85','Custom SQL','',NULL,'2.0.2'),('1.27-035','qvanegeren','db/db.changelog-1.27-Release.xml','2021-06-03 16:03:28',1258,'EXECUTED','3:4a533305fff4e5fef4c49565007a3b67','Custom SQL','',NULL,'2.0.2'),('1.27-036','qvanegeren','db/db.changelog-1.27-Release.xml','2021-06-03 16:03:28',1274,'EXECUTED','3:cd3a52d3321a867ca4166a2b61d9481a','Custom SQL','',NULL,'2.0.2'),('1.27-037','qvanegeren','db/db.changelog-1.27-Release.xml','2021-06-03 16:03:28',1275,'EXECUTED','3:3dc33e8e708a2fa81cf3c33a38e9bffa','Custom SQL','',NULL,'2.0.2'),('1.27-038','qvanegeren','db/db.changelog-1.27-Release.xml','2021-06-03 16:03:28',1276,'EXECUTED','3:0a5740255f4b0fbead02a54362075907','Custom SQL','',NULL,'2.0.2'),('1.27-039','qvanegeren','db/db.changelog-1.27-Release.xml','2021-06-03 16:03:28',1277,'EXECUTED','3:529de7dd508dc1295ef697d4f311c80e','Custom SQL','',NULL,'2.0.2'),('1.27-040','qvanegeren','db/db.changelog-1.27-Release.xml','2021-06-03 16:03:28',1278,'EXECUTED','3:319ae082e434727a14cee18221b80571','Custom SQL (x2)','',NULL,'2.0.2'),('1.27-041','qvanegeren','db/db.changelog-1.27-Release.xml','2021-06-03 16:03:28',1279,'EXECUTED','3:917c94789e3167796a5b78ab7994c282','Custom SQL','',NULL,'2.0.2'),('1.27-042','qvanegeren','db/db.changelog-1.27-Release.xml','2021-06-03 16:03:28',1280,'EXECUTED','3:7428ea0e5f010854884a4e79762ba35d','Insert Row','',NULL,'2.0.2'),('1.28-001','ctandy','db/db.changelog-1.28-Release.xml','2021-06-03 16:03:28',1283,'EXECUTED','3:c5effd60402f129b2c4b1ae4a2b30553','Add Column (x2)','',NULL,'2.0.2'),('1.28-001','jsantilli','db/db.changelog-1.28-Release.xml','2021-06-03 16:03:28',1282,'EXECUTED','3:6d4f3a27d72f5f28f8356afcf8595f7b','Insert Row','',NULL,'2.0.2'),('1.28-001','khundley','db/db.changelog-1.28-Release.xml','2021-06-03 16:03:28',1285,'EXECUTED','3:32625633fb40e8574dedb1d2e52dc2dc','Insert Row','',NULL,'2.0.2'),('1.28-002','ctandy','db/db.changelog-1.28-Release.xml','2021-06-03 16:03:28',1289,'EXECUTED','3:b181b868a4729b7e2a976c63389f1145','Create Table, Add Column, Insert Row','',NULL,'2.0.2'),('1.28-002','jsantilli','db/db.changelog-1.28-Release.xml','2021-06-03 16:03:28',1284,'EXECUTED','3:0642d7352f4d93a1f92679a9c727c836','Insert Row','',NULL,'2.0.2'),('1.28-002','khundley','db/db.changelog-1.28-Release.xml','2021-06-03 16:03:28',1286,'EXECUTED','3:a06a1322c9339e6ea557e9ec52b7823d','Add Column','',NULL,'2.0.2'),('1.28-002','qvanegeren','db/db.changelog-1.28-Release.xml','2021-06-03 16:03:28',1291,'EXECUTED','3:9e74fca98d29ce0cc8a2cfb2054932fb','Insert Row','',NULL,'2.0.2'),('1.28-003','ctandy','db/db.changelog-1.28-Release.xml','2021-06-03 16:03:28',1290,'EXECUTED','3:5bce5a59bcbc32b019be7a43edea724f','Insert Row','',NULL,'2.0.2'),('1.28-003','jsantilli','db/db.changelog-1.28-Release.xml','2021-06-03 16:03:31',1327,'EXECUTED','3:fe86feea1e0bf5ab136e52be371a22e7','Modify data type','',NULL,'2.0.2'),('1.28-003','khundley','db/db.changelog-1.28-Release.xml','2021-06-03 16:03:29',1299,'EXECUTED','3:0c14558fa930336dc19359a83d1cff07','Insert Row','',NULL,'2.0.2'),('1.28-003','qvanegeren','db/db.changelog-1.28-Release.xml','2021-06-03 16:03:29',1292,'EXECUTED','3:3394e91a333a187df7944b7593c40872','Add Column','',NULL,'2.0.2'),('1.28-004','ctandy','db/db.changelog-1.28-Release.xml','2021-06-03 16:03:31',1328,'EXECUTED','3:b9c809c66754b82684eb1db7096010aa','Create Index (x3)','',NULL,'2.0.2'),('1.28-004','jsantilli','db/db.changelog-1.28-Release.xml','2021-06-03 16:03:31',1337,'EXECUTED','3:151e545e0e37b26ac9b8b848d29b3f13','Custom SQL','',NULL,'2.0.2'),('1.28-004','khundley','db/db.changelog-1.28-Release.xml','2021-06-03 16:03:30',1300,'EXECUTED','3:771c9e402e6df4404cafa4b2de551c87','Modify data type','',NULL,'2.0.2'),('1.28-004','qvanegeren','db/db.changelog-1.28-Release.xml','2021-06-03 16:03:29',1293,'EXECUTED','3:03e04102edceb9b04a2100503c1796da','Add Column','',NULL,'2.0.2'),('1.28-005','ctandy','db/db.changelog-1.28-Release.xml','2021-06-03 16:03:31',1333,'EXECUTED','3:6db4ca7e10f63713012d2514417af3c6','Create Index (x3)','',NULL,'2.0.2'),('1.28-005','jsantilli','db/db.changelog-1.28-Release.xml','2021-06-03 16:03:31',1338,'EXECUTED','3:9edb19def9eca71817d5287efc6f160d','Custom SQL','',NULL,'2.0.2'),('1.28-005','khundley','db/db.changelog-1.28-Release.xml','2021-06-03 16:03:30',1301,'EXECUTED','3:10657c01baa2a6cfac4d177ed2194af4','Add Column','',NULL,'2.0.2'),('1.28-005','qvanegeren','db/db.changelog-1.28-Release.xml','2021-06-03 16:03:29',1294,'EXECUTED','3:9908b4e5ed4d5ddc39939d8c90a2bef1','Add Column','',NULL,'2.0.2'),('1.28-006','ctandy','db/db.changelog-1.28-Release.xml','2021-06-03 16:03:31',1335,'EXECUTED','3:f2a6b35c4f69d54d799fd5b87d92f09a','Insert Row','',NULL,'2.0.2'),('1.28-006','jsantilli','db/db.changelog-1.28-Release.xml','2021-06-03 16:03:31',1339,'EXECUTED','3:b4628ed95ea4681b2cea2ffaf3077fd4','Custom SQL','',NULL,'2.0.2'),('1.28-006','khundley','db/db.changelog-1.28-Release.xml','2021-06-03 16:03:30',1302,'EXECUTED','3:257775fae2c8dad57e67a06a1a79fba8','Add Column','',NULL,'2.0.2'),('1.28-006','qvanegeren','db/db.changelog-1.28-Release.xml','2021-06-03 16:03:29',1295,'EXECUTED','3:215785dd6e6426315b6191e4f0e04613','Add Column','',NULL,'2.0.2'),('1.28-007','khundley','db/db.changelog-1.28-Release.xml','2021-06-03 16:03:30',1308,'EXECUTED','3:bdd37bfc5868d315fe087fd2f8ef92d4','Insert Row','',NULL,'2.0.2'),('1.28-007','qvanegeren','db/db.changelog-1.28-Release.xml','2021-06-03 16:03:29',1296,'EXECUTED','3:1019e3d1ad8aa7af7704f7e0fa7920fc','Add Column','',NULL,'2.0.2'),('1.28-008','khundley','db/db.changelog-1.28-Release.xml','2021-06-03 16:03:31',1332,'EXECUTED','3:0f2f280f45e74da8f1910a079bbcd07a','Add Column','',NULL,'2.0.2'),('1.28-008','qvanegeren','db/db.changelog-1.28-Release.xml','2021-06-03 16:03:29',1297,'EXECUTED','3:4c051561c89298a1bad0ee68f9fc5a9c','Add Column','',NULL,'2.0.2'),('1.28-009','qvanegeren','db/db.changelog-1.28-Release.xml','2021-06-03 16:03:29',1298,'EXECUTED','3:3552b122b9854d2b7be5c2bbb459658b','Add Column','',NULL,'2.0.2'),('1.28-011','jpigg','db/db.changelog-1.28-Release.xml','2021-06-03 16:03:30',1303,'EXECUTED','3:07d483684c59cb293e6469b01acd8dde','Create Table','',NULL,'2.0.2'),('1.28-011','qvanegeren','db/db.changelog-1.28-Release.xml','2021-06-03 16:03:31',1334,'EXECUTED','3:2a14f7e001cea6f6f3e7a0eadaf63ad0','Modify data type','',NULL,'2.0.2'),('1.28-012','jpigg','db/db.changelog-1.28-Release.xml','2021-06-03 16:03:30',1304,'EXECUTED','3:b59ad147a91dccfe24a933a7d994e5be','Insert Row (x54)','',NULL,'2.0.2'),('1.28-013','jpigg','db/db.changelog-1.28-Release.xml','2021-06-03 16:03:30',1305,'EXECUTED','3:ffe5e67f7a78eb8a4def9aba6e833371','Custom SQL','',NULL,'2.0.2'),('1.28-014','jpigg','db/db.changelog-1.28-Release.xml','2021-06-03 16:03:30',1306,'EXECUTED','3:7050a223ddd9079dcf1a39b8c3cf2556','Add Column','',NULL,'2.0.2'),('1.28-015','jpigg','db/db.changelog-1.28-Release.xml','2021-06-03 16:03:30',1307,'EXECUTED','3:e04f5627e832f1aefbe90ad02afc0aa7','Custom SQL','',NULL,'2.0.2'),('1.29-001','ctandy','db/db.changelog-1.29-Release.xml','2021-06-03 16:03:31',1341,'EXECUTED','3:c5dc1df58944e0dc464978beca4de13c','Add Column','',NULL,'2.0.2'),('1.29-001','jsantilli','db/db.changelog-1.29-Release.xml','2021-06-03 16:03:31',1340,'EXECUTED','3:bdd0a22ab6407037835afa153fbe4406','Delete Data','',NULL,'2.0.2'),('1.29-001','khundley','db/db.changelog-1.29-Release.xml','2021-06-03 16:03:31',1345,'EXECUTED','3:e04f10c9525f3d46085e9d006f58b8ba','Create Table','',NULL,'2.0.2'),('1.29-001','qvanegeren','db/db.changelog-1.29-Release.xml','2021-06-03 16:03:32',1355,'EXECUTED','3:07006564c4d6d2ec9f7fd5df029570c7','Add Column','',NULL,'2.0.2'),('1.29-002','ctandy','db/db.changelog-1.29-Release.xml','2021-06-03 16:03:31',1342,'EXECUTED','3:501a1884fd7bc07a770e6363d856cd4d','Insert Row','',NULL,'2.0.2'),('1.29-002','jsantilli','db/db.changelog-1.29-Release.xml','2021-06-03 16:03:32',1358,'EXECUTED','3:bb7382207069d109ac6f948065dd4266','Add Column','',NULL,'2.0.2'),('1.29-002','khundley','db/db.changelog-1.29-Release.xml','2021-06-03 16:03:32',1359,'EXECUTED','3:75de9e3e7ea9ca0c0ef5f10e3e27454c','Insert Row','',NULL,'2.0.2'),('1.29-002','qvanegeren','db/db.changelog-1.29-Release.xml','2021-06-03 16:03:32',1356,'EXECUTED','3:e3f512532952df3d8aaa3bebd61ba398','Add Column','',NULL,'2.0.2'),('1.29-003','ctandy','db/db.changelog-1.29-Release.xml','2021-06-03 16:03:31',1343,'EXECUTED','3:cea8f6e4f6b6a1689df3c876b5eab735','Custom SQL','',NULL,'2.0.2'),('1.29-003','jsantilli','db/db.changelog-1.29-Release.xml','2021-06-03 16:03:33',1383,'EXECUTED','3:7e9936146ce2dac8a1a3caed79c2d4b2','Add Column','',NULL,'2.0.2'),('1.29-003','khundley','db/db.changelog-1.29-Release.xml','2021-06-03 16:03:32',1360,'EXECUTED','3:04d8c44828b906ba5622ff8bd9ece8df','Insert Row','',NULL,'2.0.2'),('1.29-003','qvanegeren','db/db.changelog-1.29-Release.xml','2021-06-03 16:03:32',1357,'EXECUTED','3:e906322a0241e9dddbdf0c6a0808f464','Create Table','',NULL,'2.0.2'),('1.29-004','ctandy','db/db.changelog-1.29-Release.xml','2021-06-03 16:03:31',1344,'EXECUTED','3:69d005a2f4ba3670e64fc9ee1ad2f1e1','Insert Row','',NULL,'2.0.2'),('1.29-004','jsantilli','db/db.changelog-1.29-Release.xml','2021-06-03 16:03:34',1390,'EXECUTED','3:86851c836fb75aea98a25ad3dd595d83','Add Column','',NULL,'2.0.2'),('1.29-004','khundley','db/db.changelog-1.29-Release.xml','2021-06-03 16:03:32',1361,'EXECUTED','3:adf9b2f3369c222f5c87204501bc6632','Insert Row','',NULL,'2.0.2'),('1.29-004','qvanegeren','db/db.changelog-1.29-Release.xml','2021-06-03 16:03:32',1363,'EXECUTED','3:f7fb5914d303e48302a36f1d4b69f961','Drop Column (x2)','',NULL,'2.0.2'),('1.29-005','ctandy','db/db.changelog-1.29-Release.xml','2021-06-03 16:03:31',1346,'EXECUTED','3:ecd1a78ecb1a4494a7ed90910f0a7f6b','Create Table','',NULL,'2.0.2'),('1.29-005','jsantilli','db/db.changelog-1.29-Release.xml','2021-06-03 16:03:34',1391,'EXECUTED','3:ec8dfcecea85b0ff4ce4ed108c81624b','Add Column','',NULL,'2.0.2'),('1.29-005','khundley','db/db.changelog-1.29-Release.xml','2021-06-03 16:03:32',1362,'EXECUTED','3:a0acf29de0ec7e0c91c227955e333445','Insert Row','',NULL,'2.0.2'),('1.29-005','qvanegeren','db/db.changelog-1.29-Release.xml','2021-06-03 16:03:32',1364,'EXECUTED','3:265fd55d28f8766fdaa66b3fc453cfa5','Drop Table','',NULL,'2.0.2'),('1.29-006','ctandy','db/db.changelog-1.29-Release.xml','2021-06-03 16:03:31',1347,'EXECUTED','3:0eba45393aac60775c7503aa2d0cabb4','Insert Row (x27)','',NULL,'2.0.2'),('1.29-006','jsantilli','db/db.changelog-1.29-Release.xml','2021-06-03 16:03:34',1396,'EXECUTED','3:dbaed623c5ccc93f9b25571bcf5e27bb','Add Column','',NULL,'2.0.2'),('1.29-006','khundley','db/db.changelog-1.29-Release.xml','2021-06-03 16:03:33',1377,'EXECUTED','3:82ce38ede3f9b886a41a91eebb5d4010','Insert Row','',NULL,'2.0.2'),('1.29-006','qvanegeren','db/db.changelog-1.29-Release.xml','2021-06-03 16:03:32',1365,'EXECUTED','3:3b4e6f76c37234763b2e9bfaf07e1fe6','Add Column','',NULL,'2.0.2'),('1.29-007','ctandy','db/db.changelog-1.29-Release.xml','2021-06-03 16:03:31',1348,'EXECUTED','3:7ba46b24616dfa17212dabf21ca0dace','Insert Row (x11)','',NULL,'2.0.2'),('1.29-007','khundley','db/db.changelog-1.29-Release.xml','2021-06-03 16:03:33',1378,'EXECUTED','3:e194e6bae74df7347083304253ea0e92','Add Column','',NULL,'2.0.2'),('1.29-007','qvanegeren','db/db.changelog-1.29-Release.xml','2021-06-03 16:03:32',1366,'EXECUTED','3:0584d2cb958dcb6a74eb1127feade470','Create Index','',NULL,'2.0.2'),('1.29-008','ctandy','db/db.changelog-1.29-Release.xml','2021-06-03 16:03:31',1349,'EXECUTED','3:5e198302438970796b965fc4940beffe','Insert Row (x3)','',NULL,'2.0.2'),('1.29-008','khundley','db/db.changelog-1.29-Release.xml','2021-06-03 16:03:33',1384,'EXECUTED','3:626cc42ca11274b9c31d3d472351471a','Insert Row','',NULL,'2.0.2'),('1.29-008','qvanegeren','db/db.changelog-1.29-Release.xml','2021-06-03 16:03:32',1367,'EXECUTED','3:5547a948065084052860ffa4f65154b2','Insert Row','',NULL,'2.0.2'),('1.29-009','ctandy','db/db.changelog-1.29-Release.xml','2021-06-03 16:03:31',1350,'EXECUTED','3:6e461d0d018913ffd2e4d7d282db4fdf','Insert Row (x5)','',NULL,'2.0.2'),('1.29-009','khundley','db/db.changelog-1.29-Release.xml','2021-06-03 16:03:33',1385,'EXECUTED','3:dbc7145eb0a2a2c38367216f8cb03b6c','Update Data','',NULL,'2.0.2'),('1.29-009','qvanegeren','db/db.changelog-1.29-Release.xml','2021-06-03 16:03:32',1368,'EXECUTED','3:350bd0b046224f76cf244fea3c0c8f70','Custom SQL','',NULL,'2.0.2'),('1.29-010','ctandy','db/db.changelog-1.29-Release.xml','2021-06-03 16:03:31',1351,'EXECUTED','3:e03b55956d69600696937181038b2633','Insert Row','',NULL,'2.0.2'),('1.29-010','khundley','db/db.changelog-1.29-Release.xml','2021-06-03 16:03:33',1386,'EXECUTED','3:f70c4969de3103d4b40986c0467affbd','Update Data','',NULL,'2.0.2'),('1.29-010','qvanegeren','db/db.changelog-1.29-Release.xml','2021-06-03 16:03:33',1379,'EXECUTED','3:6f8d153f9fdfa6246cb26c332745bc4b','Add Column','',NULL,'2.0.2'),('1.29-011','ctandy','db/db.changelog-1.29-Release.xml','2021-06-03 16:03:31',1352,'EXECUTED','3:35b8345e19d6b8ef3af5f7eba4b4dfed','Insert Row','',NULL,'2.0.2'),('1.29-011','khundley','db/db.changelog-1.29-Release.xml','2021-06-03 16:03:33',1387,'EXECUTED','3:b98d5b51c073dd97ad326fc38009fbae','Add Column','',NULL,'2.0.2'),('1.29-011','qvanegeren','db/db.changelog-1.29-Release.xml','2021-06-03 16:03:33',1380,'EXECUTED','3:49dc4048ed38405f2566c1352569be2d','Insert Row','',NULL,'2.0.2'),('1.29-012','ctandy','db/db.changelog-1.29-Release.xml','2021-06-03 16:03:31',1353,'EXECUTED','3:7a8b7d305fab6d8d94120ee18be431b9','Insert Row (x2)','',NULL,'2.0.2'),('1.29-012','khundley','db/db.changelog-1.29-Release.xml','2021-06-03 16:03:33',1388,'EXECUTED','3:8d6d4cee042cc177451164a65110a901','Custom SQL','',NULL,'2.0.2'),('1.29-012','qvanegeren','db/db.changelog-1.29-Release.xml','2021-06-03 16:03:33',1381,'EXECUTED','3:7055dd10f94142517e786a8bab9a8783','Custom SQL','',NULL,'2.0.2'),('1.29-013','ctandy','db/db.changelog-1.29-Release.xml','2021-06-03 16:03:31',1354,'EXECUTED','3:73e3ddf636618987d2e05bcc48395b84','Insert Row','',NULL,'2.0.2'),('1.29-013','khundley','db/db.changelog-1.29-Release.xml','2021-06-03 16:03:34',1393,'EXECUTED','3:90b80364df196a99e81c97c632da2e88','Add Column','',NULL,'2.0.2'),('1.29-013','qvanegeren','db/db.changelog-1.29-Release.xml','2021-06-03 16:03:33',1382,'EXECUTED','3:43d855cf5ddd52d839d20f6bd4b77f38','Custom SQL','',NULL,'2.0.2'),('1.29-014','ctandy','db/db.changelog-1.29-Release.xml','2021-06-03 16:03:32',1369,'EXECUTED','3:036ad182c1cdd2d6174f0414a8aacd23','Create Table','',NULL,'2.0.2'),('1.29-014','khundley','db/db.changelog-1.29-Release.xml','2021-06-03 16:03:34',1394,'EXECUTED','3:b29539db12aaf0f1802f3410cc8f9132','Add Column','',NULL,'2.0.2'),('1.29-014','qvanegeren','db/db.changelog-1.29-Release.xml','2021-06-03 16:03:34',1392,'EXECUTED','3:3907f8ff435d5a0bb426dbf5852770f6','Modify data type','',NULL,'2.0.2'),('1.29-015','ctandy','db/db.changelog-1.29-Release.xml','2021-06-03 16:03:32',1370,'EXECUTED','3:95bccdbc4579923f85b9a9ead6c67696','Create Table','',NULL,'2.0.2'),('1.29-015','khundley','db/db.changelog-1.29-Release.xml','2021-06-03 16:03:34',1395,'EXECUTED','3:c1bb1114a2ce212818dacd365e555629','Custom SQL','',NULL,'2.0.2'),('1.29-015','qvanegeren','db/db.changelog-1.29-Release.xml','2021-06-03 16:03:34',1397,'EXECUTED','3:6395ddadb35f3333ae56ebb06e52cf9a','Insert Row','',NULL,'2.0.2'),('1.29-016','ctandy','db/db.changelog-1.29-Release.xml','2021-06-03 16:03:33',1371,'EXECUTED','3:8952c962c3345c7885b1ad7ab37a946b','Add Column','',NULL,'2.0.2'),('1.29-016','khundley','db/db.changelog-1.29-Release.xml','2021-06-03 16:03:34',1403,'EXECUTED','3:a3d034ad486d63c6d20fcac94f020e00','Add Column','',NULL,'2.0.2'),('1.29-016','qvanegeren','db/db.changelog-1.29-Release.xml','2021-06-03 16:03:34',1398,'EXECUTED','3:55c103e687bf622d187a8540724b1152','Custom SQL (x3)','',NULL,'2.0.2'),('1.29-017','ctandy','db/db.changelog-1.29-Release.xml','2021-06-03 16:03:33',1372,'EXECUTED','3:ea4c137c15e0b50b278cf499c7c581ca','Create Table','',NULL,'2.0.2'),('1.29-017','khundley','db/db.changelog-1.29-Release.xml','2021-06-03 16:03:34',1409,'EXECUTED','3:25c93702e99e22cdd1b3b5e8b5411f4e','Update Data','',NULL,'2.0.2'),('1.29-017','qvanegeren','db/db.changelog-1.29-Release.xml','2021-06-03 16:03:34',1400,'EXECUTED','3:50b44d5083022d661a3a2e5041d1e5f7','Custom SQL','',NULL,'2.0.2'),('1.29-018','ctandy','db/db.changelog-1.29-Release.xml','2021-06-03 16:03:33',1373,'EXECUTED','3:8933b74b40da28f0e8e80bfed54f239d','Add Column, Update Data','',NULL,'2.0.2'),('1.29-018','khundley','db/db.changelog-1.29-Release.xml','2021-06-03 16:03:34',1410,'EXECUTED','3:8472089cf5592a9c3e4e4a526bbba493','Update Data','',NULL,'2.0.2'),('1.29-018','qvanegeren','db/db.changelog-1.29-Release.xml','2021-06-03 16:03:34',1405,'EXECUTED','3:c8f4e92c671424e808355dd2ab09eab2','Insert Row','',NULL,'2.0.2'),('1.29-019','ctandy','db/db.changelog-1.29-Release.xml','2021-06-03 16:03:33',1374,'EXECUTED','3:ee293854b7c080bddd3f3ed8dfae6cad','Insert Row (x2)','',NULL,'2.0.2'),('1.29-019','khundley','db/db.changelog-1.29-Release.xml','2021-06-03 16:03:34',1412,'EXECUTED','3:d701af51c8973946c596abfcb181125e','Custom SQL','',NULL,'2.0.2'),('1.29-019','qvanegeren','db/db.changelog-1.29-Release.xml','2021-06-03 16:03:34',1406,'EXECUTED','3:f527c2277a5627d8db97efd12907ee57','Insert Row','',NULL,'2.0.2'),('1.29-020','ctandy','db/db.changelog-1.29-Release.xml','2021-06-03 16:03:33',1375,'EXECUTED','3:08f9b10f661e6c1abd8221c5cfdf829f','Create Index (x2)','',NULL,'2.0.2'),('1.29-020','qvanegeren','db/db.changelog-1.29-Release.xml','2021-06-03 16:03:34',1407,'EXECUTED','3:4aa29d130e40ca4d8d1852bad9c8096c','Custom SQL (x2)','',NULL,'2.0.2'),('1.29-021','ctandy','db/db.changelog-1.29-Release.xml','2021-06-03 16:03:33',1376,'EXECUTED','3:032286d57f54f79f924e2a178e763fe7','Drop Column','',NULL,'2.0.2'),('1.29-021','qvanegeren','db/db.changelog-1.29-Release.xml','2021-06-03 16:03:34',1408,'EXECUTED','3:05f8fd1eb873729a999f780ad8dc137d','Custom SQL','',NULL,'2.0.2'),('1.29-022','ctandy','db/db.changelog-1.29-Release.xml','2021-06-03 16:03:33',1389,'EXECUTED','3:20058604472d281087600319c3d94a00','Add Column','',NULL,'2.0.2'),('1.29-022','qvanegeren','db/db.changelog-1.29-Release.xml','2021-06-03 16:03:34',1414,'EXECUTED','3:71b851aa9c90a99144bfde11ff9a3dd6','Create Index','',NULL,'2.0.2'),('1.29-023','ctandy','db/db.changelog-1.29-Release.xml','2021-06-03 16:03:34',1399,'EXECUTED','3:e4ab0737c6debda19ef8f445f57da578','Update Data (x2)','',NULL,'2.0.2'),('1.29-023','qvanegeren','db/db.changelog-1.29-Release.xml','2021-06-03 16:03:34',1415,'EXECUTED','3:9a235076e0cb0ee5649f99eeecc16baa','Custom SQL','',NULL,'2.0.2'),('1.29-024','ctandy','db/db.changelog-1.29-Release.xml','2021-06-03 16:03:34',1401,'EXECUTED','3:22dae17018254efbfaf872e85d82da70','Add Column','',NULL,'2.0.2'),('1.29-024','qvanegeren','db/db.changelog-1.29-Release.xml','2021-06-03 16:03:34',1416,'EXECUTED','3:21045498f814af157f12f5195fa9809f','Create Index','',NULL,'2.0.2'),('1.29-025','ctandy','db/db.changelog-1.29-Release.xml','2021-06-03 16:03:34',1402,'EXECUTED','3:bdebe3134a4bca61fee9f748f27ca4d7','Add Column','',NULL,'2.0.2'),('1.29-025','qvanegeren','db/db.changelog-1.29-Release.xml','2021-06-03 16:03:34',1417,'EXECUTED','3:1da07238269b7f7b5f7aa105bbbcd3f1','Insert Row','',NULL,'2.0.2'),('1.29-026','ctandy','db/db.changelog-1.29-Release.xml','2021-06-03 16:03:34',1404,'EXECUTED','3:3eae87dafc8f29cce31b9c948b503c6d','Create Index','',NULL,'2.0.2'),('1.29-026','qvanegeren','db/db.changelog-1.29-Release.xml','2021-06-03 16:03:34',1418,'EXECUTED','3:285f96d5dc7846352c16e99fea730441','Custom SQL','',NULL,'2.0.2'),('1.29-027','qvanegeren','db/db.changelog-1.29-Release.xml','2021-06-03 16:03:34',1419,'EXECUTED','3:52db1a48f53f5748268334ab3243d28f','Custom SQL','',NULL,'2.0.2'),('1.29-028','qvanegeren','db/db.changelog-1.29-Release.xml','2021-06-03 16:03:34',1420,'EXECUTED','3:1bad2d68a6b719fbf8c4df88ae7447c6','Insert Row','',NULL,'2.0.2'),('1.30-001','ctandy','db/db.changelog-1.30-Release.xml','2021-06-03 16:03:39',1429,'EXECUTED','3:ac89498f27eaa633d21707fc04714eb0','Add Column (x3)','',NULL,'2.0.2'),('1.30-001','jpigg','db/db.changelog-1.30-Release.xml','2021-06-03 16:03:35',1424,'EXECUTED','3:b8edf3e256d041e1086c0e676d58c623','Create Table','',NULL,'2.0.2'),('1.30-001','jsantilli','db/db.changelog-1.30-Release.xml','2021-06-03 16:03:35',1422,'EXECUTED','3:da9b366668b942df44dd2c1bb7656ff4','Add Column','',NULL,'2.0.2'),('1.30-001','khundley','db/db.changelog-1.30-Release.xml','2021-06-03 16:03:34',1421,'EXECUTED','3:47a0b43c522cef32fd38e2c1420aa015','Modify data type','',NULL,'2.0.2'),('1.30-001','qvanegeren','db/db.changelog-1.30-Release.xml','2021-06-03 16:03:38',1426,'EXECUTED','3:90ae1f3dc18bc4dc6e13e5a46d7559c3','Custom SQL','',NULL,'2.0.2'),('1.30-002','jpigg','db/db.changelog-1.30-Release.xml','2021-06-03 16:03:38',1425,'EXECUTED','3:3843bcd187e2554edef21fe1db211d60','Custom SQL','',NULL,'2.0.2'),('1.30-002','jsantilli','db/db.changelog-1.30-Release.xml','2021-06-03 16:03:35',1423,'EXECUTED','3:5af74d42f8d85852a43bd86d17cb29d4','Add Column','',NULL,'2.0.2'),('1.30-002','karabfak','db/db.changelog-1.30-Release.xml','2021-06-03 16:03:40',1453,'EXECUTED','3:a7c79fe02b7a9609f59f9265e2b53a9e','Modify data type','',NULL,'2.0.2'),('1.30-002','khundley','db/db.changelog-1.30-Release.xml','2021-06-03 16:03:39',1430,'EXECUTED','3:3ec62432d45e787179d828fcae0fe0b7','Add Column','',NULL,'2.0.2'),('1.30-002','qvanegeren','db/db.changelog-1.30-Release.xml','2021-06-03 16:03:38',1427,'EXECUTED','3:f3a3a63578f7635403ade96e84487289','Custom SQL','',NULL,'2.0.2'),('1.30-003','ctandy','db/db.changelog-1.30-Release.xml','2021-06-03 16:03:39',1434,'EXECUTED','3:888855f649fad3b463883015a99d25ee','Add Column (x2)','',NULL,'2.0.2'),('1.30-003','jpigg','db/db.changelog-1.30-Release.xml','2021-06-03 16:03:41',1471,'EXECUTED','3:77901e6cce8b30543334d222fc8ee12f','Add Column','',NULL,'2.0.2'),('1.30-003','jsantilli','db/db.changelog-1.30-Release.xml','2021-06-03 16:03:39',1433,'EXECUTED','3:1bb6b90ad0b51cff70707113c9d96948','Insert Row','',NULL,'2.0.2'),('1.30-003','karabfak','db/db.changelog-1.30-Release.xml','2021-06-03 16:03:40',1457,'EXECUTED','3:4c74fa487e13063d596127d2c7d3e416','Create Index','',NULL,'2.0.2'),('1.30-003','khundley','db/db.changelog-1.30-Release.xml','2021-06-03 16:03:39',1449,'EXECUTED','3:e4ae0ef2ca788cc0e399b60476e4ad29','Add Column','',NULL,'2.0.2'),('1.30-003','qvanegeren','db/db.changelog-1.30-Release.xml','2021-06-03 16:03:38',1428,'EXECUTED','3:0008fcdf36d258001767cfca8a19e8b5','Custom SQL','',NULL,'2.0.2'),('1.30-004','ctandy','db/db.changelog-1.30-Release.xml','2021-06-03 16:03:39',1446,'EXECUTED','3:ba0d5c1f3bbd557290971ea348c1e1c1','Add Column','',NULL,'2.0.2'),('1.30-004','jpigg','db/db.changelog-1.30-Release.xml','2021-06-03 16:03:41',1472,'EXECUTED','3:5ebee88f57b286f26f3b174ee21343e4','Add Column','',NULL,'2.0.2'),('1.30-004','jsantilli','db/db.changelog-1.30-Release.xml','2021-06-03 16:03:40',1465,'EXECUTED','3:4d35a12611071765b83c83152a9f427d','Add Column','',NULL,'2.0.2'),('1.30-004','qvanegeren','db/db.changelog-1.30-Release.xml','2021-06-03 16:03:39',1431,'EXECUTED','3:c57b37262a1f2a94d617cf6a991f509a','Custom SQL','',NULL,'2.0.2'),('1.30-005','ctandy','db/db.changelog-1.30-Release.xml','2021-06-03 16:03:39',1447,'EXECUTED','3:433ab2eaeea92eae417c9e77e184aec4','Add Column (x2)','',NULL,'2.0.2'),('1.30-005','jpigg','db/db.changelog-1.30-Release.xml','2021-06-03 16:03:41',1473,'EXECUTED','3:e26b799ce9ac3b6494b55f0346b9be88','Custom SQL','',NULL,'2.0.2'),('1.30-005','jsantilli','db/db.changelog-1.30-Release.xml','2021-06-03 16:03:40',1466,'EXECUTED','3:1d59c8f9b18f1782f683fb1996a30332','Insert Row','',NULL,'2.0.2'),('1.30-005','qvanegeren','db/db.changelog-1.30-Release.xml','2021-06-03 16:03:39',1432,'EXECUTED','3:3d13dee79070db68459573e60ed3ec8b','Add Column','',NULL,'2.0.2'),('1.30-006','ctandy','db/db.changelog-1.30-Release.xml','2021-06-03 16:03:39',1448,'EXECUTED','3:8863fa7254740967dba954621b7dfe15','Create Index','',NULL,'2.0.2'),('1.30-006','jpigg','db/db.changelog-1.30-Release.xml','2021-06-03 16:03:41',1474,'EXECUTED','3:3f1651c0ad5c5015e363025287476c42','Insert Row (x14)','',NULL,'2.0.2'),('1.30-006','jsantilli','db/db.changelog-1.30-Release.xml','2021-06-03 16:03:40',1467,'EXECUTED','3:1c62061e078729f0fb355e3753061b39','Insert Row','',NULL,'2.0.2'),('1.30-007','ctandy','db/db.changelog-1.30-Release.xml','2021-06-03 16:03:40',1454,'EXECUTED','3:47f278dbd9fe32aef057434c5618101a','Add Column','',NULL,'2.0.2'),('1.30-007','jpigg','db/db.changelog-1.30-Release.xml','2021-06-03 16:03:41',1475,'EXECUTED','3:70b59e971b357b1d4fd440fba0a45d14','Custom SQL','',NULL,'2.0.2'),('1.30-007','jsantilli','db/db.changelog-1.30-Release.xml','2021-06-03 16:03:41',1468,'EXECUTED','3:6412fd2ac98610d7f93518f45146d412','Modify data type','',NULL,'2.0.2'),('1.30-008','jsantilli','db/db.changelog-1.30-Release.xml','2021-06-03 16:03:41',1469,'EXECUTED','3:6536ac25a8228f68548dcfc14b7b31d6','Custom SQL','',NULL,'2.0.2'),('1.30-008','qvanegeren','db/db.changelog-1.30-Release.xml','2021-06-03 16:03:39',1435,'EXECUTED','3:66382d1c93f1f5365a599f07d558e8d3','Create Table','',NULL,'2.0.2'),('1.30-009','ctandy','db/db.changelog-1.30-Release.xml','2021-06-03 16:03:40',1464,'EXECUTED','3:b459522d3b666467f471879a110695ab','Custom SQL','',NULL,'2.0.2'),('1.30-009','qvanegeren','db/db.changelog-1.30-Release.xml','2021-06-03 16:03:39',1436,'EXECUTED','3:aa1b067fc73e93e89eeb372a4e931c0c','Insert Row','',NULL,'2.0.2'),('1.30-010','ctandy','db/db.changelog-1.30-Release.xml','2021-06-03 16:03:41',1478,'EXECUTED','3:8a081729a081aea4c40a72defeb8818a','Add Not-Null Constraint','',NULL,'2.0.2'),('1.30-010','qvanegeren','db/db.changelog-1.30-Release.xml','2021-06-03 16:03:39',1437,'EXECUTED','3:86b4b0d2f7ffc9af671223bb16bd6244','Insert Row','',NULL,'2.0.2'),('1.30-011','qvanegeren','db/db.changelog-1.30-Release.xml','2021-06-03 16:03:39',1438,'EXECUTED','3:1e71cbf9aff777c9cb2b398f62ad8eb7','Add Column','',NULL,'2.0.2'),('1.30-012','qvanegeren','db/db.changelog-1.30-Release.xml','2021-06-03 16:03:39',1439,'EXECUTED','3:55fcb421ea5db580bcf9bca31a73b07a','Create Index','',NULL,'2.0.2'),('1.30-013','qvanegeren','db/db.changelog-1.30-Release.xml','2021-06-03 16:03:39',1440,'EXECUTED','3:d66fa700f8a3893114de9b05a6046f32','Insert Row','',NULL,'2.0.2'),('1.30-014','qvanegeren','db/db.changelog-1.30-Release.xml','2021-06-03 16:03:39',1441,'EXECUTED','3:71e1dee20b2fb76d3cd50b195efaf22c','Insert Row','',NULL,'2.0.2'),('1.30-015','qvanegeren','db/db.changelog-1.30-Release.xml','2021-06-03 16:03:39',1442,'EXECUTED','3:47f3cdef48d3cb2671a3015a0fab08bb','Custom SQL','',NULL,'2.0.2'),('1.30-016','qvanegeren','db/db.changelog-1.30-Release.xml','2021-06-03 16:03:39',1443,'EXECUTED','3:29a9c764c867eb4dd0dccbd571f4a899','Insert Row','',NULL,'2.0.2'),('1.30-020','qvanegeren','db/db.changelog-1.30-Release.xml','2021-06-03 16:03:39',1444,'EXECUTED','3:b844e2a0997dde08d160b9b88a042d6a','Insert Row','',NULL,'2.0.2'),('1.30-021','qvanegeren','db/db.changelog-1.30-Release.xml','2021-06-03 16:03:39',1445,'EXECUTED','3:384910db55ab11a7f0628d681991c27f','Insert Row','',NULL,'2.0.2'),('1.30-023','qvanegeren','db/db.changelog-1.30-Release.xml','2021-06-03 16:03:39',1450,'EXECUTED','3:2f5fcf08c428bffd4e8257769d526a34','Add Column','',NULL,'2.0.2'),('1.30-024','qvanegeren','db/db.changelog-1.30-Release.xml','2021-06-03 16:03:39',1451,'EXECUTED','3:9d2dea631a7bb1e48477a044d5c9381d','Custom SQL','',NULL,'2.0.2'),('1.30-025','qvanegeren','db/db.changelog-1.30-Release.xml','2021-06-03 16:03:39',1452,'EXECUTED','3:5f3dcf94a1d96b68d243b42cc589fcb4','Add Column','',NULL,'2.0.2'),('1.30-027','qvanegeren','db/db.changelog-1.30-Release.xml','2021-06-03 16:03:40',1455,'EXECUTED','3:0e5c1786647a17b16c5d3ea501c07ef1','Insert Row','',NULL,'2.0.2'),('1.30-028','qvanegeren','db/db.changelog-1.30-Release.xml','2021-06-03 16:03:40',1456,'EXECUTED','3:0edbfe5e693de29ad306a709ecd963d9','Insert Row','',NULL,'2.0.2'),('1.30-029','qvanegeren','db/db.changelog-1.30-Release.xml','2021-06-03 16:03:40',1458,'EXECUTED','3:194772f7e1d0d1bbadfbf5acceca914a','Custom SQL','',NULL,'2.0.2'),('1.30-030','qvanegeren','db/db.changelog-1.30-Release.xml','2021-06-03 16:03:40',1459,'EXECUTED','3:9589aba51eb3a6ca6c9e5af21c1050f1','Add Column','',NULL,'2.0.2'),('1.30-031','qvanegeren','db/db.changelog-1.30-Release.xml','2021-06-03 16:03:40',1460,'EXECUTED','3:e85d2b3cfbecf165ccd51eb3140a3e53','Insert Row','',NULL,'2.0.2'),('1.30-032','qvanegeren','db/db.changelog-1.30-Release.xml','2021-06-03 16:03:40',1461,'EXECUTED','3:da62526aca39c8366dee7c2a132e2e98','Custom SQL','',NULL,'2.0.2'),('1.30-033','qvanegeren','db/db.changelog-1.30-Release.xml','2021-06-03 16:03:40',1462,'EXECUTED','3:ce604a740da5f91e5efc8d860b347852','Create Index','',NULL,'2.0.2'),('1.30-034','qvanegeren','db/db.changelog-1.30-Release.xml','2021-06-03 16:03:40',1463,'EXECUTED','3:52b221a3ab0ffa97bcc33b2b056be8e1','Create Index','',NULL,'2.0.2'),('1.30-035','qvanegeren','db/db.changelog-1.30-Release.xml','2021-06-03 16:03:41',1470,'EXECUTED','3:44f33a1f394b7473e9f3bd87f210197b','Insert Row','',NULL,'2.0.2'),('1.30-036','qvanegeren','db/db.changelog-1.30-Release.xml','2021-06-03 16:03:41',1476,'EXECUTED','3:bf1908f318403bc6ad93d9c28ba49681','Add Column','',NULL,'2.0.2'),('1.30-037','qvanegeren','db/db.changelog-1.30-Release.xml','2021-06-03 16:03:41',1477,'EXECUTED','3:0df015679119f7efd89f7648b159968e','Modify data type','',NULL,'2.0.2'),('1.31-001','ctandy','db/db.changelog-1.31-Release.xml','2021-06-03 16:03:41',1479,'EXECUTED','3:f230a65ff83dc9ad40f1b7bb8da49a2b','Modify data type','',NULL,'2.0.2'),('1.31-001','jsantilli','db/db.changelog-1.31-Release.xml','2021-06-03 16:03:41',1484,'EXECUTED','3:35b2e039f32590cf2c9ab4fdf6283eaf','Insert Row','',NULL,'2.0.2'),('1.31-001','karabfak','db/db.changelog-1.31-Release.xml','2021-06-03 16:03:42',1486,'EXECUTED','3:9c46b7c76bb2b1e7501412d6623cdc74','Custom SQL','',NULL,'2.0.2'),('1.31-001','qvanegeren','db/db.changelog-1.31-Release.xml','2021-06-03 16:03:41',1482,'EXECUTED','3:83878f265c25eb24c74f1951c15af977','Add Column','',NULL,'2.0.2'),('1.31-002','karabfak','db/db.changelog-1.31-Release.xml','2021-06-03 16:03:42',1487,'EXECUTED','3:df93221df31d43f19de27b7c5a0efa45','Custom SQL','',NULL,'2.0.2'),('1.31-002','qvanegeren','db/db.changelog-1.31-Release.xml','2021-06-03 16:03:41',1483,'EXECUTED','3:6bb60d897145521b94041fecb5b54896','Add Column','',NULL,'2.0.2'),('1.31-003','ctandy','db/db.changelog-1.31-Release.xml','2021-06-03 16:03:41',1480,'EXECUTED','3:16f9ff2bd71a08e1003289535ff2c238','Add Column','',NULL,'2.0.2'),('1.31-003','qvanegeren','db/db.changelog-1.31-Release.xml','2021-06-03 16:03:42',1485,'EXECUTED','3:ad7a45569d008339e38ed8922f814c51','Add Column','',NULL,'2.0.2'),('1.31-004','ctandy','db/db.changelog-1.31-Release.xml','2021-06-03 16:03:41',1481,'EXECUTED','3:c8c298d3b90470454fca88dd903064fe','Insert Row (x2), Update Data','',NULL,'2.0.2'),('1.32-001','jpigg','db/db.changelog-1.32-Release.xml','2021-06-03 16:03:42',1488,'EXECUTED','3:0bc5fb259795f9dc613743879183980f','Add Column','',NULL,'2.0.2'),('1.32-002','jpigg','db/db.changelog-1.32-Release.xml','2021-06-03 16:03:42',1489,'EXECUTED','3:84bc5daecdfbf165e5ca9f7e590cc9f9','Add Column','',NULL,'2.0.2'),('1.32-002','jsantilli','db/db.changelog-1.32-Release.xml','2021-06-03 16:03:44',1547,'EXECUTED','3:5a2626ff60e018b8eb4022bb5b3c2a42','Insert Row','',NULL,'2.0.2'),('1.32-002','khundley','db/db.changelog-1.32-Release.xml','2021-06-03 16:03:42',1494,'EXECUTED','3:ce5817075775d8766e5fc3fb91b74171','Custom SQL','',NULL,'2.0.2'),('1.32-003','jpigg','db/db.changelog-1.32-Release.xml','2021-06-03 16:03:42',1490,'EXECUTED','3:46abb5a6ba0a3f696a2ac99d479898a0','Create Index','',NULL,'2.0.2'),('1.32-003','khundley','db/db.changelog-1.32-Release.xml','2021-06-03 16:03:42',1495,'EXECUTED','3:e72f5e0a32f8c59e04ffd830965f49b3','Insert Row','',NULL,'2.0.2'),('1.32-003','qvanegeren','db/db.changelog-1.32-Release.xml','2021-06-03 16:03:42',1500,'EXECUTED','3:3e98a6c777bcee5225b5f4f7eb550f21','Add Column','',NULL,'2.0.2'),('1.32-004','jpigg','db/db.changelog-1.32-Release.xml','2021-06-03 16:03:42',1491,'EXECUTED','3:3a84b800d56843282c2fa0a3bcda5d72','Custom SQL','',NULL,'2.0.2'),('1.32-004','khundley','db/db.changelog-1.32-Release.xml','2021-06-03 16:03:42',1496,'EXECUTED','3:32e3f427f95c07f56c44e76b257c339d','Insert Row','',NULL,'2.0.2'),('1.32-004','qvanegeren','db/db.changelog-1.32-Release.xml','2021-06-03 16:03:42',1501,'EXECUTED','3:0e4e0d7a057432b64a045b5af61b4119','Create Table','',NULL,'2.0.2'),('1.32-005','ctandy','db/db.changelog-1.32-Release.xml','2021-06-03 16:03:43',1520,'EXECUTED','3:2456ab52bcc15afcc11217ea452edc5a','Add Column, Insert Row','',NULL,'2.0.2'),('1.32-005','jpigg','db/db.changelog-1.32-Release.xml','2021-06-03 16:03:42',1492,'EXECUTED','3:e6551c5fe633bb2e7781de8cbc3ebed9','Custom SQL','',NULL,'2.0.2'),('1.32-005','khundley','db/db.changelog-1.32-Release.xml','2021-06-03 16:03:42',1497,'EXECUTED','3:cc0628eed7269f639fdb3c7ffb37d351','Custom SQL','',NULL,'2.0.2'),('1.32-005','qvanegeren','db/db.changelog-1.32-Release.xml','2021-06-03 16:03:42',1502,'EXECUTED','3:ebf0bb82079ec357b7b3150b72701b72','Create Table','',NULL,'2.0.2'),('1.32-006','ctandy','db/db.changelog-1.32-Release.xml','2021-06-03 16:03:43',1521,'EXECUTED','3:b02fc2335150b7c41ac957f0c99419cc','Insert Row','',NULL,'2.0.2'),('1.32-006','jpigg','db/db.changelog-1.32-Release.xml','2021-06-03 16:03:42',1493,'EXECUTED','3:4515aca2ceef8fbac515a4349282da7c','Rename Column','',NULL,'2.0.2'),('1.32-006','khundley','db/db.changelog-1.32-Release.xml','2021-06-03 16:03:42',1498,'EXECUTED','3:48d36b90984fdc0bab2ce5785181c2a8','Custom SQL','',NULL,'2.0.2'),('1.32-006','qvanegeren','db/db.changelog-1.32-Release.xml','2021-06-03 16:03:42',1503,'EXECUTED','3:d939aa495f5619e33496670e82367d4a','Create Table','',NULL,'2.0.2'),('1.32-007','jpigg','db/db.changelog-1.32-Release.xml','2021-06-03 16:03:42',1511,'EXECUTED','3:a89cefcc2e7d86d14233fafa8b0f9f8a','Insert Row (x2)','',NULL,'2.0.2'),('1.32-007','khundley','db/db.changelog-1.32-Release.xml','2021-06-03 16:03:42',1499,'EXECUTED','3:0f5569364c75ff5ad48e9a77afe9afb8','Custom SQL','',NULL,'2.0.2'),('1.32-007','qvanegeren','db/db.changelog-1.32-Release.xml','2021-06-03 16:03:42',1504,'EXECUTED','3:2d3480cfc092d7863e21f5833c2bf9a8','Create Table','',NULL,'2.0.2'),('1.32-008','jpigg','db/db.changelog-1.32-Release.xml','2021-06-03 16:03:42',1512,'EXECUTED','3:46ae180293d4472d630aa1c4ff6d48af','Custom SQL','',NULL,'2.0.2'),('1.32-008','khundley','db/db.changelog-1.32-Release.xml','2021-06-03 16:03:42',1510,'EXECUTED','3:9210c85316dc225c21df73804b7e9d89','Create Table','',NULL,'2.0.2'),('1.32-008','qvanegeren','db/db.changelog-1.32-Release.xml','2021-06-03 16:03:42',1505,'EXECUTED','3:577fcbcd1e3c6b40a5cd4fe65fea944d','Create Table','',NULL,'2.0.2'),('1.32-009','khundley','db/db.changelog-1.32-Release.xml','2021-06-03 16:03:43',1522,'EXECUTED','3:a13b9934c706893eec7a11c82f2b41fa','Custom SQL','',NULL,'2.0.2'),('1.32-009','qvanegeren','db/db.changelog-1.32-Release.xml','2021-06-03 16:03:42',1506,'EXECUTED','3:8e1f836c7c7465a205e30cd60ada1699','Add Column','',NULL,'2.0.2'),('1.32-010','ctandy','db/db.changelog-1.32-Release.xml','2021-06-03 16:03:44',1542,'EXECUTED','3:cbba3508db72cb7513b882a0ac65e69b','Insert Row (x2)','',NULL,'2.0.2'),('1.32-010','khundley','db/db.changelog-1.32-Release.xml','2021-06-03 16:03:43',1523,'EXECUTED','3:2f90788004af04ac9e932de8d7ad3a01','Create Table','',NULL,'2.0.2'),('1.32-010','qvanegeren','db/db.changelog-1.32-Release.xml','2021-06-03 16:03:42',1507,'EXECUTED','3:126aaa1e1c25c5fbe345582e0649f701','Insert Row','',NULL,'2.0.2'),('1.32-011','khundley','db/db.changelog-1.32-Release.xml','2021-06-03 16:03:43',1524,'EXECUTED','3:35eebcda3103e4a16aabc03f75205590','Delete Data','',NULL,'2.0.2'),('1.32-011','qvanegeren','db/db.changelog-1.32-Release.xml','2021-06-03 16:03:42',1508,'EXECUTED','3:4b0b73b50c3f8b6c1ad342e29deb09f2','Insert Row','',NULL,'2.0.2'),('1.32-012','khundley','db/db.changelog-1.32-Release.xml','2021-06-03 16:03:43',1525,'EXECUTED','3:7072427b87f08ffd89e4e522488b12da','Insert Row (x3)','',NULL,'2.0.2'),('1.32-012','qvanegeren','db/db.changelog-1.32-Release.xml','2021-06-03 16:03:42',1509,'EXECUTED','3:bafd69b87544e5076b6bae661ddd464e','Insert Row (x2)','',NULL,'2.0.2'),('1.32-013','jpigg','db/db.changelog-1.32-Release.xml','2021-06-03 16:03:43',1530,'EXECUTED','3:332afc2b45a2f1d537f5976074829f92','Delete Data (x2)','',NULL,'2.0.2'),('1.32-013','khundley','db/db.changelog-1.32-Release.xml','2021-06-03 16:03:43',1526,'EXECUTED','3:e3b29051aee7bb538a584ffd215fb23b','Insert Row','',NULL,'2.0.2'),('1.32-013','qvanegeren','db/db.changelog-1.32-Release.xml','2021-06-03 16:03:43',1516,'EXECUTED','3:9520125ba833f78520e67e9d718e5981','Drop Column, Add Column','',NULL,'2.0.2'),('1.32-014','jpigg','db/db.changelog-1.32-Release.xml','2021-06-03 16:03:43',1531,'EXECUTED','3:81849811b0d4ba9e96d97a3741001271','Insert Row (x8), Custom SQL','',NULL,'2.0.2'),('1.32-014','khundley','db/db.changelog-1.32-Release.xml','2021-06-03 16:03:43',1527,'EXECUTED','3:4f8dae29e65103b5f5b74610d1d4ee87','Create Table','',NULL,'2.0.2'),('1.32-014','qvanegeren','db/db.changelog-1.32-Release.xml','2021-06-03 16:03:43',1517,'EXECUTED','3:3d5bfb1d799e4c7468887e3b9339c770','Drop Column, Add Column','',NULL,'2.0.2'),('1.32-015','jpigg','db/db.changelog-1.32-Release.xml','2021-06-03 16:03:43',1532,'EXECUTED','3:eb1c98265ea6782fe5d22d4c76bc9539','Custom SQL','',NULL,'2.0.2'),('1.32-016','jpigg','db/db.changelog-1.32-Release.xml','2021-06-03 16:03:43',1533,'EXECUTED','3:fed95d75331938783d7e37e4bcf2b904','Insert Row (x3)','',NULL,'2.0.2'),('1.32-016','khundley','db/db.changelog-1.32-Release.xml','2021-06-03 16:03:43',1528,'EXECUTED','3:40da5bc0178d4a5df4c9b370261f98c5','Create Index','',NULL,'2.0.2'),('1.32-017','jpigg','db/db.changelog-1.32-Release.xml','2021-06-03 16:03:43',1534,'EXECUTED','3:8cb669a0383ea0e87ae704a77e20b8d8','Insert Row','',NULL,'2.0.2'),('1.32-017','khundley','db/db.changelog-1.32-Release.xml','2021-06-03 16:03:44',1545,'EXECUTED','3:7f7bcca9dc213d65b5ad4f0fc21bcb09','Insert Row','',NULL,'2.0.2'),('1.32-017','qvanegeren','db/db.changelog-1.32-Release.xml','2021-06-03 16:03:43',1518,'EXECUTED','3:e8ae02469ae93b50788dd9cb4aa14ade','Rename Table','',NULL,'2.0.2'),('1.32-018','jpigg','db/db.changelog-1.32-Release.xml','2021-06-03 16:03:43',1535,'EXECUTED','3:8ba7aa0f8cf3aeaa1d1bfa1025fe20ad','Add Column','',NULL,'2.0.2'),('1.32-018','khundley','db/db.changelog-1.32-Release.xml','2021-06-03 16:03:44',1546,'EXECUTED','3:039880b716399160953554ac22a7d999','Insert Row','',NULL,'2.0.2'),('1.32-018','qvanegeren','db/db.changelog-1.32-Release.xml','2021-06-03 16:03:43',1519,'EXECUTED','3:b06832fea8f44bc50a32b797d52c08e2','Add Column','',NULL,'2.0.2'),('1.32-019','jpigg','db/db.changelog-1.32-Release.xml','2021-06-03 16:03:43',1536,'EXECUTED','3:e23a30acf7370340ccd8f7c36b175106','Insert Row','',NULL,'2.0.2'),('1.32-020','jpigg','db/db.changelog-1.32-Release.xml','2021-06-03 16:03:44',1541,'EXECUTED','3:9dc6f538274c666607b92865a04d1992','Custom SQL','',NULL,'2.0.2'),('1.32-020','qvanegeren','db/db.changelog-1.32-Release.xml','2021-06-03 16:03:43',1537,'EXECUTED','3:2574b62547c3d5e7f80b41f4e29cffe7','Custom SQL','',NULL,'2.0.2'),('1.32-021','jpigg','db/db.changelog-1.32-Release.xml','2021-06-03 16:03:44',1543,'EXECUTED','3:2d1f8799ff1b8668774024924cc3ef7a','Insert Row','',NULL,'2.0.2'),('1.32-021','qvanegeren','db/db.changelog-1.32-Release.xml','2021-06-03 16:03:43',1538,'EXECUTED','3:54cf937c7af64b6485cf1561b867aff7','Custom SQL','',NULL,'2.0.2'),('1.32-022','jpigg','db/db.changelog-1.32-Release.xml','2021-06-03 16:03:44',1544,'EXECUTED','3:962d03f861a415c710f419efcf515923','Custom SQL','',NULL,'2.0.2'),('1.32-022','qvanegeren','db/db.changelog-1.32-Release.xml','2021-06-03 16:03:44',1539,'EXECUTED','3:addebf33597a7bac3da041e2fe24adf0','Custom SQL','',NULL,'2.0.2'),('1.32-023','qvanegeren','db/db.changelog-1.32-Release.xml','2021-06-03 16:03:44',1540,'EXECUTED','3:5369437c69fffc6141624c5390e5cc42','Modify data type','',NULL,'2.0.2'),('1.32-09','ctandy','db/db.changelog-1.32-Release.xml','2021-06-03 16:03:43',1529,'EXECUTED','3:0997e7bb1c62ca0c8cd5dc7cce587c47','Custom SQL (x2)','',NULL,'2.0.2'),('1.32-12','jpigg','db/db.changelog-1.32-Release.xml','2021-06-03 16:03:42',1515,'EXECUTED','3:e24e46cbd24dde0ee3bed8df3081e835','Insert Row (x3)','',NULL,'2.0.2'),('1.32.010','jpigg','db/db.changelog-1.32-Release.xml','2021-06-03 16:03:42',1513,'EXECUTED','3:4457d6373272919946c06178d7192bf2','Add Column','',NULL,'2.0.2'),('1.32.011','jpigg','db/db.changelog-1.32-Release.xml','2021-06-03 16:03:42',1514,'EXECUTED','3:1c488c5e7bf1ac643af65177f4c98e1f','Add Column, Custom SQL','',NULL,'2.0.2'),('1.33-001','ctandy','db/db.changelog-1.33-Release.xml','2021-06-03 16:03:44',1552,'EXECUTED','3:6732172ed97f6dd8da7faccfc3e227b2','Add Column (x3)','',NULL,'2.0.2'),('1.33-001','jpigg','db/db.changelog-1.33-Release.xml','2021-06-03 16:03:44',1548,'EXECUTED','3:2705a49e3af3842b3720bbef03514838','Insert Row (x12), Custom SQL','',NULL,'2.0.2'),('1.33-001','karabfak','db/db.changelog-1.33-Release.xml','2021-06-03 16:03:44',1549,'EXECUTED','3:5699b928a73851b35e9f6abe5de618ed','Add Column, Create Index','',NULL,'2.0.2'),('1.33-001','khundley','db/db.changelog-1.33-Release.xml','2021-06-03 16:03:44',1553,'EXECUTED','3:ca1dbd08f03ff8981e8b731b84984f50','Insert Row','',NULL,'2.0.2'),('1.33-001','qvanegeren','db/db.changelog-1.33-Release.xml','2021-06-03 16:03:44',1551,'EXECUTED','3:df86fb282da8a3dcfdd2b9b7c7a0cce9','Insert Row','',NULL,'2.0.2'),('1.33-002','jpigg','db/db.changelog-1.33-Release.xml','2021-06-03 16:03:44',1560,'EXECUTED','3:e24c214d7d0f2773fcfb352725858b59','Custom SQL','',NULL,'2.0.2'),('1.33-002','karabfak','db/db.changelog-1.33-Release.xml','2021-06-03 16:03:44',1556,'EXECUTED','3:c4714360da048dda5eef59a0b14a6246','Add Column, Insert Row (x2)','',NULL,'2.0.2'),('1.33-002','khundley','db/db.changelog-1.33-Release.xml','2021-06-03 16:03:44',1554,'EXECUTED','3:366f7803c363f3d27025b253b38bf84e','Add Column','',NULL,'2.0.2'),('1.33-002','qvanegeren','db/db.changelog-1.33-Release.xml','2021-06-03 16:03:44',1550,'EXECUTED','3:a0b3f5d4056f1a1e411845481d728e45','Insert Row','',NULL,'2.0.2'),('1.33-003','jpigg','db/db.changelog-1.33-Release.xml','2021-06-03 16:03:44',1561,'EXECUTED','3:314433efe55013679adcab658389edde','Custom SQL','',NULL,'2.0.2'),('1.33-003','karabfak','db/db.changelog-1.33-Release.xml','2021-06-03 16:03:44',1558,'EXECUTED','3:467ea10cc2ef9535382112c510dc57d9','Create Index','',NULL,'2.0.2'),('1.33-003','khundley','db/db.changelog-1.33-Release.xml','2021-06-03 16:03:44',1555,'EXECUTED','3:8208fedd36087dc49a8831f7f8a2dabe','Update Data','',NULL,'2.0.2'),('1.33-004','jpigg','db/db.changelog-1.33-Release.xml','2021-06-03 16:03:44',1562,'EXECUTED','3:ddc52955c7daa58d6ad9526824579fe3','Insert Row, Custom SQL','',NULL,'2.0.2'),('1.33-004','karabfak','db/db.changelog-1.33-Release.xml','2021-06-03 16:03:44',1559,'EXECUTED','3:aae8ae730c3af1d8991c404b036efff4','Update Data','',NULL,'2.0.2'),('1.33-008','qvanegeren','db/db.changelog-1.33-Release.xml','2021-06-03 16:03:44',1557,'EXECUTED','3:93b65856ec50bdc1c9301d304bf7c2a2','Insert Row','',NULL,'2.0.2'),('1.33-009','qvanegeren','db/db.changelog-1.33-Release.xml','2021-06-03 16:03:44',1563,'EXECUTED','3:ed5bdd8a8771d29c011eab4e3419ac04','Custom SQL','',NULL,'2.0.2'),('1.33-010','qvanegeren','db/db.changelog-1.33-Release.xml','2021-06-03 16:03:44',1564,'EXECUTED','3:2c31e9c2812b32b74ab9cd2b90be3d2d','Custom SQL','',NULL,'2.0.2'),('1.33-011','qvanegeren','db/db.changelog-1.33-Release.xml','2021-06-03 16:03:44',1565,'EXECUTED','3:aa14b58ddce443631fbe250515b724c2','Custom SQL','',NULL,'2.0.2'),('1.34-001','jsantilli','db/db.changelog-1.34-Release.xml','2021-06-03 16:03:45',1583,'EXECUTED','3:75afc70f5e468e6c5641b6951bf46229','Update Data','',NULL,'2.0.2'),('1.34-001','qvanegeren','db/db.changelog-1.34-Release.xml','2021-06-03 16:03:44',1566,'EXECUTED','3:a9216a5ca809cce8ddf51642153069bd','Insert Row','',NULL,'2.0.2'),('1.34-002','jpigg','db/db.changelog-1.34-Release.xml','2021-06-03 16:03:44',1569,'EXECUTED','3:cba1e2504b9120015012ed19c8fcf5e6','Insert Row','',NULL,'2.0.2'),('1.34-002','jsantilli','db/db.changelog-1.34-Release.xml','2021-06-03 16:03:45',1584,'EXECUTED','3:e22d39a26292c90a259ee3c1e399c9f7','Update Data','',NULL,'2.0.2'),('1.34-002','qvanegeren','db/db.changelog-1.34-Release.xml','2021-06-03 16:03:44',1567,'EXECUTED','3:0d9081af76cd764edd26e02dab1dda89','Create Table','',NULL,'2.0.2'),('1.34-003','jpigg','db/db.changelog-1.34-Release.xml','2021-06-03 16:03:44',1570,'EXECUTED','3:3c2eae408550994f7640f3685a38d5f0','Insert Row (x8), Custom SQL','',NULL,'2.0.2'),('1.34-003','jsantilli','db/db.changelog-1.34-Release.xml','2021-06-03 16:03:45',1589,'EXECUTED','3:7c072e1dc36bd32eccc2edfb7c180f7a','Add Column','',NULL,'2.0.2'),('1.34-003','qvanegeren','db/db.changelog-1.34-Release.xml','2021-06-03 16:03:44',1568,'EXECUTED','3:5321f2b1c981096116d06bf1fba6aae9','Insert Row','',NULL,'2.0.2'),('1.34-004','jpigg','db/db.changelog-1.34-Release.xml','2021-06-03 16:03:44',1571,'EXECUTED','3:d07b7f95d1745a6908ad3ba6ae7d1a4b','Insert Row (x2), Custom SQL','',NULL,'2.0.2'),('1.34-004','jsantilli','db/db.changelog-1.34-Release.xml','2021-06-03 16:03:45',1590,'EXECUTED','3:a0833af48c263c34f96411c58e21a74c','Add Column','',NULL,'2.0.2'),('1.34-004','qvanegeren','db/db.changelog-1.34-Release.xml','2021-06-03 16:03:44',1580,'EXECUTED','3:3661bfb6d5efcb9b48cb47233437c155','Add Column','',NULL,'2.0.2'),('1.34-005','jpigg','db/db.changelog-1.34-Release.xml','2021-06-03 16:03:44',1572,'EXECUTED','3:f9cda371aaeb6ba51a9ae9922f7bd66c','Insert Row, Custom SQL','',NULL,'2.0.2'),('1.34-005','qvanegeren','db/db.changelog-1.34-Release.xml','2021-06-03 16:03:45',1581,'EXECUTED','3:28390b6dd39267694b97ebfadad46e89','Add Column (x5)','',NULL,'2.0.2'),('1.34-006','jpigg','db/db.changelog-1.34-Release.xml','2021-06-03 16:03:44',1573,'EXECUTED','3:02946dc106c74e73bc556e9614f8215c','Insert Row','',NULL,'2.0.2'),('1.34-006','qvanegeren','db/db.changelog-1.34-Release.xml','2021-06-03 16:03:45',1582,'EXECUTED','3:b9225665902e0df57f51ebb7e1048f91','Drop Table','',NULL,'2.0.2'),('1.34-007','jpigg','db/db.changelog-1.34-Release.xml','2021-06-03 16:03:44',1574,'EXECUTED','3:22dd2ece52d031c48ef07166825e834a','Custom SQL','',NULL,'2.0.2'),('1.34-007','qvanegeren','db/db.changelog-1.34-Release.xml','2021-06-03 16:03:45',1585,'EXECUTED','3:26f56352a6104e297e2c8c7f8924d181','Add Column','',NULL,'2.0.2'),('1.34-008','jpigg','db/db.changelog-1.34-Release.xml','2021-06-03 16:03:44',1575,'EXECUTED','3:834dd5f88021107048d12021c3ba5b91','Insert Row (x2), Custom SQL','',NULL,'2.0.2'),('1.34-008','qvanegeren','db/db.changelog-1.34-Release.xml','2021-06-03 16:03:45',1586,'EXECUTED','3:e0f1dce198583aefe34ae8fa9d9fc893','Drop Not-Null Constraint','',NULL,'2.0.2'),('1.34-009','jpigg','db/db.changelog-1.34-Release.xml','2021-06-03 16:03:44',1576,'EXECUTED','3:084d4bc396ea5c645e7e815251189a46','Insert Row (x2), Custom SQL','',NULL,'2.0.2'),('1.34-010','jpigg','db/db.changelog-1.34-Release.xml','2021-06-03 16:03:44',1577,'EXECUTED','3:e99eaa834e49b807275822ad00b568c3','Insert Row (x5), Custom SQL','',NULL,'2.0.2'),('1.34-011','jpigg','db/db.changelog-1.34-Release.xml','2021-06-03 16:03:44',1578,'EXECUTED','3:d57f20f6052f423be5bcec04ea41ad9f','Insert Row, Custom SQL','',NULL,'2.0.2'),('1.34-012','jpigg','db/db.changelog-1.34-Release.xml','2021-06-03 16:03:44',1579,'EXECUTED','3:402b55f965bd5bb0fc622f4017767abb','Custom SQL','',NULL,'2.0.2'),('1.34-013','jpigg','db/db.changelog-1.34-Release.xml','2021-06-03 16:03:45',1587,'EXECUTED','3:46863948c3bf9e48932ac0443350c8b6','Custom SQL','',NULL,'2.0.2'),('1.34-014','jpigg','db/db.changelog-1.34-Release.xml','2021-06-03 16:03:45',1588,'EXECUTED','3:e5487f87bfdfc2eaa98bb1a0d1bfb63e','Insert Row','',NULL,'2.0.2'),('1.35-001','ctandy','db/db.changelog-1.35-Release.xml','2021-06-03 16:03:45',1591,'EXECUTED','3:31f244f8428fa96b78ce206a663c004d','Insert Row','',NULL,'2.0.2'),('1.35-001','jpigg','db/db.changelog-1.35-Release.xml','2021-06-03 16:03:46',1626,'EXECUTED','3:81557b79d3915a0eff8a743b21d267a1','Insert Row','',NULL,'2.0.2'),('1.35-001','jsantilli','db/db.changelog-1.35-Release.xml','2021-06-03 16:03:46',1629,'EXECUTED','3:890f02adc3d958813eace43af7d3cdfa','Add Column','',NULL,'2.0.2'),('1.35-001','khundley','db/db.changelog-1.35-Release.xml','2021-06-03 16:03:45',1595,'EXECUTED','3:968fd38d82549805e6465f6bba1fa3ed','Create Table','',NULL,'2.0.2'),('1.35-001','qvanegeren','db/db.changelog-1.35-Release.xml','2021-06-03 16:03:45',1594,'EXECUTED','3:1113a60e6279bab826060b10509dfa37','Add Column','',NULL,'2.0.2'),('1.35-002','ctandy','db/db.changelog-1.35-Release.xml','2021-06-03 16:03:45',1592,'EXECUTED','3:3305ac563aefabc617f03e3488af98d8','Insert Row','',NULL,'2.0.2'),('1.35-002','jpigg','db/db.changelog-1.35-Release.xml','2021-06-03 16:03:46',1627,'EXECUTED','3:1d04f7c24f09380e0c6f2ad6706c24d9','Custom SQL','',NULL,'2.0.2'),('1.35-002','khundley','db/db.changelog-1.35-Release.xml','2021-06-03 16:03:45',1596,'EXECUTED','3:4777aa1fd7d6ad683b57445dfe49c6f0','Create Table','',NULL,'2.0.2'),('1.35-002','qvanegeren','db/db.changelog-1.35-Release.xml','2021-06-03 16:03:45',1600,'EXECUTED','3:871fab22402b07b0a0cacb2755de4c6a','Add Column','',NULL,'2.0.2'),('1.35-003','ctandy','db/db.changelog-1.35-Release.xml','2021-06-03 16:03:45',1593,'EXECUTED','3:3d9051aec0369fd77edd8e75c5b89c3a','Update Data','',NULL,'2.0.2'),('1.35-003','jpigg','db/db.changelog-1.35-Release.xml','2021-06-03 16:03:46',1628,'EXECUTED','3:e7d74e01dea305ed03c2cff27ea5b3dc','Custom SQL','',NULL,'2.0.2'),('1.35-003','khundley','db/db.changelog-1.35-Release.xml','2021-06-03 16:03:45',1597,'EXECUTED','3:94f310d2524163423d67a69e090454f0','Create Table','',NULL,'2.0.2'),('1.35-003','qvanegeren','db/db.changelog-1.35-Release.xml','2021-06-03 16:03:46',1617,'EXECUTED','3:5cd0a2580defb9a3ab2d59ddb685ce89','Add Column','',NULL,'2.0.2'),('1.35-004','ctandy','db/db.changelog-1.35-Release.xml','2021-06-03 16:03:45',1599,'EXECUTED','3:76145fad66026efbb4641cf7ff724d7e','Insert Row (x2)','',NULL,'2.0.2'),('1.35-004','jpigg','db/db.changelog-1.35-Release.xml','2021-06-03 16:03:46',1630,'EXECUTED','3:d02b931958bbf9ee1813d80dd4887360','Custom SQL','',NULL,'2.0.2'),('1.35-004','khundley','db/db.changelog-1.35-Release.xml','2021-06-03 16:03:45',1598,'EXECUTED','3:4128a49830e80d013d3ec752bcd2173d','Update Data','',NULL,'2.0.2'),('1.35-004','qvanegeren','db/db.changelog-1.35-Release.xml','2021-06-03 16:03:46',1618,'EXECUTED','3:c945f9f15f157eb4f6f3386fe7d21b80','Custom SQL','',NULL,'2.0.2'),('1.35-005','ctandy','db/db.changelog-1.35-Release.xml','2021-06-03 16:03:45',1601,'EXECUTED','3:87c7610aa47cce23a7666fe0c9c2db09','Insert Row (x2)','',NULL,'2.0.2'),('1.35-005','jpigg','db/db.changelog-1.35-Release.xml','2021-06-03 16:03:46',1631,'EXECUTED','3:b1c0ada4190648e616b53d83b6d435b7','Insert Row','',NULL,'2.0.2'),('1.35-005','khundley','db/db.changelog-1.35-Release.xml','2021-06-03 16:03:45',1603,'EXECUTED','3:574346541854f54cefe0f32683f6f140','Insert Row (x7)','',NULL,'2.0.2'),('1.35-005','qvanegeren','db/db.changelog-1.35-Release.xml','2021-06-03 16:03:46',1619,'EXECUTED','3:4e4330be9c4501a8ae2f314f920b1601','Insert Row','',NULL,'2.0.2'),('1.35-006','ctandy','db/db.changelog-1.35-Release.xml','2021-06-03 16:03:45',1602,'EXECUTED','3:9cb31d2b1e8a8011209b7e484521c9ce','Insert Row, Custom SQL (x3), Insert Row, Custom SQL','',NULL,'2.0.2'),('1.35-006','jpigg','db/db.changelog-1.35-Release.xml','2021-06-03 16:03:46',1632,'EXECUTED','3:07f3584de62c3e1864ab1e03394adfd6','Insert Row (x4)','',NULL,'2.0.2'),('1.35-006','khundley','db/db.changelog-1.35-Release.xml','2021-06-03 16:03:45',1604,'EXECUTED','3:0771f94414783a7269fecdb47f825d8e','Add Column','',NULL,'2.0.2'),('1.35-006','qvanegeren','db/db.changelog-1.35-Release.xml','2021-06-03 16:03:46',1623,'EXECUTED','3:363533997a4896e93a4ef782f6f4ddc9','Insert Row','',NULL,'2.0.2'),('1.35-007','ctandy','db/db.changelog-1.35-Release.xml','2021-06-03 16:03:45',1606,'EXECUTED','3:241cbe4863cebc89d4289ab4fa64a16a','Insert Row','',NULL,'2.0.2'),('1.35-007','jpigg','db/db.changelog-1.35-Release.xml','2021-06-03 16:03:46',1633,'EXECUTED','3:a2370821e939a6f056bf1dcc5989a24b','Insert Row, Custom SQL','',NULL,'2.0.2'),('1.35-007','khundley','db/db.changelog-1.35-Release.xml','2021-06-03 16:03:45',1605,'EXECUTED','3:07cde3d6d369920929f47eaf9dea995b','Add Column','',NULL,'2.0.2'),('1.35-007','qvanegeren','db/db.changelog-1.35-Release.xml','2021-06-03 16:03:46',1652,'EXECUTED','3:4161378c0150d9259d312cad272747c0','Custom SQL','',NULL,'2.0.2'),('1.35-008','ctandy','db/db.changelog-1.35-Release.xml','2021-06-03 16:03:45',1607,'EXECUTED','3:c961e31304a97634bf3476e519a4b514','Insert Row','',NULL,'2.0.2'),('1.35-008','jpigg','db/db.changelog-1.35-Release.xml','2021-06-03 16:03:46',1634,'EXECUTED','3:8a78abe1f5a04802ececa0a0ed0d18e2','Insert Row, Custom SQL','',NULL,'2.0.2'),('1.35-008','khundley','db/db.changelog-1.35-Release.xml','2021-06-03 16:03:45',1609,'EXECUTED','3:8684d6175653efd8e4de165f0f938731','Insert Row','',NULL,'2.0.2'),('1.35-009','ctandy','db/db.changelog-1.35-Release.xml','2021-06-03 16:03:45',1608,'EXECUTED','3:1a49de09381faad273af191c440258b6','Insert Row','',NULL,'2.0.2'),('1.35-009','jpigg','db/db.changelog-1.35-Release.xml','2021-06-03 16:03:46',1635,'EXECUTED','3:4d8dcee6c438ae6f44214aa6b2733703','Insert Row, Custom SQL','',NULL,'2.0.2'),('1.35-009','khundley','db/db.changelog-1.35-Release.xml','2021-06-03 16:03:45',1611,'EXECUTED','3:844a90b64384d0e7aa4fe3297ba4790a','Drop Not-Null Constraint','',NULL,'2.0.2'),('1.35-010','jpigg','db/db.changelog-1.35-Release.xml','2021-06-03 16:03:46',1636,'EXECUTED','3:01267830d1740b1fed5fd5eb752e08cf','Insert Row, Custom SQL','',NULL,'2.0.2'),('1.35-010','khundley','db/db.changelog-1.35-Release.xml','2021-06-03 16:03:46',1612,'EXECUTED','3:e3841995b59c77bde33bdb5e36194bfa','Add Column','',NULL,'2.0.2'),('1.35-011','ctandy','db/db.changelog-1.35-Release.xml','2021-06-03 16:03:45',1610,'EXECUTED','3:1c2ba312e8cc239892ba3303e0de941c','Insert Row (x2)','',NULL,'2.0.2'),('1.35-011','jpigg','db/db.changelog-1.35-Release.xml','2021-06-03 16:03:46',1637,'EXECUTED','3:42e91648a2e927085be7111c2c5baf31','Insert Row, Custom SQL','',NULL,'2.0.2'),('1.35-011','khundley','db/db.changelog-1.35-Release.xml','2021-06-03 16:03:46',1613,'EXECUTED','3:1def7a9705c5dd6634344f6c86986963','Insert Row (x5)','',NULL,'2.0.2'),('1.35-012','ctandy','db/db.changelog-1.35-Release.xml','2021-06-03 16:03:46',1620,'EXECUTED','3:9721157f4ec7aeb0a71105ddcb612311','Add Column (x2)','',NULL,'2.0.2'),('1.35-012','jpigg','db/db.changelog-1.35-Release.xml','2021-06-03 16:03:46',1638,'EXECUTED','3:6a677eecb2c36dd371bcc2190a91e152','Insert Row, Custom SQL','',NULL,'2.0.2'),('1.35-012','khundley','db/db.changelog-1.35-Release.xml','2021-06-03 16:03:46',1614,'EXECUTED','3:356f2354641b66981ef9891abee02257','Custom SQL','',NULL,'2.0.2'),('1.35-013','ctandy','db/db.changelog-1.35-Release.xml','2021-06-03 16:03:46',1624,'EXECUTED','3:91a8e61f5a9857a54c4d80678e758331','Custom SQL (x3)','',NULL,'2.0.2'),('1.35-013','jpigg','db/db.changelog-1.35-Release.xml','2021-06-03 16:03:46',1639,'EXECUTED','3:ce98c5a65883dbda990af652ccb8ed72','Custom SQL, Insert Row','',NULL,'2.0.2'),('1.35-013','khundley','db/db.changelog-1.35-Release.xml','2021-06-03 16:03:46',1615,'EXECUTED','3:2efde826c9d444eb7153782bbedb582c','Update Data','',NULL,'2.0.2'),('1.35-014','ctandy','db/db.changelog-1.35-Release.xml','2021-06-03 16:03:46',1625,'EXECUTED','3:56fda75c7612cce2ed1d19bdcee81eed','Rename Column','',NULL,'2.0.2'),('1.35-014','jpigg','db/db.changelog-1.35-Release.xml','2021-06-03 16:03:46',1640,'EXECUTED','3:efa1c9d4ea63c94abd4ebd76572fe1e8','Insert Row (x2), Custom SQL','',NULL,'2.0.2'),('1.35-014','khundley','db/db.changelog-1.35-Release.xml','2021-06-03 16:03:46',1616,'EXECUTED','3:d398a6b5564df5f282aa11537d8f8f82','Add Column','',NULL,'2.0.2'),('1.35-015','jpigg','db/db.changelog-1.35-Release.xml','2021-06-03 16:03:46',1641,'EXECUTED','3:753503d3e25e2be1a002549ba1806e32','Insert Row (x2), Custom SQL, Insert Row, Custom SQL, Insert Row, Custom SQL','',NULL,'2.0.2'),('1.35-015','khundley','db/db.changelog-1.35-Release.xml','2021-06-03 16:03:46',1621,'EXECUTED','3:2a0b98442d5fa4b3324c6d5fca9d21ca','Add Column','',NULL,'2.0.2'),('1.35-016','jpigg','db/db.changelog-1.35-Release.xml','2021-06-03 16:03:46',1642,'EXECUTED','3:4a20c7ff683877f7af39c225e3218f24','Insert Row, Custom SQL','',NULL,'2.0.2'),('1.35-016','khundley','db/db.changelog-1.35-Release.xml','2021-06-03 16:03:46',1622,'EXECUTED','3:c0d21656849912e507b4637ee96fd496','Create Index','',NULL,'2.0.2'),('1.35-017','jpigg','db/db.changelog-1.35-Release.xml','2021-06-03 16:03:46',1643,'EXECUTED','3:5e909bace7274af11fa6561bd4578e32','Insert Row (x3), Custom SQL','',NULL,'2.0.2'),('1.35-018','jpigg','db/db.changelog-1.35-Release.xml','2021-06-03 16:03:46',1644,'EXECUTED','3:8863d34baf1900eb5b83b0fb7e66cbcb','Insert Row (x2), Custom SQL','',NULL,'2.0.2'),('1.35-019','jpigg','db/db.changelog-1.35-Release.xml','2021-06-03 16:03:46',1645,'EXECUTED','3:549f58d4f14894809e8dfb8e51828b8f','Insert Row, Custom SQL','',NULL,'2.0.2'),('1.35-020','jpigg','db/db.changelog-1.35-Release.xml','2021-06-03 16:03:46',1646,'EXECUTED','3:50c0db3b5c6633eeee3622eaca192760','Insert Row, Custom SQL, Insert Row, Custom SQL, Insert Row, Custom SQL','',NULL,'2.0.2'),('1.35-021','jpigg','db/db.changelog-1.35-Release.xml','2021-06-03 16:03:46',1647,'EXECUTED','3:ea0141cef34bd55e0c27cc137658cee1','Insert Row, Custom SQL','',NULL,'2.0.2'),('1.35-022','jpigg','db/db.changelog-1.35-Release.xml','2021-06-03 16:03:46',1648,'EXECUTED','3:ace029aeba64dea0f2d997718450c9bd','Insert Row, Custom SQL','',NULL,'2.0.2'),('1.35-023','jpigg','db/db.changelog-1.35-Release.xml','2021-06-03 16:03:46',1649,'EXECUTED','3:8a97ed707ebbe7a1e909228e97040971','Insert Row, Custom SQL','',NULL,'2.0.2'),('1.35-024','jpigg','db/db.changelog-1.35-Release.xml','2021-06-03 16:03:46',1650,'EXECUTED','3:209b928fe30dc2feb9c7fa2f23600fb4','Insert Row','',NULL,'2.0.2'),('1.35-025','jpigg','db/db.changelog-1.35-Release.xml','2021-06-03 16:03:46',1651,'EXECUTED','3:722742b826099874217dff3d3b8445ef','Insert Row, Custom SQL','',NULL,'2.0.2'),('1.35-026','jpigg','db/db.changelog-1.35-Release.xml','2021-06-03 16:03:46',1653,'EXECUTED','3:af8a1478e9c22bc4c7a77859820b1cf7','Insert Row, Custom SQL','',NULL,'2.0.2'),('1.35-027','jpigg','db/db.changelog-1.35-Release.xml','2021-06-03 16:03:46',1654,'EXECUTED','3:e0cd209e24372032c45ba599d0ce64e8','Custom SQL','',NULL,'2.0.2'),('1.36-001','ctandy','db/db.changelog-1.36-Release.xml','2021-06-03 16:03:47',1665,'EXECUTED','3:14dad599a8221c0274053590003a8ec1','Insert Row','',NULL,'2.0.2'),('1.36-001','jpigg','db/db.changelog-1.36-Release.xml','2021-06-03 16:03:47',1666,'EXECUTED','3:7e730d191bc571602615cf7c67d915ab','Insert Row, Custom SQL','',NULL,'2.0.2'),('1.36-001','jsantilli','db/db.changelog-1.36-Release.xml','2021-06-03 16:03:46',1655,'EXECUTED','3:af89d5211fde3452a7d9277512341dca','Add Column','',NULL,'2.0.2'),('1.36-001','karabfak','db/db.changelog-1.36-Release.xml','2021-06-03 16:03:47',1675,'EXECUTED','3:0b68ff232fe21080d2ca79e8a35f34c0','Drop Index (x2)','',NULL,'2.0.2'),('1.36-001','khundley','db/db.changelog-1.36-Release.xml','2021-06-03 16:03:46',1656,'EXECUTED','3:43ebda7eb7a305d598cba64d8daeb9aa','Insert Row','',NULL,'2.0.2'),('1.36-001','qvanegeren','db/db.changelog-1.36-Release.xml','2021-06-03 16:03:47',1661,'EXECUTED','3:6ecdd96d9cba1dae5657518f74fa4878','Add Column','',NULL,'2.0.2'),('1.36-002','ctandy','db/db.changelog-1.36-Release.xml','2021-06-03 16:03:47',1672,'EXECUTED','3:f970c9a46cb7714fdd4435bbac91a329','Create Index','',NULL,'2.0.2'),('1.36-002','jsantilli','db/db.changelog-1.36-Release.xml','2021-06-03 16:03:47',1673,'EXECUTED','3:6dfc0061b16a73f636f13e0f571236db','Create Table','',NULL,'2.0.2'),('1.36-002','karabfak','db/db.changelog-1.36-Release.xml','2021-06-03 16:03:47',1676,'EXECUTED','3:0fb30bf9c75bb534b017282aa68ae288','Create Index (x2)','',NULL,'2.0.2'),('1.36-002','khundley','db/db.changelog-1.36-Release.xml','2021-06-03 16:03:46',1657,'EXECUTED','3:7c60a014d2b46267479edcd54d07062c','Insert Row','',NULL,'2.0.2'),('1.36-002','qvanegeren','db/db.changelog-1.36-Release.xml','2021-06-03 16:03:47',1662,'EXECUTED','3:42515e02a9e8362b54693aaf55c828c3','Insert Row','',NULL,'2.0.2'),('1.36-003','ctandy','db/db.changelog-1.36-Release.xml','2021-06-03 16:03:47',1677,'EXECUTED','3:7e72894282e84d95fb9bd9fb754f2d6f','Create Index (x3)','',NULL,'2.0.2'),('1.36-003','jsantilli','db/db.changelog-1.36-Release.xml','2021-06-03 16:03:47',1674,'EXECUTED','3:2eeb525378f725d89b8ba46d614190a7','Create Table','',NULL,'2.0.2'),('1.36-003','khundley','db/db.changelog-1.36-Release.xml','2021-06-03 16:03:46',1658,'EXECUTED','3:735c06ae1c1f1562a22b6600396a4247','Create Table','',NULL,'2.0.2'),('1.36-003','qvanegeren','db/db.changelog-1.36-Release.xml','2021-06-03 16:03:47',1663,'EXECUTED','3:0c4eccb08041903ae01c5c4ba3a8ac3e','Insert Row','',NULL,'2.0.2'),('1.36-004','khundley','db/db.changelog-1.36-Release.xml','2021-06-03 16:03:46',1659,'EXECUTED','3:5e980df7f77de0b1864419c45f5bea45','Create Table','',NULL,'2.0.2'),('1.36-004','qvanegeren','db/db.changelog-1.36-Release.xml','2021-06-03 16:03:47',1664,'EXECUTED','3:c01874ff88a36b866aab20947eedd958','Create Index','',NULL,'2.0.2'),('1.36-005','khundley','db/db.changelog-1.36-Release.xml','2021-06-03 16:03:46',1660,'EXECUTED','3:2b71efcd054101445e2f2bfab15acbe1','Add Column','',NULL,'2.0.2'),('1.36-005','qvanegeren','db/db.changelog-1.37-Release.xml','2021-06-03 16:03:47',1683,'EXECUTED','3:6e9acacf79f4598388f89600d6465ae5','Insert Row','',NULL,'2.0.2'),('1.36-006','khundley','db/db.changelog-1.36-Release.xml','2021-06-03 16:03:47',1667,'EXECUTED','3:44d0ce5e99616a2b97528220fe5327c6','Add Column','',NULL,'2.0.2'),('1.36-007','khundley','db/db.changelog-1.36-Release.xml','2021-06-03 16:03:47',1668,'EXECUTED','3:eec9ac55eba80808e68ad51eea53c421','Add Column','',NULL,'2.0.2'),('1.36-008','khundley','db/db.changelog-1.36-Release.xml','2021-06-03 16:03:47',1669,'EXECUTED','3:0df6a405fe8c2ff54185dfa4b3021377','Update Data','',NULL,'2.0.2'),('1.36-009','khundley','db/db.changelog-1.36-Release.xml','2021-06-03 16:03:47',1670,'EXECUTED','3:5fa0178939823ff20bff243cd66298c0','Create Index','',NULL,'2.0.2'),('1.36-010','khundley','db/db.changelog-1.36-Release.xml','2021-06-03 16:03:47',1671,'EXECUTED','3:64504388a3ee3e4479cd7fb57d07bf61','Update Data','',NULL,'2.0.2'),('1.37-001','jpigg','db/db.changelog-1.37-Release.xml','2021-06-03 16:04:34',1813,'EXECUTED','3:3fe22c7e977b6b613307b5c46e0bb563','Custom SQL (x2)','',NULL,'2.0.2'),('1.37-001','jsantilli','db/db.changelog-1.37-Release.xml','2021-06-03 16:03:47',1681,'EXECUTED','3:83d6b0239fc7aefd4589ec2aad5b8317','Add Column','',NULL,'2.0.2'),('1.37-001','karabfak','db/db.changelog-1.37-Release.xml','2021-06-03 16:03:48',1689,'EXECUTED','3:fdc5e62ea9cc101fca6a15ade2204f97','Create Index (x2)','',NULL,'2.0.2'),('1.37-001','khundley','db/db.changelog-1.37-Release.xml','2021-06-03 16:04:34',1809,'EXECUTED','3:7042e848b5310d42d2b78d94c9a6b2f0','Create Index','',NULL,'2.0.2'),('1.37-001','qvanegeren','db/db.changelog-1.37-Release.xml','2021-06-03 16:03:47',1678,'EXECUTED','3:23253b3a7281fa7e93692549103e75e7','Add Column','',NULL,'2.0.2'),('1.37-002','jsantilli','db/db.changelog-1.37-Release.xml','2021-06-03 16:03:47',1682,'EXECUTED','3:22dd6f1fd8bc448bc4265c3f4693a48c','Insert Row','',NULL,'2.0.2'),('1.37-002','qvanegeren','db/db.changelog-1.37-Release.xml','2021-06-03 16:03:47',1679,'EXECUTED','3:307157360fe60fde3eb2375772be94a4','Add Column','',NULL,'2.0.2'),('1.37-003','jsantilli','db/db.changelog-1.37-Release.xml','2021-06-03 16:04:34',1806,'EXECUTED','3:51ff71259b248b97f606432196e01979','Drop Column','',NULL,'2.0.2'),('1.37-003','karabfak','db/db.changelog-1.37-Release.xml','2017-05-03 16:04:22',1799,'EXECUTED','3:425f5c815ef9a4e9dc97afdc2d1faf9a','Create Index (x2)','',NULL,'2.0.2'),('1.37-003','qvanegeren','db/db.changelog-1.37-Release.xml','2021-06-03 16:03:47',1680,'EXECUTED','3:e618ccda46726233f079137307f31fb8','Add Column','',NULL,'2.0.2'),('1.37-004','jsantilli','db/db.changelog-1.37-Release.xml','2021-06-03 16:04:34',1807,'EXECUTED','3:7c7a7e39260a5c212f04d07b43c3dfaf','Add Column','',NULL,'2.0.2'),('1.37-004','karabfak','db/db.changelog-1.37-Release.xml','2021-06-03 16:04:33',1804,'EXECUTED','3:7dec2c92a9908cc5e51a6827b0c364d8','Create Index','',NULL,'2.0.2'),('1.37-005','jsantilli','db/db.changelog-1.37-Release.xml','2021-06-03 16:04:34',1814,'EXECUTED','3:fb5f6739e0927d338df0e3024d63f0f2','Update Data','',NULL,'2.0.2'),('1.37-005','karabfak','db/db.changelog-1.37-Release.xml','2021-06-03 16:04:34',1808,'EXECUTED','3:313f80db4df76fd4e5ab9bcce736a250','Drop Index, Create Index','',NULL,'2.0.2'),('1.37-006','karabfak','db/db.changelog-1.37-Release.xml','2021-06-03 16:04:34',1816,'EXECUTED','3:ebad3c1dfa52e9392d5483ae309c02e9','Drop Index','',NULL,'2.0.2'),('1.37-006','qvanegeren','db/db.changelog-1.37-Release.xml','2021-06-03 16:03:47',1684,'EXECUTED','3:572188de7c5ec63f2fef05aba7eb29e6','Add Column','',NULL,'2.0.2'),('1.37-007','qvanegeren','db/db.changelog-1.37-Release.xml','2021-06-03 16:03:47',1685,'EXECUTED','3:b7e9158758174eb9be33791b5e20b2b0','Custom SQL','',NULL,'2.0.2'),('1.37-008','ctandy','db/db.changelog-1.37-Release.xml','2021-06-03 16:04:33',1800,'EXECUTED','3:219d28c2a394cb2c28e7b4114f195aea','Insert Row (x2)','',NULL,'2.0.2'),('1.37-008','qvanegeren','db/db.changelog-1.37-Release.xml','2021-06-03 16:03:47',1686,'EXECUTED','3:90bc74aa8362389fc6263d675729e636','Custom SQL','',NULL,'2.0.2'),('1.37-009','ctandy','db/db.changelog-1.37-Release.xml','2021-06-03 16:04:33',1801,'EXECUTED','3:85807fdc7ab7ca17f417a7e53d2fe056','Update Data','',NULL,'2.0.2'),('1.37-009','qvanegeren','db/db.changelog-1.37-Release.xml','2021-06-03 16:03:47',1687,'EXECUTED','3:be8d7ee61fff1f21d153e9a85bf9fafc','Custom SQL','',NULL,'2.0.2'),('1.37-010','ctandy','db/db.changelog-1.37-Release.xml','2021-06-03 16:04:33',1805,'EXECUTED','3:872379032bf9b4dc36f47447039b2256','Update Data (x2)','',NULL,'2.0.2'),('1.37-010','qvanegeren','db/db.changelog-1.37-Release.xml','2021-06-03 16:03:48',1688,'EXECUTED','3:d8083f8d5599d22c12fa5266f76924a2','Modify data type','',NULL,'2.0.2'),('1.37-011','qvanegeren','db/db.changelog-1.37-Release.xml','2021-06-03 16:04:33',1802,'EXECUTED','3:7cbe9678f4a48595a9047ad3f6df8112','Add Column','',NULL,'2.0.2'),('1.37-012','qvanegeren','db/db.changelog-1.37-Release.xml','2021-06-03 16:04:33',1803,'EXECUTED','3:f90866c57947a8eea71d32343364bcea','Modify data type','',NULL,'2.0.2'),('1.37-014','qvanegeren','db/db.changelog-1.37-Release.xml','2021-06-03 16:04:34',1810,'EXECUTED','3:e1a2cbfc78e4ce2e31569a9241187b81','Custom SQL, SQL From File','',NULL,'2.0.2'),('1.37-015','qvanegeren','db/db.changelog-1.37-Release.xml','2021-06-03 16:04:34',1811,'EXECUTED','3:40b79d646e7dedce43e0747b03167dfe','Custom SQL','',NULL,'2.0.2'),('1.37-016','qvanegeren','db/db.changelog-1.37-Release.xml','2021-06-03 16:04:34',1812,'EXECUTED','3:9850267afe19a7190efb8ee2808a2168','Custom SQL','',NULL,'2.0.2'),('1.37-017','qvanegeren','db/db.changelog-1.37-Release.xml','2021-06-03 16:04:34',1815,'EXECUTED','3:e511bf4f112f196dfe6a0c42846c006d','Custom SQL','',NULL,'2.0.2'),('1.38-001','jsantilli','db/db.changelog-1.38-Release.xml','2021-06-03 16:04:36',1860,'EXECUTED','3:a04f7a258ede629f7515009826be8274','Update Data','',NULL,'2.0.2'),('1.38-001','karabfak','db/db.changelog-1.38-Release.xml','2021-06-03 16:04:36',1869,'EXECUTED','3:cfd45f6d80eabd17a2635be68be75310','Drop Foreign Key Constraint, Drop Index','',NULL,'2.0.2'),('1.38-001','khundley','db/db.changelog-1.38-Release.xml','2021-06-03 16:04:35',1839,'EXECUTED','3:4cc71dc078c4b4eaba59ef732af50e39','Insert Row (x2), Custom SQL','',NULL,'2.0.2'),('1.38-001','qvanegeren','db/db.changelog-1.38-Release.xml','2021-06-03 16:04:34',1817,'EXECUTED','3:5a5aaa241908adc2efe62f409178d02d','Insert Row','',NULL,'2.0.2'),('1.38-002','jsantilli','db/db.changelog-1.38-Release.xml','2021-06-03 16:04:36',1868,'EXECUTED','3:d073c2b68ba946fda01b941b6975e1a4','Modify data type','',NULL,'2.0.2'),('1.38-002','khundley','db/db.changelog-1.38-Release.xml','2021-06-03 16:04:35',1841,'EXECUTED','3:dcc66610795505b950aaa3b04ff91e71','Insert Row','',NULL,'2.0.2'),('1.38-002','qvanegeren','db/db.changelog-1.38-Release.xml','2021-06-03 16:04:34',1818,'EXECUTED','3:ca8c195ec1a6b4bfe735da93f272f7a9','Create Table','',NULL,'2.0.2'),('1.38-003','ctandy','db/db.changelog-1.38-Release.xml','2021-06-03 16:04:35',1837,'EXECUTED','3:dc79029a3333a57c353b1b8c790d4e10','Custom SQL, SQL From File','',NULL,'2.0.2'),('1.38-003','khundley','db/db.changelog-1.38-Release.xml','2021-06-03 16:04:35',1845,'EXECUTED','3:d4efcea8bac5c36bdbef4c46c1d67e2c','Add Column','',NULL,'2.0.2'),('1.38-003','qvanegeren','db/db.changelog-1.38-Release.xml','2021-06-03 16:04:34',1819,'EXECUTED','3:456d5c0e6154e50176d84b863e7cf413','Create Table','',NULL,'2.0.2'),('1.38-004','ctandy','db/db.changelog-1.38-Release.xml','2021-06-03 16:04:35',1843,'EXECUTED','3:2bfc2d4ad1bbd1ed6cb726b9989e7fbb','Update Data','',NULL,'2.0.2'),('1.38-004','khundley','db/db.changelog-1.38-Release.xml','2021-06-03 16:04:35',1846,'EXECUTED','3:4b987707860853b67af2a3924b51be40','Add Column','',NULL,'2.0.2'),('1.38-004','qvanegeren','db/db.changelog-1.38-Release.xml','2021-06-03 16:04:34',1820,'EXECUTED','3:95e7ebca6be057a5e508ab1d2664d595','Create Table','',NULL,'2.0.2'),('1.38-005','ctandy','db/db.changelog-1.38-Release.xml','2021-06-03 16:04:35',1847,'EXECUTED','3:9c0ae1ea27b0bc9f7d5fbccbadb68d21','Create Table','',NULL,'2.0.2'),('1.38-005','khundley','db/db.changelog-1.38-Release.xml','2021-06-03 16:04:36',1856,'EXECUTED','3:fdc200ad4ff93667e2c12bd6a1408c16','Drop Column','',NULL,'2.0.2'),('1.38-005','qvanegeren','db/db.changelog-1.38-Release.xml','2021-06-03 16:04:34',1821,'EXECUTED','3:e3f1419254ff71640b746eefc77a5cd2','Insert Row (x4)','',NULL,'2.0.2'),('1.38-006','ctandy','db/db.changelog-1.38-Release.xml','2021-06-03 16:04:35',1848,'EXECUTED','3:0a65013fd512c5cec0cb24595d88f7de','Insert Row','',NULL,'2.0.2'),('1.38-006','khundley','db/db.changelog-1.38-Release.xml','2021-06-03 16:04:36',1857,'EXECUTED','3:29dcc0bec2f14dca3e1aacfae49fba79','Add Column','',NULL,'2.0.2'),('1.38-006','qvanegeren','db/db.changelog-1.38-Release.xml','2021-06-03 16:04:34',1822,'EXECUTED','3:0cb8ce4c0a373d997709d80c11ac118c','Insert Row (x3)','',NULL,'2.0.2'),('1.38-007','ctandy','db/db.changelog-1.38-Release.xml','2021-06-03 16:04:36',1863,'EXECUTED','3:772fd6c404cccff49e6b4a30c8a29c06','Add Column','',NULL,'2.0.2'),('1.38-007','khundley','db/db.changelog-1.38-Release.xml','2021-06-03 16:04:36',1862,'EXECUTED','3:12c5c5dfc63a90fc950c91d3f5db0beb','Add Column','',NULL,'2.0.2'),('1.38-007','qvanegeren','db/db.changelog-1.38-Release.xml','2021-06-03 16:04:34',1823,'EXECUTED','3:f59f7d1db84637be543b4f723870b255','Insert Row (x2)','',NULL,'2.0.2'),('1.38-008','khundley','db/db.changelog-1.38-Release.xml','2021-06-03 16:04:36',1864,'EXECUTED','3:9e046f8379e33edc0febd850a7e161c2','Delete Data','',NULL,'2.0.2'),('1.38-008','qvanegeren','db/db.changelog-1.38-Release.xml','2021-06-03 16:04:34',1824,'EXECUTED','3:c6ff15fe1de0cbc57885a9668ab96895','Create Table','',NULL,'2.0.2'),('1.38-009','khundley','db/db.changelog-1.38-Release.xml','2021-06-03 16:04:36',1870,'EXECUTED','3:0685ad3c4b3acbcba1d00f89b8cf5063','Add Foreign Key Constraint','',NULL,'2.0.2'),('1.38-009','qvanegeren','db/db.changelog-1.38-Release.xml','2021-06-03 16:04:34',1825,'EXECUTED','3:6a255226dfc230c8cfa9473570c13131','Insert Row, Add Column','',NULL,'2.0.2'),('1.38-010','khundley','db/db.changelog-1.38-Release.xml','2021-06-03 16:04:36',1871,'EXECUTED','3:a61dcf783903a75285173792c86c8c64','Add Foreign Key Constraint','',NULL,'2.0.2'),('1.38-010','qvanegeren','db/db.changelog-1.38-Release.xml','2021-06-03 16:04:34',1826,'EXECUTED','3:4b9e7ec8fa8f2b9bc9db325a37c4f5f8','Insert Row','',NULL,'2.0.2'),('1.38-011','khundley','db/db.changelog-1.38-Release.xml','2021-06-03 16:04:36',1872,'EXECUTED','3:56bd7da88a201ca2d8350687e032120c','Create Index','',NULL,'2.0.2'),('1.38-011','qvanegeren','db/db.changelog-1.38-Release.xml','2021-06-03 16:04:34',1827,'EXECUTED','3:9ec9dfc487a2810a9744061fba64e95f','Insert Row, Custom SQL (x3), Insert Row, Custom SQL, Insert Row, Custom SQL','',NULL,'2.0.2'),('1.38-012','khundley','db/db.changelog-1.38-Release.xml','2017-07-21 14:29:35',1889,'EXECUTED','3:aa44e25b04a5b36a66339bbcb1972f1a','Create Index','',NULL,'2.0.2'),('1.38-012','qvanegeren','db/db.changelog-1.38-Release.xml','2021-06-03 16:04:34',1828,'EXECUTED','3:1af0d5f56a23ede1a59d4cb4417edb53','Insert Row (x4)','',NULL,'2.0.2'),('1.38-013','khundley','db/db.changelog-1.38-Release.xml','2021-06-03 16:05:09',1890,'EXECUTED','3:e5e9e4546403f66c8e46db09c02b05b4','Create Index','',NULL,'2.0.2'),('1.38-013','qvanegeren','db/db.changelog-1.38-Release.xml','2021-06-03 16:04:34',1829,'EXECUTED','3:fa39d85af2aaf361c8243f794d196047','Insert Row','',NULL,'2.0.2'),('1.38-014','khundley','db/db.changelog-1.38-Release.xml','2021-06-03 16:05:09',1892,'EXECUTED','3:4473361c38086988d7a2db3778c77f2e','Update Data','',NULL,'2.0.2'),('1.38-014','qvanegeren','db/db.changelog-1.38-Release.xml','2021-06-03 16:04:34',1830,'EXECUTED','3:904c42186412315c9fc15befdcadc042','Custom SQL','',NULL,'2.0.2'),('1.38-015','qvanegeren','db/db.changelog-1.38-Release.xml','2021-06-03 16:04:34',1831,'EXECUTED','3:335391583cee8f197517777f3dde09ba','Insert Row (x2)','',NULL,'2.0.2'),('1.38-017','qvanegeren','db/db.changelog-1.38-Release.xml','2021-06-03 16:04:34',1832,'EXECUTED','3:c7548d519a0c5db74d8bbf8340be8cb7','Insert Row','',NULL,'2.0.2'),('1.38-018','qvanegeren','db/db.changelog-1.38-Release.xml','2021-06-03 16:04:35',1833,'EXECUTED','3:76865a388dfda1e6ba3aca8af8d901e0','Add Column (x3)','',NULL,'2.0.2'),('1.38-019','qvanegeren','db/db.changelog-1.38-Release.xml','2021-06-03 16:04:35',1834,'EXECUTED','3:cd392497ae7a6b5fe447184a28359ebe','Custom SQL','',NULL,'2.0.2'),('1.38-020','qvanegeren','db/db.changelog-1.38-Release.xml','2021-06-03 16:04:35',1835,'EXECUTED','3:7cbbde0d473964f657e1683266dfeb39','Drop Column','',NULL,'2.0.2'),('1.38-021','qvanegeren','db/db.changelog-1.38-Release.xml','2021-06-03 16:04:35',1836,'EXECUTED','3:3f4cdad800b8dfd4573160dfebb5c461','Modify data type','',NULL,'2.0.2'),('1.38-022','qvanegeren','db/db.changelog-1.38-Release.xml','2021-06-03 16:04:35',1840,'EXECUTED','3:cd564d16bba571843c8c27dbfae39fb2','Insert Row','',NULL,'2.0.2'),('1.38-023','qvanegeren','db/db.changelog-1.38-Release.xml','2021-06-03 16:04:35',1842,'EXECUTED','3:f3ee75597ed8d5a1c1a661d04e98ea21','Add Column','',NULL,'2.0.2'),('1.38-024','qvanegeren','db/db.changelog-1.38-Release.xml','2021-06-03 16:04:35',1844,'EXECUTED','3:84ab08ea648ab8fdf92d989f319c03a8','Create Table','',NULL,'2.0.2'),('1.38-025','qvanegeren','db/db.changelog-1.38-Release.xml','2021-06-03 16:04:36',1849,'EXECUTED','3:915184754410e9676d91e7a35e83b955','Add Column','',NULL,'2.0.2'),('1.38-026','qvanegeren','db/db.changelog-1.38-Release.xml','2021-06-03 16:04:36',1850,'EXECUTED','3:246ff06975d84848b6a43fe8e7c66ad9','Drop Table','',NULL,'2.0.2'),('1.38-027','qvanegeren','db/db.changelog-1.38-Release.xml','2021-06-03 16:04:36',1851,'EXECUTED','3:5cc4d0afac6d3cc75a24a6f00768491a','Create Table','',NULL,'2.0.2'),('1.38-028','qvanegeren','db/db.changelog-1.38-Release.xml','2021-06-03 16:04:36',1852,'EXECUTED','3:9625021cf0f69ac40655089d4cad656d','Custom SQL','',NULL,'2.0.2'),('1.38-029','qvanegeren','db/db.changelog-1.38-Release.xml','2021-06-03 16:04:36',1853,'EXECUTED','3:0116108ca4065f560cc3dbb9019a1206','Add Column','',NULL,'2.0.2'),('1.38-030','qvanegeren','db/db.changelog-1.38-Release.xml','2021-06-03 16:04:36',1854,'EXECUTED','3:5cf65a2acfb854e919b25eec2ccc683d','Create Table','',NULL,'2.0.2'),('1.38-031','qvanegeren','db/db.changelog-1.38-Release.xml','2021-06-03 16:04:36',1855,'EXECUTED','3:1fd19213fbd20314702211fd1219f518','Insert Row','',NULL,'2.0.2'),('1.38-032','qvanegeren','db/db.changelog-1.38-Release.xml','2021-06-03 16:04:36',1858,'EXECUTED','3:1f0fab7856933edd95f661c46ef53151','Modify data type','',NULL,'2.0.2'),('1.38-033','qvanegeren','db/db.changelog-1.38-Release.xml','2021-06-03 16:04:36',1859,'EXECUTED','3:5647b33fd07223971e9cee3fdbc0af78','Custom SQL','',NULL,'2.0.2'),('1.38-034','qvanegeren','db/db.changelog-1.38-Release.xml','2021-06-03 16:04:36',1861,'EXECUTED','3:94852bf28d6a2679c1fb10e399259ac3','Custom SQL','',NULL,'2.0.2'),('1.38-035','qvanegeren','db/db.changelog-1.38-Release.xml','2021-06-03 16:04:36',1865,'EXECUTED','3:31d6f61cc2ea6e32ce5a2b0d58bcc89d','Create Table','',NULL,'2.0.2'),('1.38-036','qvanegeren','db/db.changelog-1.38-Release.xml','2021-06-03 16:04:36',1866,'EXECUTED','3:66fa2537ee5a7d79205e39d7326f275a','Add Column','',NULL,'2.0.2'),('1.38-037','qvanegeren','db/db.changelog-1.38-Release.xml','2021-06-03 16:04:36',1867,'EXECUTED','3:b04d0a50d8fef218f5d137d423409a56','Add Column','',NULL,'2.0.2'),('1.38-038','qvanegeren','db/db.changelog-1.38-Release.xml','2021-06-03 16:05:09',1891,'EXECUTED','3:961a22ca86895d425fbe68ece503aaa7','Custom SQL','',NULL,'2.0.2'),('1.38.001','jpigg','db/db.changelog-1.38-Release.xml','2021-06-03 16:04:35',1838,'EXECUTED','3:5ee38dd9e6fc9641c568e854cf700ade','Drop Not-Null Constraint','',NULL,'2.0.2'),('1.39-001','jsantilli','db/db.changelog-1.39-Release.xml','2021-06-03 16:06:40',1894,'EXECUTED','3:3a144ca10e67a92de76853e05a4c8668','Insert Row','',NULL,'2.0.2'),('1.39-001','khundley','db/db.changelog-1.39-Release.xml','2017-07-21 14:29:35',1891,'EXECUTED','3:c8d1f29bde24d7e9b72513dcc8d8e723','Modify data type','',NULL,'2.0.2'),('1.39-001','qvanegeren','db/db.changelog-1.39-Release.xml','2017-07-11 10:32:44',1883,'MARK_RAN','3:84991e51805f0778ab79d756ed04f246','Drop Index','',NULL,'2.0.2'),('1.39-002','jsantilli','db/db.changelog-1.39-Release.xml','2021-06-03 16:06:40',1897,'EXECUTED','3:a9e6384b16ab4335069c7906ff311ba5','Add Column','',NULL,'2.0.2'),('1.39-002','khundley','db/db.changelog-1.39-Release.xml','2017-09-08 10:28:57',1903,'EXECUTED','3:9c95344a4e893951c5ad560f94156e75','Drop Foreign Key Constraint','',NULL,'2.0.2'),('1.39-002','qvanegeren','db/db.changelog-1.39-Release.xml','2021-06-03 16:06:09',1893,'EXECUTED','3:d368fe690280952d0b1e333d3d579e7e','Create Index','',NULL,'2.0.2'),('1.39-003','ctandy','db/db.changelog-1.39-Release.xml','2021-06-03 16:06:40',1896,'EXECUTED','3:4185ba6092c271e42cc0b1eafdc1dfef','Rename Column','',NULL,'2.0.2'),('1.39-003','khundley','db/db.changelog-1.39-Release.xml','2017-09-08 10:28:58',1904,'EXECUTED','3:5b6d29ea4e651cb579970c540e0cee3e','Drop Index','',NULL,'2.0.2'),('1.39-003','qvanegeren','db/db.changelog-1.39-Release.xml','2021-06-03 16:06:40',1895,'EXECUTED','3:3d5ee3e9dd0da20a38e8df296d6701db','Add Column','',NULL,'2.0.2'),('1.39-004','ctandy','db/db.changelog-1.39-Release.xml','2021-06-03 16:06:40',1898,'EXECUTED','3:e15e697cb1f68ac69d9743a1dc9b0a10','Add Column','',NULL,'2.0.2'),('1.39-004','khundley','db/db.changelog-1.39-Release.xml','2021-06-03 16:10:07',1905,'EXECUTED','3:6b3fca0acefb41603b933e1b9230081b','Insert Row','',NULL,'2.0.2'),('1.39-005','ctandy','db/db.changelog-1.39-Release.xml','2021-06-03 16:06:40',1899,'EXECUTED','3:0c8ddc555fc27bee1a4266453aa8e0f9','Add Column','',NULL,'2.0.2'),('1.4-001','khundley','db/db.changelog-1.4-Release.xml','2021-06-03 16:02:47',358,'EXECUTED','3:07005bd58c4b6812ea3996626822018f','Add Column (x2)','',NULL,'2.0.2'),('1.4-002','khundley','db/db.changelog-1.4-Release.xml','2021-06-03 16:02:47',360,'EXECUTED','3:299be919c7940f8eb6ebaf0165aea797','Add Column','',NULL,'2.0.2'),('1.4-003','khundley','db/db.changelog-1.4-Release.xml','2021-06-03 16:02:47',364,'EXECUTED','3:d27468d8f19d3d3f2d3793255c4e5269','Insert Row','',NULL,'2.0.2'),('1.4-004','khundley','db/db.changelog-1.4-Release.xml','2021-06-03 16:02:47',365,'EXECUTED','3:4759ea1343b82544510999e18f089e58','Modify data type','',NULL,'2.0.2'),('1.4-005','khundley','db/db.changelog-1.4-Release.xml','2021-06-03 16:02:47',366,'EXECUTED','3:f366d6f2630eedb209a3be9761673c24','Create Table, Add Foreign Key Constraint (x2)','',NULL,'2.0.2'),('1.4-006','khundley','db/db.changelog-1.4-Release.xml','2021-06-03 16:02:48',367,'EXECUTED','3:832ba88bf5815d03e262d72e7d7ea342','Create Table, Add Foreign Key Constraint (x2), Add Column, Add Foreign Key Constraint','',NULL,'2.0.2'),('1.4-007','khundley','db/db.changelog-1.4-Release.xml','2021-06-03 16:02:48',371,'EXECUTED','3:4bbc8ee868fae4d2ce6e067b84c9bb5e','Add Column, Rename Column','',NULL,'2.0.2'),('1.4-008','khundley','db/db.changelog-1.4-Release.xml','2021-06-03 16:02:48',372,'EXECUTED','3:7584da3d9111af00452c3329742a0330','Add Default Value, Update Data','',NULL,'2.0.2'),('1.4-008','qvanegeren','db/db.changelog-1.4-Release.xml','2021-06-03 16:02:48',375,'EXECUTED','3:5dbfd3fccda040d9fd0f812262483f56','Add Column','',NULL,'2.0.2'),('1.4-009','khundley','db/db.changelog-1.4-Release.xml','2021-06-03 16:02:48',373,'EXECUTED','3:ff6a24dd0d6953606d7e6e3380922f4e','Insert Row, Custom SQL, Insert Row, Custom SQL','',NULL,'2.0.2'),('1.4-010','khundley','db/db.changelog-1.4-Release.xml','2021-06-03 16:02:48',374,'EXECUTED','3:2508b1d009b2f65f03b6f797a6c8e8dc','Update Data','',NULL,'2.0.2'),('1.4-011','khundley','db/db.changelog-1.4-Release.xml','2021-06-03 16:02:48',376,'EXECUTED','3:992a73a6ed2d9d5fa200ba40df543024','Insert Row (x2)','',NULL,'2.0.2'),('1.4-011','qvanegeren','db/db.changelog-1.4-Release.xml','2021-06-03 16:02:48',377,'EXECUTED','3:81c798d9030fd263bb9b9042b5ec6139','Custom SQL','',NULL,'2.0.2'),('1.4-012','qvanegeren','db/db.changelog-1.4-Release.xml','2021-06-03 16:02:48',378,'EXECUTED','3:1faf8ceefa9f7bd3cb193dd194255f79','Custom SQL','',NULL,'2.0.2'),('1.4-013','khundley','db/db.changelog-1.4-Release.xml','2021-06-03 16:02:48',379,'EXECUTED','3:0db096f371b921ef20cb8956a8771ced','Update Data','',NULL,'2.0.2'),('1.4-014','qvanegeren','db/db.changelog-1.4-Release.xml','2021-06-03 16:02:48',380,'EXECUTED','3:9eedfd8d8f3eb0732f7afee7ff28d15f','Custom SQL','',NULL,'2.0.2'),('1.4-015','qvanegeren','db/db.changelog-1.4-Release.xml','2021-06-03 16:02:48',381,'EXECUTED','3:5da1d491ebab1156ffea5cc859571d9f','Custom SQL','',NULL,'2.0.2'),('1.40-001','ctandy','db/db.changelog-1.40-Release.xml','2021-06-03 16:10:07',1906,'EXECUTED','3:dd181f0c3f986dd1285dcaf942f9d044','Add Column','',NULL,'2.0.2'),('1.40-001','jsantilli','db/db.changelog-1.40-Release.xml','2021-06-03 16:10:07',1907,'EXECUTED','3:bbcab90e7c84aae60605f72d46708046','Create Table','',NULL,'2.0.2'),('1.40-001','qvanegeren','db/db.changelog-1.40-Release.xml','2021-06-03 16:10:07',1909,'EXECUTED','3:cc5a91b56d693f2e421a403abe7e5d20','Add Column','',NULL,'2.0.2'),('1.40-002','jsantilli','db/db.changelog-1.40-Release.xml','2021-06-03 16:10:07',1908,'EXECUTED','3:536653deb34b896dbf6a450478d58dae','Create Index','',NULL,'2.0.2'),('1.40-002','qvanegeren','db/db.changelog-1.40-Release.xml','2021-06-03 16:10:07',1910,'EXECUTED','3:e575a63e89ce6a41baf52fbf09caf91c','Insert Row','',NULL,'2.0.2'),('1.40-003','jsantilli','db/db.changelog-1.40-Release.xml','2021-06-03 16:10:07',1913,'EXECUTED','3:0a217f08613eaa911e6209c049f40184','Add Column','',NULL,'2.0.2'),('1.40-003','qvanegeren','db/db.changelog-1.40-Release.xml','2021-06-03 16:10:07',1911,'EXECUTED','3:9572583b26f7003d1e82a59f7a0aac58','Custom SQL','',NULL,'2.0.2'),('1.40-004','jsantilli','db/db.changelog-1.40-Release.xml','2021-06-03 16:10:07',1914,'EXECUTED','3:c69f2771402c194f600d3bbad2dd6c41','Custom SQL','',NULL,'2.0.2'),('1.40-004','qvanegeren','db/db.changelog-1.40-Release.xml','2021-06-03 16:10:07',1912,'EXECUTED','3:90cbb058b7f5d7f00dcbdb54340110cc','Create Index','',NULL,'2.0.2'),('1.40-005','jsantilli','db/db.changelog-1.40-Release.xml','2021-06-03 16:10:07',1915,'EXECUTED','3:064d31201d345a3115fd5b2b21323864','Insert Row','',NULL,'2.0.2'),('1.40-005','qvanegeren','db/db.changelog-1.40-Release.xml','2021-06-03 16:10:07',1917,'EXECUTED','3:7cb31e00509227d1e32343eaf641a3d0','Add Column','This field is NOT in the model object, and is only used by the Interface team for alerting',NULL,'2.0.2'),('1.40-006','jsantilli','db/db.changelog-1.40-Release.xml','2021-06-03 16:10:07',1916,'EXECUTED','3:82186547ddbd18bab01c2719633a0307','Insert Row, Custom SQL','',NULL,'2.0.2'),('1.40-006','qvanegeren','db/db.changelog-1.40-Release.xml','2021-06-03 16:10:07',1918,'EXECUTED','3:1da94f987971b149295849ef5e5b2b38','Custom SQL','',NULL,'2.0.2'),('1.40-007','jsantilli','db/db.changelog-1.40-Release.xml','2021-06-03 16:10:07',1919,'EXECUTED','3:ba7b75183c49b1539004edff1b9dba00','Add Not-Null Constraint','',NULL,'2.0.2'),('1.40-007','qvanegeren','db/db.changelog-1.40-Release.xml','2021-06-03 16:10:07',1921,'EXECUTED','3:b993a6eb99a91ac6c2ec1cf292684b06','Custom SQL','',NULL,'2.0.2'),('1.40-008','jsantilli','db/db.changelog-1.40-Release.xml','2021-06-03 16:10:07',1920,'EXECUTED','3:45a1caea9450edb5c6c96115a7d27b4f','Add Default Value','',NULL,'2.0.2'),('1.40-009','jsantilli','db/db.changelog-1.40-Release.xml','2021-06-03 16:10:07',1922,'EXECUTED','3:6f2af98e15dda6badefdd166e72d147f','Add Column','',NULL,'2.0.2'),('1.41-001','ctandy','db/db.changelog-1.41-Release.xml','2021-06-03 16:10:08',1927,'EXECUTED','3:dcac8d6fe4e3c9c7b3570c4df437cfea','Add Column, Drop Column (x2)','',NULL,'2.0.2'),('1.41-001','jsantilli','db/db.changelog-1.41-Release.xml','2021-06-03 16:10:07',1924,'EXECUTED','3:6ef82c138b065407dfb87e40ea75fe63','Create Table','',NULL,'2.0.2'),('1.41-001','qvanegeren','db/db.changelog-1.41-Release.xml','2021-06-03 16:10:07',1923,'EXECUTED','3:023abd484c902b864a45d0ebb3df24ea','Custom SQL','',NULL,'2.0.2'),('1.41-002','jsantilli','db/db.changelog-1.41-Release.xml','2021-06-03 16:10:07',1925,'EXECUTED','3:fb8ac3fe908c0e1af5a556f4f1c44547','Insert Row','',NULL,'2.0.2'),('1.41-003','ctandy','db/db.changelog-1.41-Release.xml','2021-06-03 16:10:08',1929,'EXECUTED','3:eb82d9e03d235f734f8d2e9103e91ef7','Delete Data, Insert Row (x2)','',NULL,'2.0.2'),('1.41-003','jsantilli','db/db.changelog-1.41-Release.xml','2021-06-03 16:10:07',1926,'EXECUTED','3:2065c4b3d818395800740b595659d15b','Insert Row','',NULL,'2.0.2'),('1.41-004','jsantilli','db/db.changelog-1.41-Release.xml','2021-06-03 16:10:08',1930,'EXECUTED','3:15a827f47295171f82c2da762311d5e6','Insert Row','',NULL,'2.0.2'),('1.41-005','ctandy','db/db.changelog-1.41-Release.xml','2021-06-03 16:14:22',1937,'EXECUTED','3:4286b11ab593038ea0dbc7ba0c701a01','Rename Column','',NULL,'2.0.2'),('1.41-005','jsantilli','db/db.changelog-1.41-Release.xml','2021-06-03 16:10:08',1931,'EXECUTED','3:ab42aaf591caf165f1bf51b980e74391','Custom SQL','',NULL,'2.0.2'),('1.41-006','ctandy','db/db.changelog-1.41-Release.xml','2021-06-03 16:14:22',1938,'EXECUTED','3:48a7c19d367730c62d94d17b8d5a4d28','Rename Column','',NULL,'2.0.2'),('1.41-006','jsantilli','db/db.changelog-1.41-Release.xml','2021-06-03 16:10:08',1932,'EXECUTED','3:01dfc77c28850b36aaa3ba71e8dde258','Custom SQL','',NULL,'2.0.2'),('1.41-007','ctandy','db/db.changelog-1.41-Release.xml','2021-06-03 16:14:22',1939,'EXECUTED','3:4286b11ab593038ea0dbc7ba0c701a01','Rename Column','',NULL,'2.0.2'),('1.41-007','jsantilli','db/db.changelog-1.41-Release.xml','2017-10-11 15:20:23',1933,'MARK_RAN','3:3bf7bb028b7d16795137b1920801863a','Drop Index','',NULL,'2.0.2'),('1.41-008','ctandy','db/db.changelog-1.41-Release.xml','2021-06-03 16:14:22',1940,'EXECUTED','3:aeca5ab3bb4591388a2a53b8323e521f','Insert Row','',NULL,'2.0.2'),('1.41-008','jsantilli','db/db.changelog-1.41-Release.xml','2021-06-03 16:14:21',1934,'EXECUTED','3:b552d1e5351af1d85384f4f265893e7e','Create Index','',NULL,'2.0.2'),('1.41-009','ctandy','db/db.changelog-1.41-Release.xml','2021-06-03 16:14:22',1941,'EXECUTED','3:fb7738b16f3af24f77c8a86b79f888a8','Custom SQL','',NULL,'2.0.2'),('1.41-009','jsantilli','db/db.changelog-1.41-Release.xml','2021-06-03 16:14:21',1935,'EXECUTED','3:d3040bb8ad4b25ee66b10f7993758381','Insert Row','',NULL,'2.0.2'),('1.41-010','ctandy','db/db.changelog-1.41-Release.xml','2021-06-03 16:14:22',1942,'EXECUTED','3:ab493eeabee60fb3b093e60a02b42d42','Custom SQL','',NULL,'2.0.2'),('1.42-001','jsantilli','db/db.changelog-1.42-Release.xml','2021-06-03 16:14:22',1945,'EXECUTED','3:bdddd49910cef587a432821add4a83ad','Insert Row','',NULL,'2.0.2'),('1.42-001','khundley','db/db.changelog-1.42-Release.xml','2021-06-03 16:14:22',1943,'EXECUTED','3:de3cadd799bbbfb467b20e9b00494a33','Insert Row','',NULL,'2.0.2'),('1.42-001','qvanegeren','db/db.changelog-1.42-Release.xml','2021-06-03 16:14:22',1947,'EXECUTED','3:763299ed9358c9eb279a9de7fd0f2f0c','Add Column','',NULL,'2.0.2'),('1.42-002','jsantilli','db/db.changelog-1.42-Release.xml','2021-06-03 16:14:22',1946,'EXECUTED','3:2fa6c2d392b40f92d319c3362a1e44af','Insert Row','',NULL,'2.0.2'),('1.42-002','khundley','db/db.changelog-1.42-Release.xml','2021-06-03 16:14:22',1944,'EXECUTED','3:13a386d356ce43983a09b35671b73cc6','Insert Row','',NULL,'2.0.2'),('1.42-002','qvanegeren','db/db.changelog-1.42-Release.xml','2021-06-03 16:14:22',1948,'EXECUTED','3:df5597a5a1facf19b74fce700832af83','Add Column','',NULL,'2.0.2'),('1.42-003','qvanegeren','db/db.changelog-1.42-Release.xml','2017-11-08 14:16:37',1945,'MARK_RAN','3:d72ffa70e573b3adf2b5cd1d319258c3','Create Index','',NULL,'2.0.2'),('1.43-001','ctandy','db/db.changelog-1.43-Release.xml','2021-06-03 16:17:55',1949,'EXECUTED','3:2d706333e591ff8ad7a281dfd0763a82','Update Data','',NULL,'2.0.2'),('1.43-001','jsantilli','db/db.changelog-1.43-Release.xml','2021-06-03 16:17:55',1952,'EXECUTED','3:ac83899b0540699b7cfe08a3dfc61e13','Add Column','',NULL,'2.0.2'),('1.43-001','qvanegeren','db/db.changelog-1.43-Release.xml','2021-06-03 16:17:55',1953,'EXECUTED','3:533b9dea4f8a082230d761f1966824c9','Custom SQL','',NULL,'2.0.2'),('1.43-002','ctandy','db/db.changelog-1.43-Release.xml','2021-06-03 16:17:55',1950,'EXECUTED','3:9225b879dc7dc4ec5fce70a1d81a148a','Custom SQL','',NULL,'2.0.2'),('1.43-002','jsantilli','db/db.changelog-1.43-Release.xml','2021-06-03 16:17:55',1954,'EXECUTED','3:0823b3e0a20a926629ca98a55ab95ad4','Insert Row','',NULL,'2.0.2'),('1.43-003','ctandy','db/db.changelog-1.43-Release.xml','2021-06-03 16:17:55',1951,'EXECUTED','3:7e0759b9cc581ae57ea6bddc2e854589','Custom SQL','',NULL,'2.0.2'),('1.44-001','jsantilli','db/db.changelog-1.44-Release.xml','2021-06-03 16:17:55',1955,'EXECUTED','3:5537863b039efbe5d33e151eb3eec55e','Create Table','',NULL,'2.0.2'),('1.44-001','khundley','db/db.changelog-1.44-Release.xml','2021-06-03 16:17:56',1971,'EXECUTED','3:f27b190cc3222575a03d48bc923b4fa4','Insert Row','',NULL,'2.0.2'),('1.44-001','qvanegeren','db/db.changelog-1.44-Release.xml','2021-06-03 16:17:55',1959,'EXECUTED','3:d5fa4e67c5ad23c59995c6351aa3dca4','Insert Row','',NULL,'2.0.2'),('1.44-002','jsantilli','db/db.changelog-1.44-Release.xml','2021-06-03 16:17:55',1958,'EXECUTED','3:4d9be8c7bf2eb8afeb3be4110cf2a008','Create Table','',NULL,'2.0.2'),('1.44-002','khundley','db/db.changelog-1.44-Release.xml','2021-06-03 16:17:56',1972,'EXECUTED','3:971e46aed59be5e76242dd3249d49e7a','Insert Row','',NULL,'2.0.2'),('1.44-002','qvanegeren','db/db.changelog-1.44-Release.xml','2021-06-03 16:17:55',1960,'EXECUTED','3:a4b53cd09ec77f66523f24dca3f0d468','Insert Row','',NULL,'2.0.2'),('1.44-003','jsantilli','db/db.changelog-1.44-Release.xml','2021-06-03 16:17:55',1964,'EXECUTED','3:3f797e588a14c9a7cd5c2a8bf930459b','Insert Row','',NULL,'2.0.2'),('1.44-003','khundley','db/db.changelog-1.44-Release.xml','2021-06-03 16:17:56',1973,'EXECUTED','3:e42df2e91ca3aaf6c57fef691e12b193','Add Column','',NULL,'2.0.2'),('1.44-003','qvanegeren','db/db.changelog-1.44-Release.xml','2021-06-03 16:17:55',1961,'EXECUTED','3:9da025fb857e14add15703f811f3692e','Create Table','',NULL,'2.0.2'),('1.44-004','khundley','db/db.changelog-1.44-Release.xml','2021-06-03 16:17:56',1974,'EXECUTED','3:1de3eca957ecfbba447c51f17eaf163a','Create Table','',NULL,'2.0.2'),('1.44-004','qvanegeren','db/db.changelog-1.44-Release.xml','2021-06-03 16:17:55',1962,'EXECUTED','3:a15a5a225735ef0d66419ff412a97576','Add Column','',NULL,'2.0.2'),('1.44-005','khundley','db/db.changelog-1.44-Release.xml','2021-06-03 16:17:56',1975,'EXECUTED','3:9a66d796692838496126af51b9c43e32','Create Index','',NULL,'2.0.2'),('1.44-005','qvanegeren','db/db.changelog-1.44-Release.xml','2021-06-03 16:17:55',1963,'EXECUTED','3:6927050bfc27ad1af950dee49c35efa8','Drop Not-Null Constraint (x3)','',NULL,'2.0.2'),('1.44-006','khundley','db/db.changelog-1.44-Release.xml','2021-06-03 16:17:56',1976,'EXECUTED','3:0e6c1483ffa8ef5d8c349ea34053ff79','Create Index','',NULL,'2.0.2'),('1.44-007','khundley','db/db.changelog-1.44-Release.xml','2021-06-03 16:17:56',1977,'EXECUTED','3:f10542ecf9448b1bae6d98ee26e55d92','Add Column','',NULL,'2.0.2'),('1.44-008','khundley','db/db.changelog-1.44-Release.xml','2021-06-03 16:17:56',1978,'EXECUTED','3:49bcd8e038a4442d59a6873f511c25e8','Add Column','',NULL,'2.0.2'),('1.44-009','khundley','db/db.changelog-1.44-Release.xml','2021-06-03 16:17:56',1979,'EXECUTED','3:8340b3826b41d7f6976fe868c1048e2d','Create Index','',NULL,'2.0.2'),('1.44-01','ctandy','db/db.changelog-1.44-Release.xml','2021-06-03 16:17:56',1968,'EXECUTED','3:b73f24e45b2d4394db0b7b2c387d1ceb','Custom SQL','',NULL,'2.0.2'),('1.44-010','khundley','db/db.changelog-1.44-Release.xml','2021-06-03 16:17:56',1980,'EXECUTED','3:0a51164fc779c38808f14ffffe9a3b43','Update Data','',NULL,'2.0.2'),('1.44-011','khundley','db/db.changelog-1.44-Release.xml','2021-06-03 16:17:56',1981,'EXECUTED','3:55519e131896287f46a81afd3f770cb2','Update Data','',NULL,'2.0.2'),('1.44-012','khundley','db/db.changelog-1.44-Release.xml','2021-06-03 16:17:56',1982,'EXECUTED','3:7bb8bb903f4258b17f5ac490e6952b3f','Insert Row','',NULL,'2.0.2'),('1.44-013','khundley','db/db.changelog-1.44-Release.xml','2021-06-03 16:17:56',1983,'EXECUTED','3:38fb7746b60ca138a1415b3a923e0631','Insert Row','',NULL,'2.0.2'),('1.44-014','khundley','db/db.changelog-1.44-Release.xml','2021-06-03 16:17:56',1984,'EXECUTED','3:062af64553312c177dd2a338ace36ad2','Custom SQL','',NULL,'2.0.2'),('1.44-015','khundley','db/db.changelog-1.44-Release.xml','2021-06-03 16:17:56',1985,'EXECUTED','3:d6ce5e111f01c6cc585f76952fcf7894','Create Table','',NULL,'2.0.2'),('1.44-016','khundley','db/db.changelog-1.44-Release.xml','2021-06-03 16:17:56',1986,'EXECUTED','3:ec691d93bca061c10beb20f69f6516b4','Create Index','',NULL,'2.0.2'),('1.44-017','khundley','db/db.changelog-1.44-Release.xml','2021-06-03 16:17:56',1987,'EXECUTED','3:725950182f436f030d15b5e65758b8b6','Custom SQL','',NULL,'2.0.2'),('1.44-018','khundley','db/db.changelog-1.44-Release.xml','2021-06-03 16:17:56',1988,'EXECUTED','3:6a8e1f9ccdfc9a8ffa67a1f68dac2602','Custom SQL','',NULL,'2.0.2'),('1.44-019','khundley','db/db.changelog-1.44-Release.xml','2021-06-03 16:17:56',1993,'EXECUTED','3:66038e4258ee4a610c4fb2dabf16a12d','Add Column','',NULL,'2.0.2'),('1.44-02','ctandy','db/db.changelog-1.44-Release.xml','2021-06-03 16:17:56',1969,'EXECUTED','3:1f4b1492860113141cce9984eddb1610','Custom SQL','',NULL,'2.0.2'),('1.44-020','khundley','db/db.changelog-1.44-Release.xml','2021-06-03 16:17:56',1994,'EXECUTED','3:b55e8c83f6397088b123342fecefdae7','Insert Row','',NULL,'2.0.2'),('1.44-021','khundley','db/db.changelog-1.44-Release.xml','2021-06-03 16:17:56',1995,'EXECUTED','3:36b3a2885a73f07ada43749e5ea8b0d8','Custom SQL','',NULL,'2.0.2'),('1.44-022','khundley','db/db.changelog-1.44-Release.xml','2021-06-03 16:17:56',1996,'EXECUTED','3:3556efcd426c361e23770a3c0f36a1e1','Create Index','',NULL,'2.0.2'),('1.44-023','khundley','db/db.changelog-1.44-Release.xml','2021-06-03 16:17:56',1997,'EXECUTED','3:142233cbeaa8f19a14ac9e29979fd50e','Insert Row','',NULL,'2.0.2'),('1.44.4801-001','jsantilli','db/db.changelog-1.44-Release.xml','2021-06-03 16:17:56',2002,'EXECUTED','3:029aad88ed6a7c6b3085d19d06e52f77','Add Column','',NULL,'2.0.2'),('1.44.4801-001','qvanegeren','db/db.changelog-1.44-Release.xml','2021-06-03 16:17:56',1998,'EXECUTED','3:39f8a320d57811988b50d312dd9328e5','Add Column','',NULL,'2.0.2'),('1.44.4801-002','jsantilli','db/db.changelog-1.44-Release.xml','2021-06-03 16:17:56',2003,'EXECUTED','3:90a9f47eeef994333d9bfb0fa4342858','Add Column','',NULL,'2.0.2'),('1.44.4801-003','qvanegeren','db/db.changelog-1.44-Release.xml','2021-06-03 16:17:56',1999,'EXECUTED','3:d93816cf318dbed6998100cd26eca83b','Insert Row','',NULL,'2.0.2'),('1.44.4801-004','qvanegeren','db/db.changelog-1.44-Release.xml','2021-06-03 16:17:56',2000,'EXECUTED','3:e325c0be6bce3b13746cce0aba0e5aa6','Insert Row','',NULL,'2.0.2'),('1.44.4801-005','qvanegeren','db/db.changelog-1.44-Release.xml','2021-06-03 16:17:56',2001,'EXECUTED','3:a70fe5c2ae9681e6fcc4bfaab2c95767','Insert Row','',NULL,'2.0.2'),('1.44.4801-006','qvanegeren','db/db.changelog-1.44-Release.xml','2021-06-03 16:17:56',2004,'EXECUTED','3:76b3fdf276a96ceebbb7a9c4156bb196','Add Column','',NULL,'2.0.2'),('1.44.4801-007','qvanegeren','db/db.changelog-1.44-Release.xml','2021-06-03 16:17:56',2005,'EXECUTED','3:355526962207bc34d460d4d11b06a501','Custom SQL','',NULL,'2.0.2'),('1.44.4801-008','qvanegeren','db/db.changelog-1.44-Release.xml','2021-06-03 16:17:56',2006,'EXECUTED','3:14e2c400f8e634eb2c6a7b01db2b0b8e','Custom SQL','',NULL,'2.0.2'),('1.44.4801-009','qvanegeren','db/db.changelog-1.44-Release.xml','2021-06-03 16:17:56',2007,'EXECUTED','3:142e65b143b3e78eda33c6331195d3fa','Custom SQL','',NULL,'2.0.2'),('1.44.4801-010','qvanegeren','db/db.changelog-1.44-Release.xml','2021-06-03 16:17:57',2008,'EXECUTED','3:5939ecd7a525d85fad08d8f8233a8372','Add Column','',NULL,'2.0.2'),('1.44.4861-001','qvanegeren','db/db.changelog-1.44-Release.xml','2021-06-03 16:17:55',1956,'EXECUTED','3:6bf96b2ebfddd34532515607dc92a879','Create Table','',NULL,'2.0.2'),('1.44.4879-001','jsantilli','db/db.changelog-1.44-Release.xml','2021-06-03 16:17:55',1965,'EXECUTED','3:7fe04e2cf561f1c6c8f3e593edcc9324','Create Index','',NULL,'2.0.2'),('1.44.4879-002','jsantilli','db/db.changelog-1.44-Release.xml','2021-06-03 16:17:55',1966,'EXECUTED','3:64176fe0fb7462130256605a17cb4732','Create Index','',NULL,'2.0.2'),('1.44.4879-003','jsantilli','db/db.changelog-1.44-Release.xml','2021-06-03 16:17:56',1967,'EXECUTED','3:75d7cb4add973886d6758479c0b7aed1','Create Index','',NULL,'2.0.2'),('1.44.4993-001','qvanegeren','db/db.changelog-1.44-Release.xml','2021-06-03 16:17:55',1957,'EXECUTED','3:079b1441584a68a65c6cf4d2e8fffc75','Add Column','',NULL,'2.0.2'),('1.44.5015-001','qvanegeren','db/db.changelog-1.44-Release.xml','2021-06-03 16:17:56',1970,'EXECUTED','3:8016d94858a751390c1aacd3ad94a62f','Custom SQL','',NULL,'2.0.2'),('1.44.5104-001','ctandy','db/db.changelog-1.44-Release.xml','2021-06-03 16:17:56',1989,'EXECUTED','3:5da303a9a9fd3bd81945180e19c37a20','Insert Row','',NULL,'2.0.2'),('1.44.5256-001','ctandy','db/db.changelog-1.44-Release.xml','2021-06-03 16:17:56',1990,'EXECUTED','3:2484bf327d9bb0f1c82bbcccaac815d9','Insert Row (x7)','',NULL,'2.0.2'),('1.44.5332-001','ctandy','db/db.changelog-1.44-Release.xml','2021-06-03 16:17:56',1991,'EXECUTED','3:8ea1ee7f2dc219a6d4cd74dfd6ac3c91','Custom SQL','',NULL,'2.0.2'),('1.45.2.5971-001','ctandy','db/db.changelog-1.45-Release.xml','2021-06-03 16:29:30',2049,'EXECUTED','3:c6f3c427cafc01c7bffa763f7dbef04c','Custom SQL','',NULL,'2.0.2'),('1.45.2.6060-001','karabfak','db/db.changelog-1.45-Release.xml','2021-06-03 16:29:30',2050,'EXECUTED','3:4bf1ba905dec3a965134c5461137ab28','Custom SQL','',NULL,'2.0.2'),('1.45.2721-001','ctandy','db/db.changelog-1.45-Release.xml','2021-06-03 16:17:57',2009,'EXECUTED','3:94b9938b520e1038fb3b68a3566c0ab1','Create Table, Create Index','',NULL,'2.0.2'),('1.45.2721-002','ctandy','db/db.changelog-1.45-Release.xml','2021-06-03 16:17:57',2010,'EXECUTED','3:8eea48aceece1c76414e4616bd0a4a3f','Insert Row','',NULL,'2.0.2'),('1.45.2721-003','ctandy','db/db.changelog-1.45-Release.xml','2021-06-03 16:17:57',2011,'EXECUTED','3:c04dd2c0c5d632c98abc82169ddf0828','Insert Row (x5)','',NULL,'2.0.2'),('1.45.4.budInactivate-001','jsantilli','db/db.changelog-1.45-Release.xml','2021-06-03 16:29:30',2051,'EXECUTED','3:54df57a0f77ba88807371a1338bca05d','Custom SQL','',NULL,'2.0.2'),('1.45.4403-1','ctandy','db/db.changelog-1.45-Release.xml','2021-06-03 16:29:30',2041,'EXECUTED','3:6e5b9756a626791b5cca58919e1aaa5f','Insert Row','',NULL,'2.0.2'),('1.45.4801-001','jsantilli','db/db.changelog-1.45-Release.xml','2021-06-03 16:29:29',2032,'EXECUTED','3:5026b3ee1693c1358a270b3b1cf49a38','Insert Row','',NULL,'2.0.2'),('1.45.4801-002','jsantilli','db/db.changelog-1.45-Release.xml','2021-06-03 16:29:29',2033,'EXECUTED','3:ef873bacb0102ab6362284b710113d3a','Create Table','',NULL,'2.0.2'),('1.45.4801-003','jsantilli','db/db.changelog-1.45-Release.xml','2021-06-03 16:29:30',2040,'EXECUTED','3:156867bfe486601c52808c7421a788db','Create Index','',NULL,'2.0.2'),('1.45.4984-001','khundley','db/db.changelog-1.45-Release.xml','2021-06-03 16:29:29',2036,'EXECUTED','3:ed3a16bb9a778544ed8ee7babd1f46d2','Add Column','',NULL,'2.0.2'),('1.45.4984-002','khundley','db/db.changelog-1.45-Release.xml','2021-06-03 16:29:29',2037,'EXECUTED','3:31b99e4e8377816d504e458aa42a93c0','Add Column','',NULL,'2.0.2'),('1.45.4984-003','khundley','db/db.changelog-1.45-Release.xml','2021-06-03 16:29:30',2038,'EXECUTED','3:0ba4053179a94fe3b011d5c65a93e1d1','Insert Row','',NULL,'2.0.2'),('1.45.5170-001','ctandy','db/db.changelog-1.45-Release.xml','2021-06-03 16:29:30',2046,'EXECUTED','3:b2c2be11737fc02169e552047548d87c','Insert Row (x2)','',NULL,'2.0.2'),('1.45.5355-001','khundley','db/db.changelog-1.45-Release.xml','2021-06-03 16:29:29',2027,'EXECUTED','3:9ac835a8b4dbb3b387724f53fbc13e27','Insert Row','',NULL,'2.0.2'),('1.45.5355-002','khundley','db/db.changelog-1.45-Release.xml','2021-06-03 16:29:29',2028,'EXECUTED','3:2d617bc72813bfdcf388f1ef1ba82e34','Add Column','',NULL,'2.0.2'),('1.45.5355-003','khundley','db/db.changelog-1.45-Release.xml','2021-06-03 16:29:29',2029,'EXECUTED','3:d098c501bb8f23b7998d3db72fc9fcb3','Create Table','',NULL,'2.0.2'),('1.45.5355-004','khundley','db/db.changelog-1.45-Release.xml','2021-06-03 16:29:29',2030,'EXECUTED','3:15b73f3e7a5164b85f11233f9e02501b','Create Index (x2)','',NULL,'2.0.2'),('1.45.5355-005','khundley','db/db.changelog-1.45-Release.xml','2021-06-03 16:29:29',2031,'EXECUTED','3:afd07c53f76c5178f00633bd39d7aac9','Add Column','',NULL,'2.0.2'),('1.45.5668-001','qvanegeren','db/db.changelog-1.45-Release.xml','2021-06-03 16:29:30',2039,'EXECUTED','3:7af0c33e8785b3e2b2805ed81428582d','Insert Row','',NULL,'2.0.2'),('1.45.5673-001','khundley','db/db.changelog-1.45-Release.xml','2018-07-31 11:21:56',2025,'EXECUTED','3:4311d536f1a5d24edfbcd5435c0e7820','Create Index','',NULL,'2.0.2'),('1.45.5673-002','khundley','db/db.changelog-1.45-Release.xml','2018-07-31 11:21:56',2026,'EXECUTED','3:9eb22503282216eeb6e78f0f8a18c3f6','Create Index','',NULL,'2.0.2'),('1.45.5688-001','qvanegeren','db/db.changelog-1.45-Release.xml','2021-06-03 16:29:29',2034,'EXECUTED','3:c7a76135b69a77583fd9e3eca28f1f83','Create Table','',NULL,'2.0.2'),('1.45.5688-002','qvanegeren','db/db.changelog-1.45-Release.xml','2021-06-03 16:29:29',2035,'EXECUTED','3:780fb9a1c637b881a9feb56c69f1850f','Create Index','',NULL,'2.0.2'),('1.45.5745-001','jsantilli','db/db.changelog-1.45-Release.xml','2021-06-03 16:29:30',2048,'EXECUTED','3:e4ffbd8382e0733534092b85d6f2c2c0','Insert Row','',NULL,'2.0.2'),('1.45.5787-001','ctandy','db/db.changelog-1.45-Release.xml','2021-06-03 16:29:30',2042,'EXECUTED','3:b387e2a2f04a7a38d5cd056014bb481f','Add Column, Insert Row','',NULL,'2.0.2'),('1.45.5787-002','ctandy','db/db.changelog-1.45-Release.xml','2021-06-03 16:29:30',2043,'EXECUTED','3:85bc9d997bd88ae2fc1a07bc2a8b4ba3','Add Column, Create Index','',NULL,'2.0.2'),('1.45.5787-003','ctandy','db/db.changelog-1.45-Release.xml','2021-06-03 16:29:30',2044,'EXECUTED','3:27e6a94e4cfd82b858c5d178ace4af15','Insert Row (x5)','',NULL,'2.0.2'),('1.45.5787-004','ctandy','db/db.changelog-1.45-Release.xml','2021-06-03 16:29:30',2045,'EXECUTED','3:8b5e792aa9c81cf69a854aca8c28a63c','Add Column','',NULL,'2.0.2'),('1.45.5787-005','ctandy','db/db.changelog-1.45-Release.xml','2021-06-03 16:29:30',2047,'EXECUTED','3:2617c26ea61ae7d5f7535e8589aeb7cd','Custom SQL, SQL From File, Custom SQL','',NULL,'2.0.2'),('1.46-001','khundley','db/db.changelog-1.46-Release.xml','2021-06-03 16:29:30',2052,'EXECUTED','3:0a65dcbdea1496382cd19febbc0e6a8a','Insert Row','',NULL,'2.0.2'),('1.46-002','khundley','db/db.changelog-1.46-Release.xml','2021-06-03 16:29:30',2053,'EXECUTED','3:07b9b10e063189344b403c01803487ce','Insert Row','',NULL,'2.0.2'),('1.46-003','khundley','db/db.changelog-1.46-Release.xml','2021-06-03 16:29:30',2054,'EXECUTED','3:8903f8af4b739baab5b57c31d7bfb6ef','Insert Row','',NULL,'2.0.2'),('1.46-004','khundley','db/db.changelog-1.46-Release.xml','2021-06-03 16:29:30',2055,'EXECUTED','3:1f34e04871f84b2ccb1fddd5b1b9369e','Insert Row','',NULL,'2.0.2'),('1.46-005','khundley','db/db.changelog-1.46-Release.xml','2021-06-03 16:29:30',2056,'EXECUTED','3:d76b0b638623fbd8d2e1e9da2560d9d2','Insert Row','',NULL,'2.0.2'),('1.46-006','khundley','db/db.changelog-1.46-Release.xml','2021-06-03 16:29:30',2057,'EXECUTED','3:a0e89e4b6920a977425c712143ac90b7','Custom SQL','',NULL,'2.0.2'),('1.46-007','khundley','db/db.changelog-1.46-Release.xml','2021-06-03 16:29:30',2058,'EXECUTED','3:8f11d9d95c2460b6fc48a37812695e75','Custom SQL','',NULL,'2.0.2'),('1.46-008','khundley','db/db.changelog-1.46-Release.xml','2021-06-03 16:29:30',2067,'EXECUTED','3:8a74165d19c3dba54cfd177fabb7ac1d','Custom SQL','',NULL,'2.0.2'),('1.46-009','cingram','db/db.changelog-1.46-Release.xml','2021-06-03 16:29:30',2068,'EXECUTED','3:5b3723d6c43dcc1d3462f573cfc23792','Custom SQL','',NULL,'2.0.2'),('1.46-010','cingram','db/db.changelog-1.46-Release.xml','2021-06-03 16:29:30',2069,'EXECUTED','3:ddd6fecb41bb06035aee4567c47863ba','Custom SQL','',NULL,'2.0.2'),('1.46-6910-001','karabfak','db/db.changelog-1.46-Release.xml','2021-06-03 16:29:31',2092,'EXECUTED','3:c2b5024b9c8d4ec66c7b0bc0e1614341','Insert Row','',NULL,'2.0.2'),('1.46.1916-001','cingram','db/db.changelog-1.46-Release.xml','2021-06-03 16:29:31',2076,'EXECUTED','3:7d93106fb20ebc10a9a45d54b15e3817','Custom SQL','',NULL,'2.0.2'),('1.46.1916-002','cingram','db/db.changelog-1.46-Release.xml','2021-06-03 16:29:31',2077,'EXECUTED','3:0f7a1bd2ec397f217c005c8f0ad40afa','Custom SQL','',NULL,'2.0.2'),('1.46.1916-003','cingram','db/db.changelog-1.46-Release.xml','2021-06-03 16:29:31',2078,'EXECUTED','3:03efbc1c767588ff2bb033f091545ae1','Custom SQL','',NULL,'2.0.2'),('1.46.1916-004','cingram','db/db.changelog-1.46-Release.xml','2021-06-03 16:29:31',2079,'EXECUTED','3:5c9cc0859d23944629441329e8f6e25f','Custom SQL','',NULL,'2.0.2'),('1.46.1916-005','cingram','db/db.changelog-1.46-Release.xml','2021-06-03 16:29:31',2080,'EXECUTED','3:cfccda76bf9ec68cdd49fde78a218a25','Custom SQL','',NULL,'2.0.2'),('1.46.1916-006','cingram','db/db.changelog-1.46-Release.xml','2021-06-03 16:29:31',2081,'EXECUTED','3:3beab6cd7ea28be4a38b1435c55b6a77','Custom SQL','',NULL,'2.0.2'),('1.46.1916-007','cingram','db/db.changelog-1.46-Release.xml','2021-06-03 16:29:31',2082,'EXECUTED','3:177adfda3bce8cf382e13ee6352c7934','Custom SQL','',NULL,'2.0.2'),('1.46.1916-008','cingram','db/db.changelog-1.46-Release.xml','2021-06-03 16:29:31',2083,'EXECUTED','3:0c41a3076defeff65e25bcb5574d48e5','Custom SQL','',NULL,'2.0.2'),('1.46.1923-001','qvanegeren','db/db.changelog-1.46-Release.xml','2021-06-03 16:29:31',2072,'EXECUTED','3:89ebaeda27f5b5f1e8300292fbe57a38','Custom SQL','',NULL,'2.0.2'),('1.46.1923-002','qvanegeren','db/db.changelog-1.46-Release.xml','2021-06-03 16:29:31',2073,'EXECUTED','3:6f1b248eaf7b4a95f781ff083f4e303c','Custom SQL','',NULL,'2.0.2'),('1.46.3411-001','ctandy','db/db.changelog-1.46-Release.xml','2021-06-03 16:29:31',2090,'EXECUTED','3:7204eed74ca3dd0372cb7c8a346062e8','Custom SQL','',NULL,'2.0.2'),('1.46.3411-002','ctandy','db/db.changelog-offline-1.46.xml','2021-06-03 16:30:12',2123,'EXECUTED','3:b729348d292ef6b86a454c9150573b08','Custom SQL','',NULL,'2.0.2'),('1.46.5804-001','khundley','db/db.changelog-1.46-Release.xml','2021-06-03 16:29:30',2070,'EXECUTED','3:75c8175830ce95b2352d43988aa39d66','Custom SQL','',NULL,'2.0.2'),('1.46.5804-002','cingram','db/db.changelog-1.46-Release.xml','2021-06-03 16:29:31',2071,'EXECUTED','3:4375bc28da77d9e5393ede4002a06ebb','Custom SQL','',NULL,'2.0.2'),('1.46.5804-003','khundley','db/db.changelog-1.46-Release.xml','2021-06-03 16:29:31',2087,'EXECUTED','3:3cd8dac6563a0bf5f5c4f66cfbfadc6a','Custom SQL','',NULL,'2.0.2'),('1.46.5804-004','khundley','db/db.changelog-1.46-Release.xml','2021-06-03 16:29:31',2088,'EXECUTED','3:010ae2d11605bc1fe56874e024a8898a','Custom SQL','',NULL,'2.0.2'),('1.46.5804-005','khundley','db/db.changelog-1.46-Release.xml','2021-06-03 16:29:31',2089,'EXECUTED','3:0436337eb5d023e36e38a6f0f82d57b8','Custom SQL','',NULL,'2.0.2'),('1.46.5933-001','qvanegeren','db/db.changelog-1.46-Release.xml','2021-06-03 16:29:30',2059,'EXECUTED','3:b7f683620f17459da1836a0a486ce190','Insert Row','',NULL,'2.0.2'),('1.46.5933-002','qvanegeren','db/db.changelog-1.46-Release.xml','2021-06-03 16:29:30',2060,'EXECUTED','3:ea9f766bb763e4225c0b92b86b38a2dc','Insert Row','',NULL,'2.0.2'),('1.46.5933-003','qvanegeren','db/db.changelog-1.46-Release.xml','2021-06-03 16:29:30',2061,'EXECUTED','3:07f6af991aaba8aed8a8c413a71ea2ac','Insert Row','',NULL,'2.0.2'),('1.46.5933-004','qvanegeren','db/db.changelog-1.46-Release.xml','2021-06-03 16:29:30',2062,'EXECUTED','3:46e24d1459ac668066494f5b1d30d02d','Insert Row','',NULL,'2.0.2'),('1.46.5933-005','qvanegeren','db/db.changelog-1.46-Release.xml','2021-06-03 16:29:30',2063,'EXECUTED','3:66acd0d03df0a50a347f492ef757a1ab','Custom SQL','',NULL,'2.0.2'),('1.46.5933-006','qvanegeren','db/db.changelog-1.46-Release.xml','2021-06-03 16:29:30',2064,'EXECUTED','3:6ddfe8a6f4000f8810a57ac29512cfb3','Custom SQL','',NULL,'2.0.2'),('1.46.5933-007','qvanegeren','db/db.changelog-1.46-Release.xml','2021-06-03 16:29:30',2065,'EXECUTED','3:9bd89af7a9320310d1ab9b21a7ee0da1','Custom SQL','',NULL,'2.0.2'),('1.46.5933-008','qvanegeren','db/db.changelog-1.46-Release.xml','2021-06-03 16:29:30',2066,'EXECUTED','3:4f5fedd0f4ce09cfe7e094d0da6db819','Custom SQL','',NULL,'2.0.2'),('1.46.5933-009','qvanegeren','db/db.changelog-1.46-Release.xml','2021-06-03 16:29:31',2086,'EXECUTED','3:9ad3d79a4fd128997a7daf8bf4aa5ea1','Custom SQL','',NULL,'2.0.2'),('1.46.6350-001','qvanegeren','db/db.changelog-1.46-Release.xml','2021-06-03 16:29:31',2074,'EXECUTED','3:ec1e85864761152c0ef883501dca67ef','Custom SQL','',NULL,'2.0.2'),('1.46.6441-001','cingram','db/db.changelog-1.46-Release.xml','2021-06-03 16:29:31',2085,'EXECUTED','3:a2401bc3f6cd346c52d6029f9a63a4f2','Custom SQL','',NULL,'2.0.2'),('1.46.6459-001','khundley','db/db.changelog-1.46-Release.xml','2021-06-03 16:29:31',2084,'EXECUTED','3:6936fc8e51b12b7c5a98e6c97b24c217','Custom SQL','',NULL,'2.0.2'),('1.46.6691-001','cingram','db/db.changelog-1.46-Release.xml','2021-06-03 16:29:31',2091,'EXECUTED','3:142e808c5d60174788f3cac084ed7435','Custom SQL','',NULL,'2.0.2'),('1.46.881-001','jsantilli','db/db.changelog-1.46-Release.xml','2021-06-03 16:29:31',2075,'EXECUTED','3:6a92d1e2a2646af3bc2efdfa72a74031','Custom SQL','',NULL,'2.0.2'),('1.47-2686-003','jsantilli','db/db.changelog-offline-1.47.xml','2021-06-03 16:30:13',2149,'EXECUTED','3:dac5e06802b800f11a73cf81fcdfb4f5','Custom SQL','',NULL,'2.0.2'),('1.47.2686-001','jsantilli','db/db.changelog-offline-1.47.xml','2021-06-03 16:30:13',2147,'EXECUTED','3:a3bc93d62303ff94cbd1c17064da3902','Custom SQL','',NULL,'2.0.2'),('1.47.2686-002','jsantilli','db/db.changelog-offline-1.47.xml','2021-06-03 16:30:13',2148,'EXECUTED','3:bd5ad5888285f50b854d0c384f6a4e89','Insert Row','',NULL,'2.0.2'),('1.47.3637-001','khundley','db/db.changelog-1.47-Release.xml','2021-06-03 16:29:32',2113,'EXECUTED','3:559b73dbc5e0f9d8a9e6a0c16c643b53','Custom SQL','',NULL,'2.0.2'),('1.47.3654-001','qvanegeren','db/db.changelog-offline-1.47.xml','2021-06-03 16:30:12',2138,'EXECUTED','3:3d14d70de7713f150c3f12d0ec18c0c2','Insert Row','',NULL,'2.0.2'),('1.47.3654-002','qvanegeren','db/db.changelog-offline-1.47.xml','2021-06-03 16:30:12',2139,'EXECUTED','3:894390edcbe9e99d932a7662edc8cc1c','Insert Row','',NULL,'2.0.2'),('1.47.3654-003','qvanegeren','db/db.changelog-offline-1.47.xml','2021-06-03 16:30:12',2140,'EXECUTED','3:fce06cf44eda25a835c92464b15349d2','Custom SQL','',NULL,'2.0.2'),('1.47.4148-001','qvanegeren','db/db.changelog-1.47-Release.xml','2021-06-03 16:29:31',2099,'EXECUTED','3:5b42c1ab7ab0389a6b37fe85e0771d3e','Custom SQL','',NULL,'2.0.2'),('1.47.4148-002','qvanegeren','db/db.changelog-1.47-Release.xml','2021-06-03 16:29:31',2100,'EXECUTED','3:79dbd30e0881d697a84cd38c5a01c611','Custom SQL','',NULL,'2.0.2'),('1.47.4180-001','qvanegeren','db/db.changelog-1.47-Release.xml','2021-06-03 16:29:31',2096,'EXECUTED','3:4da2aef97f4060fff7795a12a8a23826','Custom SQL','',NULL,'2.0.2'),('1.47.4180-002','qvanegeren','db/db.changelog-1.47-Release.xml','2021-06-03 16:29:31',2097,'EXECUTED','3:daf714eaafb79dd9e5c1071364eb33c3','Custom SQL','',NULL,'2.0.2'),('1.47.4180-003','qvanegeren','db/db.changelog-1.47-Release.xml','2021-06-03 16:29:31',2098,'EXECUTED','3:1260d5a9f8c2fc5a8b785e1d2b6de47c','Custom SQL','',NULL,'2.0.2'),('1.47.4300-001','qvanegeren','db/db.changelog-1.47-Release.xml','2021-06-03 16:29:31',2095,'EXECUTED','3:5825a7dedd18c279c13b9853ac739793','Custom SQL','',NULL,'2.0.2'),('1.47.4471-001','gsmith','db/db.changelog-offline-1.47.xml','2021-06-03 16:30:13',2150,'EXECUTED','3:7aeed61377b6a84eee06f97dfed8681d','Insert Row','',NULL,'2.0.2'),('1.47.4471-002','gsmith','db/db.changelog-offline-1.47.xml','2021-06-03 16:30:13',2151,'EXECUTED','3:9d5d6c5acaefd0a7fff6834e214d6d96','Insert Row','',NULL,'2.0.2'),('1.47.4471-003','gsmith','db/db.changelog-1.47-Release.xml','2021-06-03 16:29:32',2104,'EXECUTED','3:a2422ff9b4074217cd7912cfc8743373','Custom SQL','',NULL,'2.0.2'),('1.47.5810-001','jsantilli','db/db.changelog-offline-1.47.xml','2021-06-03 16:30:12',2136,'EXECUTED','3:9cd9d5b571ecbc7ff5f4d12b89b2924e','Custom SQL','',NULL,'2.0.2'),('1.47.5810-002','jsantilli','db/db.changelog-offline-1.47.xml','2021-06-03 16:30:12',2137,'EXECUTED','3:5be59e3150f89d3da6ead9266b6bd61a','Custom SQL','',NULL,'2.0.2'),('1.47.6120-001','cingram','db/db.changelog-offline-1.47.xml','2021-06-03 16:30:12',2124,'EXECUTED','3:f0beb64e163381321cc59ce9711b1ccd','Custom SQL','',NULL,'2.0.2'),('1.47.6120-002','cingram','db/db.changelog-offline-1.47.xml','2021-06-03 16:30:12',2125,'EXECUTED','3:b235d9baa9c5df76138b74f634932770','Custom SQL','',NULL,'2.0.2'),('1.47.6120-003','cingram','db/db.changelog-offline-1.47.xml','2021-06-03 16:30:12',2126,'EXECUTED','3:c58827f3d410835e6da51f033344fe4d','Custom SQL','',NULL,'2.0.2'),('1.47.6120-004','cingram','db/db.changelog-offline-1.47.xml','2021-06-03 16:30:12',2127,'EXECUTED','3:77b108c2943001044938456d79f23edc','Custom SQL','',NULL,'2.0.2'),('1.47.6121-002','cingram','db/db.changelog-offline-1.47.xml','2021-06-03 16:30:12',2135,'EXECUTED','3:02ee8471be4c330e4391435b96a95e53','Custom SQL','',NULL,'2.0.2'),('1.47.6121-003','cingram','db/db.changelog-offline-1.47.xml','2021-06-03 16:30:12',2146,'EXECUTED','3:668d76e01e1b7f1772601b67880025c3','Custom SQL','',NULL,'2.0.2'),('1.47.6296-001','jsantilli','db/db.changelog-offline-1.47.xml','2021-06-03 16:30:12',2133,'EXECUTED','3:171b165385ed60ff38dc91026daa5921','Custom SQL','',NULL,'2.0.2'),('1.47.6296-002','jsantilli','db/db.changelog-offline-1.47.xml','2021-06-03 16:30:12',2134,'EXECUTED','3:6e8a8d05dab714d15c215b82887ec629','Custom SQL','',NULL,'2.0.2'),('1.47.6339-001','khundley','db/db.changelog-1.47-Release.xml','2021-06-03 16:29:31',2094,'EXECUTED','3:8863d8b26b7d45b3956c9436513f96f9','Custom SQL','',NULL,'2.0.2'),('1.47.6339-002','khundley','db/db.changelog-offline-1.47.xml','2021-06-03 16:30:12',2128,'EXECUTED','3:7852b522f3890e199377963a6fcea227','Custom SQL','',NULL,'2.0.2'),('1.47.6352-001','cingram','db/db.changelog-offline-1.47.xml','2021-06-03 16:30:12',2129,'EXECUTED','3:43f138f74e59a7fff070358321b0bb0f','Custom SQL','',NULL,'2.0.2'),('1.47.6352-002','cingram','db/db.changelog-offline-1.47.xml','2021-06-03 16:30:12',2130,'EXECUTED','3:b0b86aee6793834a0b4bf7248780fbb5','Custom SQL','',NULL,'2.0.2'),('1.47.6352-003','cingram','db/db.changelog-offline-1.47.xml','2021-06-03 16:30:12',2131,'EXECUTED','3:b7b48b29636356025140ee31d8f9699d','Custom SQL','',NULL,'2.0.2'),('1.47.6353-001','ctandy','db/db.changelog-1.47-Release.xml','2021-06-03 16:29:32',2107,'EXECUTED','3:ecbaeb8804049df3a97afe9f67e30b09','Custom SQL','',NULL,'2.0.2'),('1.47.6353-002','ctandy','db/db.changelog-1.47-Release.xml','2021-06-03 16:29:32',2108,'EXECUTED','3:59d063b923f5b7db15361dab9651d491','Custom SQL','',NULL,'2.0.2'),('1.47.6512-001','khundley','db/db.changelog-1.47-Release.xml','2021-06-03 16:29:31',2101,'EXECUTED','3:23a965fce1aa90efb4888818c01590c4','Custom SQL','',NULL,'2.0.2'),('1.47.6512-002','khundley','db/db.changelog-1.47-Release.xml','2021-06-03 16:29:31',2102,'EXECUTED','3:37560af8b79dea76b2cdfbdbde8264b9','Custom SQL','',NULL,'2.0.2'),('1.47.6512-003','khundley','db/db.changelog-1.47-Release.xml','2021-06-03 16:29:32',2103,'EXECUTED','3:04bac3646064d5bd82bf8cbc70f3dcdf','Custom SQL','',NULL,'2.0.2'),('1.47.6653-001','ctandy','db/db.changelog-1.47-Release.xml','2021-06-03 16:29:31',2093,'EXECUTED','3:31e4787a216d2ba708c8a05dab44afc9','Custom SQL','',NULL,'2.0.2'),('1.47.6678-001','cingram','db/db.changelog-offline-1.47.xml','2021-06-03 16:30:12',2143,'EXECUTED','3:cdafe9fa0dc21dff410e415f1aa5e2c0','Custom SQL','',NULL,'2.0.2'),('1.47.6678-002','cingram','db/db.changelog-offline-1.47.xml','2021-06-03 16:30:12',2144,'EXECUTED','3:53459c0a68d4cf8343ab5868ee4f6f62','Custom SQL','',NULL,'2.0.2'),('1.47.6678-003','cingram','db/db.changelog-offline-1.47.xml','2021-06-03 16:30:12',2145,'EXECUTED','3:74b1f6b086c725a8bb060b56089decc5','Custom SQL','',NULL,'2.0.2'),('1.47.6770-001-moved','jsantilli','db/db.changelog-offline-1.47.xml','2021-06-03 16:30:13',2152,'EXECUTED','3:2a75e0d6a33522765706294ec5ef0f86','Insert Row','',NULL,'2.0.2'),('1.47.6773-001','ctandy','db/db.changelog-1.47-Release.xml','2021-06-03 16:29:32',2105,'EXECUTED','3:4b045515d02a085d9672ada865254634','Custom SQL','',NULL,'2.0.2'),('1.47.6932-001','khundley','db/db.changelog-offline-1.47.xml','2021-06-03 16:30:12',2142,'EXECUTED','3:298faf47ae6cfd4c5a3d3becc986fd4d','Insert Row','',NULL,'2.0.2'),('1.47.6935-001','cingram','db/db.changelog-offline-1.47.xml','2021-06-03 16:30:12',2141,'EXECUTED','3:7aa4213e4e6b44b61b8d7c91b92284eb','Custom SQL','',NULL,'2.0.2'),('1.47.6987-001','jpigg','db/db.changelog-offline-1.47.xml','2021-06-03 16:30:13',2155,'EXECUTED','3:32caed3b03bf85a208db444c3b384a5e','Custom SQL','',NULL,'2.0.2'),('1.47.6987-001','qvanegeren','db/db.changelog-offline-1.47.xml','2021-06-03 16:30:13',2154,'EXECUTED','3:2cad1c23e18a8171b746c10860755b73','Custom SQL','',NULL,'2.0.2'),('1.47.6987-002','jpigg','db/db.changelog-offline-1.47.xml','2021-06-03 16:30:13',2153,'EXECUTED','3:0d71440a625d1fec4ed4411ce30a5d74','Custom SQL','',NULL,'2.0.2'),('1.47.6987-002','qvanegeren','db/db.changelog-1.47-Release.xml','2021-06-03 16:29:32',2111,'EXECUTED','3:e15a82323535ccfa4118d81b05309b0c','Custom SQL','',NULL,'2.0.2'),('1.47.6987-003','qvanegeren','db/db.changelog-1.47-Release.xml','2021-06-03 16:29:32',2112,'EXECUTED','3:e396e3c77af11ba9b0ee9d721ecee320','Custom SQL','',NULL,'2.0.2'),('1.47.7063-001','karabfak','db/db.changelog-offline-1.47.xml','2021-06-03 16:30:13',2156,'EXECUTED','3:2edacdcd189b230263a5991a681e0e89','Create Index','',NULL,'2.0.2'),('1.47.7111-001','jsantilli','db/db.changelog-offline-1.47.xml','2021-06-03 16:30:12',2132,'EXECUTED','3:df267322f8fd265c43f627eb24304d35','Custom SQL','',NULL,'2.0.2'),('1.47.7258-001','ctandy','db/db.changelog-1.47-Release.xml','2021-06-03 16:29:32',2106,'EXECUTED','3:4a8db21ef68d3f2f2442aa89b0ef2d86','Custom SQL','',NULL,'2.0.2'),('1.47.7333-001','ctandy','db/db.changelog-1.47-Release.xml','2021-06-03 16:29:32',2110,'EXECUTED','3:9e7681d3b81305b265e0ee5c06e4bb0b','Custom SQL','',NULL,'2.0.2'),('1.47.7544-001','cingram','db/db.changelog-1.47-Release.xml','2021-06-03 16:29:32',2114,'EXECUTED','3:898745c5a486ef080c1a99dfa3e3e858','Custom SQL','',NULL,'2.0.2'),('1.47.7868-001','qvanegeren','db/db.changelog-1.47-Release.xml','2021-06-03 16:29:32',2115,'EXECUTED','3:1782cbc2183607c78854aad0fcdabdab','Custom SQL','',NULL,'2.0.2'),('1.47.combined_compound_changes','cingram','db/db.changelog-1.47-Release.xml','2021-06-03 16:29:32',2109,'EXECUTED','3:c2305434d5d35371b97b150414bdac59','Custom SQL','',NULL,'2.0.2'),('1.48.1.8884-001','qvanegeren','db/db.changelog-1.48-Release.xml','2021-06-03 16:30:45',2247,'EXECUTED','3:c20f790e639b213b0c38763d9f046de3','Custom SQL','',NULL,'2.0.2'),('1.48.1092-001','qvanegeren','db/db.changelog-offline-1.48.xml','2021-06-03 16:30:13',2168,'EXECUTED','3:5382730d2c02836f0f2203c0a7821c81','Custom SQL','',NULL,'2.0.2'),('1.48.1092-002','qvanegeren','db/db.changelog-offline-1.48.xml','2021-06-03 16:30:13',2169,'EXECUTED','3:9dd5967835f826f5407a92ef1f689e89','Custom SQL','',NULL,'2.0.2'),('1.48.2710-001','jsantilli','db/db.changelog-offline-1.48.xml','2021-06-03 16:30:14',2175,'EXECUTED','3:6a256405a8d4800d6e239c90c6a6b3d3','Insert Row','',NULL,'2.0.2'),('1.48.2710-002','jsantilli','db/db.changelog-offline-1.48.xml','2021-06-03 16:30:14',2176,'EXECUTED','3:82573f6bcb9fa665e2fe10766e0b1227','Create Table','',NULL,'2.0.2'),('1.48.2710-003','jsantilli','db/db.changelog-offline-1.48.xml','2021-06-03 16:30:14',2177,'EXECUTED','3:66964c8b307b5582336c0de7894e984b','Create Table','',NULL,'2.0.2'),('1.48.2710-004','jsantilli','db/db.changelog-offline-1.48.xml','2021-06-03 16:30:14',2178,'EXECUTED','3:1724d070585b565a5bae94dc78e77bf5','Add Foreign Key Constraint','',NULL,'2.0.2'),('1.48.2710-005','jsantilli','db/db.changelog-offline-1.48.xml','2021-06-03 16:30:14',2179,'EXECUTED','3:38e65fb306a7fe8f7255a5f9007d2059','Insert Row','',NULL,'2.0.2'),('1.48.2710-006','jsantilli','db/db.changelog-offline-1.48.xml','2021-06-03 16:30:14',2180,'EXECUTED','3:105abb9623d9f9938295f123e238606f','Add Column','',NULL,'2.0.2'),('1.48.2710-007','jsantilli','db/db.changelog-offline-1.48.xml','2021-06-03 16:30:14',2181,'EXECUTED','3:7294f6c3c17bcf9f73a861d06b0f60a6','Create Table','',NULL,'2.0.2'),('1.48.2710-008','jsantilli','db/db.changelog-offline-1.48.xml','2021-06-03 16:30:14',2182,'EXECUTED','3:c39e531255b7bb0df1a8608c22437761','Create Index','',NULL,'2.0.2'),('1.48.2710-009','jsantilli','db/db.changelog-offline-1.48.xml','2021-06-03 16:30:14',2183,'EXECUTED','3:6d6b4215a9d0f978f05d099d6ce6db80','Create Index','',NULL,'2.0.2'),('1.48.2710-010','jsantilli','db/db.changelog-offline-1.48.xml','2021-06-03 16:30:14',2184,'EXECUTED','3:cae8a8c5f625b63d7d12538773722ba6','Create Index (x2)','',NULL,'2.0.2'),('1.48.2710-011','jsantilli','db/db.changelog-offline-1.48.xml','2021-06-03 16:30:14',2185,'EXECUTED','3:e9aa53239008a4eeb0055025f53ad289','Custom SQL','',NULL,'2.0.2'),('1.48.3947-001','gsmith','db/db.changelog-1.48-Release.xml','2021-06-03 16:29:32',2119,'EXECUTED','3:bca5fdebad7bddec453429e7b2a49ea8','Custom SQL','',NULL,'2.0.2'),('1.48.6284-001','gsmith','db/db.changelog-offline-1.48.xml','2021-06-03 16:30:13',2165,'EXECUTED','3:483d251a6f7407098e86261adbb5d57b','Custom SQL','',NULL,'2.0.2'),('1.48.6510-001','cingram','db/db.changelog-1.48-Release.xml','2021-06-03 16:29:32',2116,'EXECUTED','3:97021d837fba68f0960cb99e363e6bea','Custom SQL','',NULL,'2.0.2'),('1.48.6510-001','cingram','db/db.changelog-offline-1.48.xml','2021-06-03 16:30:14',2186,'EXECUTED','3:c2b6e5cf12fb56bba920b14375ecd187','Custom SQL','',NULL,'2.0.2'),('1.48.6510-002','cingram','db/db.changelog-1.48-Release.xml','2021-06-03 16:29:32',2117,'EXECUTED','3:63b0fc61be68a694cbe539dbcf732cdd','Custom SQL','',NULL,'2.0.2'),('1.48.6510-002','cingram','db/db.changelog-offline-1.48.xml','2021-06-03 16:30:14',2187,'EXECUTED','3:b3b38023ce9c710f5e34ff6fc6b593a4','Custom SQL','',NULL,'2.0.2'),('1.48.6510-003','cingram','db/db.changelog-offline-1.48.xml','2021-06-03 16:30:14',2188,'EXECUTED','3:b506ffeada682b1330d67935e55c64ba','Custom SQL','',NULL,'2.0.2'),('1.48.6510-004','cingram','db/db.changelog-offline-1.48.xml','2021-06-03 16:30:14',2189,'EXECUTED','3:435725e0327207413b90603b4cf83f1a','Custom SQL','',NULL,'2.0.2'),('1.48.6510-005','cingram','db/db.changelog-offline-1.48.xml','2021-06-03 16:30:14',2190,'EXECUTED','3:1fe361e9344259f12013c8ab2fa5df70','Custom SQL','',NULL,'2.0.2'),('1.48.6512-001','qvanegeren','db/db.changelog-offline-1.48.xml','2021-06-03 16:30:14',2209,'EXECUTED','3:192a4a52b8a116cc03ed1a34cb2ddf43','Insert Row','',NULL,'2.0.2'),('1.48.6512-002','qvanegeren','db/db.changelog-offline-1.48.xml','2021-06-03 16:30:14',2210,'EXECUTED','3:1efe55ed145155f2cd8f456d069812af','Insert Row','',NULL,'2.0.2'),('1.48.7221-001','qvanegeren','db/db.changelog-offline-1.48.xml','2021-06-03 16:30:14',2193,'EXECUTED','3:23a8e5e60c61778fe2fac2b610a624f6','Insert Row','',NULL,'2.0.2'),('1.48.7221-002','qvanegeren','db/db.changelog-offline-1.48.xml','2021-06-03 16:30:14',2194,'EXECUTED','3:69d2a5df10ded88d4c4b71d1024b2fe5','Custom SQL','',NULL,'2.0.2'),('1.48.7221-003','qvanegeren','db/db.changelog-offline-1.48.xml','2021-06-03 16:30:14',2195,'EXECUTED','3:d52ec90605f5764f8b64e577ff93d43b','Custom SQL','',NULL,'2.0.2'),('1.48.7234-001','qvanegeren','db/db.changelog-offline-1.48.xml','2021-06-03 16:30:13',2171,'EXECUTED','3:7d4530fc455107e0aee8f28ab330a3ef','Create Table','',NULL,'2.0.2'),('1.48.7234-002','qvanegeren','db/db.changelog-offline-1.48.xml','2021-06-03 16:30:13',2172,'EXECUTED','3:0bc9c41d839766feb16b71480fb33d43','Create Index','',NULL,'2.0.2'),('1.48.7234-003','qvanegeren','db/db.changelog-offline-1.48.xml','2021-06-03 16:30:13',2173,'EXECUTED','3:66597aa4305b0d48cd98c2f20cdcc59a','Custom SQL','',NULL,'2.0.2'),('1.48.7303-001','khundley','db/db.changelog-offline-1.48.xml','2021-06-03 16:30:14',2197,'EXECUTED','3:825ca7c84a9e1bbd2eb87bde4d22cc34','Custom SQL','',NULL,'2.0.2'),('1.48.7303-002','khundley','db/db.changelog-offline-1.48.xml','2021-06-03 16:30:13',2166,'EXECUTED','3:208c93155988e70b3087e73f30bbe4e9','Custom SQL (x2)','',NULL,'2.0.2'),('1.48.7303-003','khundley','db/db.changelog-offline-1.48.xml','2021-06-03 16:30:14',2198,'EXECUTED','3:5b97a5b85da6c51ddbc1408b7212f3a8','Custom SQL','',NULL,'2.0.2'),('1.48.7303-004','khundley','db/db.changelog-offline-1.48.xml','2021-06-03 16:30:14',2199,'EXECUTED','3:7b1a34dc0ac6082272666a0c5908d987','Custom SQL','',NULL,'2.0.2'),('1.48.7303-005','khundley','db/db.changelog-offline-1.48.xml','2021-06-03 16:30:14',2200,'EXECUTED','3:440fdb0446daf6fa60237486eaf8ea8b','Custom SQL','',NULL,'2.0.2'),('1.48.7303-006','khundley','db/db.changelog-offline-1.48.xml','2021-06-03 16:30:14',2201,'EXECUTED','3:2e3b8aab2037ce71546d184bd6fdea3a','Custom SQL','',NULL,'2.0.2'),('1.48.7303-007','khundley','db/db.changelog-offline-1.48.xml','2021-06-03 16:30:14',2202,'EXECUTED','3:b38939b8c19b507863133386443eacde','Custom SQL','',NULL,'2.0.2'),('1.48.7303-008','khundley','db/db.changelog-offline-1.48.xml','2021-06-03 16:30:14',2208,'EXECUTED','3:7a357d7c9439e2a34950ad45ac59989e','Custom SQL','',NULL,'2.0.2'),('1.48.7303-009','khundley','db/db.changelog-offline-1.48.xml','2021-06-03 16:30:14',2203,'EXECUTED','3:0d8046408939234621af4e33c109d2c9','Custom SQL','',NULL,'2.0.2'),('1.48.7397-001','jpigg','db/db.changelog-offline-1.48.xml','2021-06-03 16:30:14',2192,'EXECUTED','3:79700127027165b168a2324a1308c5fb','Custom SQL','',NULL,'2.0.2'),('1.48.7411-001','gsmith','db/db.changelog-1.48-Release.xml','2021-06-03 16:29:32',2118,'EXECUTED','3:07601fdd244ccd32deb7ce289d97a2c5','Custom SQL','',NULL,'2.0.2'),('1.48.7433-001','jpigg','db/db.changelog-offline-1.48.xml','2021-06-03 16:30:14',2204,'EXECUTED','3:f06e095af1537b864b71870e48cbb4a4','Insert Row','',NULL,'2.0.2'),('1.48.7589-001','gsmith','db/db.changelog-offline-1.48.xml','2021-06-03 16:30:14',2196,'EXECUTED','3:9d54927f249928badca1bf1297e71abd','Custom SQL','',NULL,'2.0.2'),('1.48.7616-001','qvanegeren','db/db.changelog-offline-1.48.xml','2021-06-03 16:30:13',2167,'EXECUTED','3:2741cda37bbba9c6bb56e60988ac4237','Insert Row','',NULL,'2.0.2'),('1.48.7616REVAMP-004','qvanegeren','db/db.changelog-offline-1.48.xml','2021-06-03 16:30:14',2207,'EXECUTED','3:1b29ede08f5216395630964bd46914f2','Custom SQL','',NULL,'2.0.2'),('1.48.7616REVAMP-005','qvanegeren','db/db.changelog-offline-1.48.xml','2021-06-03 16:30:15',2217,'EXECUTED','3:c79ec581841731a4e22fb18062629f89','Custom SQL','',NULL,'2.0.2'),('1.48.7616REVAMPED-001','qvanegeren','db/db.changelog-offline-1.48.xml','2021-06-03 16:30:14',2206,'EXECUTED','3:0ac0a074855651ce4ad7098e46fc8a81','Insert Row','',NULL,'2.0.2'),('1.48.7616REVAMPED-002','qvanegeren','db/db.changelog-1.48-Release.xml','2021-06-03 16:29:32',2120,'EXECUTED','3:72cfd5f82dc0b77455d26ab5ec93dad9','Custom SQL','',NULL,'2.0.2'),('1.48.7617-001','ctandy','db/db.changelog-offline-1.48.xml','2021-06-03 16:30:14',2213,'EXECUTED','3:3a881620e8a22f3bc411d670b36d4c7d','Custom SQL','',NULL,'2.0.2'),('1.48.7618-001','cingram','db/db.changelog-offline-1.48.xml','2021-06-03 16:30:14',2174,'EXECUTED','3:ad537d4692e3c6dcf1bddfe02a04b092','Custom SQL','',NULL,'2.0.2'),('1.48.7648-001','cingram','db/db.changelog-offline-1.48.xml','2021-06-03 16:30:13',2157,'EXECUTED','3:bec5eaba457476e9645ec612b67047fd','Custom SQL','',NULL,'2.0.2'),('1.48.7648-002','cingram','db/db.changelog-offline-1.48.xml','2021-06-03 16:30:13',2158,'EXECUTED','3:351d4cf44c4bcec11ec3ffe9eb9347d0','Custom SQL','',NULL,'2.0.2'),('1.48.7648-003','cingram','db/db.changelog-offline-1.48.xml','2021-06-03 16:30:13',2159,'EXECUTED','3:7f57a4969d5fd1ca6a2a9d9783491297','Custom SQL','',NULL,'2.0.2'),('1.48.7648-004','cingram','db/db.changelog-offline-1.48.xml','2021-06-03 16:30:13',2160,'EXECUTED','3:fc23333e26820ef317494b394923747e','Custom SQL','',NULL,'2.0.2'),('1.48.7648-005','cingram','db/db.changelog-offline-1.48.xml','2021-06-03 16:30:13',2161,'EXECUTED','3:c4edb0b6694ae2babec43c0022947fa5','Custom SQL','',NULL,'2.0.2'),('1.48.7648-006','cingram','db/db.changelog-offline-1.48.xml','2021-06-03 16:30:13',2162,'EXECUTED','3:c5cadfee3d80c3f370a358cd310b0711','Custom SQL','',NULL,'2.0.2'),('1.48.7648-007','cingram','db/db.changelog-offline-1.48.xml','2021-06-03 16:30:13',2163,'EXECUTED','3:07ba3d5a2c08c0406c2d0e1f14dc2d10','Custom SQL','',NULL,'2.0.2'),('1.48.7648-008','cingram','db/db.changelog-offline-1.48.xml','2021-06-03 16:30:13',2164,'EXECUTED','3:f42fe60fc032d46edec93dd637121d68','Custom SQL','',NULL,'2.0.2'),('1.48.7653-001','cingram','db/db.changelog-offline-1.48.xml','2021-06-03 16:30:14',2214,'EXECUTED','3:d25fd57e70ce38ddb55326d4f97b35c5','Custom SQL','',NULL,'2.0.2'),('1.48.7654-001','gsmith','db/db.changelog-offline-1.48.xml','2021-06-03 16:30:14',2215,'EXECUTED','3:40aa3321aab1cced2f5dd808769ddf5b','Custom SQL','',NULL,'2.0.2'),('1.48.7697-001','jsantilli','db/db.changelog-offline-1.48.xml','2021-06-03 16:30:14',2191,'EXECUTED','3:26f2f0969c5f2daffa4141ea30765f0b','Add Column','',NULL,'2.0.2'),('1.48.7765-001','qvanegeren','db/db.changelog-offline-1.48.xml','2021-06-03 16:30:13',2170,'EXECUTED','3:4e396240d3cc99e2e5a32f205ca632da','Custom SQL','',NULL,'2.0.2'),('1.48.7869-000','jsantilli','db/db.changelog-offline-1.48.xml','2021-06-03 16:30:15',2218,'EXECUTED','3:f96238f202854e152d87133238ca9a5f','Custom SQL','',NULL,'2.0.2'),('1.48.7869-001','jsantilli','db/db.changelog-offline-1.48.xml','2021-06-03 16:30:15',2219,'EXECUTED','3:b16a77895c7e961432d4ed6d1ae0f78b','Custom SQL','',NULL,'2.0.2'),('1.48.8259-001','ctandy','db/db.changelog-offline-1.48.xml','2021-06-03 16:30:14',2211,'EXECUTED','3:1fd1ac68245a67b82e8885a14290b464','Custom SQL','',NULL,'2.0.2'),('1.48.8259-002','ctandy','db/db.changelog-offline-1.48.xml','2021-06-03 16:30:14',2212,'EXECUTED','3:87cab94b9ff50c44505a531acbe749b3','Modify data type, Custom SQL','',NULL,'2.0.2'),('1.48.8401-001','khundley','db/db.changelog-offline-1.48.xml','2021-06-03 16:30:14',2205,'EXECUTED','3:d5eae681a545e63261dee75f27da854a','Custom SQL','',NULL,'2.0.2'),('1.48.8454-001','jpigg','db/db.changelog-1.48-Release.xml','2021-06-03 16:29:32',2121,'EXECUTED','3:18f6fac652d5fcfce2a8a200f68f6c83','Custom SQL','',NULL,'2.0.2'),('1.48.8504-001','qvanegeren','db/db.changelog-1.48-Release.xml','2021-06-03 16:29:33',2122,'EXECUTED','3:e65d038cceb9dfab70273ef4db0e23a6','Custom SQL','',NULL,'2.0.2'),('1.48.8570-001','karabfak','db/db.changelog-offline-1.48.xml','2021-06-03 16:30:15',2216,'EXECUTED','3:2c95cd134ba167a77f0a3ef319d91cff','Create Index','',NULL,'2.0.2'),('1.48.9108-001','ctandy','db/db.changelog-1.48-Release.xml','2021-06-03 16:30:45',2248,'EXECUTED','3:002e6e82e2f10294135790b7d77e27d9','Custom SQL','',NULL,'2.0.2'),('1.48.9113-001','cingram','db/db.changelog-1.48-Release.xml','2021-06-03 16:30:45',2249,'EXECUTED','3:c00b8b09b774e8f98fb7ca28308a3b3f','Custom SQL','',NULL,'2.0.2'),('1.49-001','khundley','db/db.changelog-offline-1.49.xml','2021-06-03 16:30:15',2225,'EXECUTED','3:8f0bf21dfea5d38289bda76a195622d7','Custom SQL','',NULL,'2.0.2'),('1.49.1168-000','jsantilli','db/db.changelog-offline-1.49.xml','2021-06-03 16:30:15',2222,'EXECUTED','3:f36976690ea9614ec5d0b83f5467a80e','Custom SQL','',NULL,'2.0.2'),('1.49.4.10131-001','gsmith','db/db.changelog-1.49-Release.xml','2021-06-03 16:30:45',2253,'EXECUTED','3:b73d1819e92745bb24f608c94cbdfde1','Insert Row','',NULL,'2.0.2'),('1.49.4.10131-002','gsmith','db/db.changelog-1.49-Release.xml','2021-06-03 16:30:45',2254,'EXECUTED','3:1a9478428d821e22c9c4e622294cf327','Insert Row','',NULL,'2.0.2'),('1.49.4.10131-003','gsmith','db/db.changelog-1.49-Release.xml','2021-06-03 16:30:45',2255,'EXECUTED','3:ee7cf064d7bf1aca67ebc6f0d58b5520','Custom SQL','',NULL,'2.0.2'),('1.49.4.10131-004','gsmith','db/db.changelog-1.49-Release.xml','2021-06-03 16:30:45',2256,'EXECUTED','3:57430193903d4084262aad7563141467','Custom SQL','',NULL,'2.0.2'),('1.49.4.10131-005','gsmith','db/db.changelog-1.49-Release.xml','2021-06-03 16:30:45',2257,'EXECUTED','3:1e9d57e3e925a69c48641edf209183d0','Custom SQL','',NULL,'2.0.2'),('1.49.4.10131-006','gsmith','db/db.changelog-1.49-Release.xml','2021-06-03 16:30:45',2258,'EXECUTED','3:4037f11f9403a9399f4cc29577fe1181','Custom SQL','',NULL,'2.0.2'),('1.49.4.10131-007','gsmith','db/db.changelog-1.49-Release.xml','2021-06-03 16:30:45',2259,'EXECUTED','3:bc9b33d256b8c0a79184038c5ac2101c','Custom SQL','',NULL,'2.0.2'),('1.49.4.10131-008','gsmith','db/db.changelog-1.49-Release.xml','2021-06-03 16:30:45',2260,'EXECUTED','3:dfad1a467af651989b465b85025e5f45','Custom SQL','',NULL,'2.0.2'),('1.49.67-001','khundley','db/db.changelog-offline-1.49.xml','2021-06-03 16:30:15',2221,'EXECUTED','3:5b89069c635b9b953d3e9a237db282f3','Custom SQL','',NULL,'2.0.2'),('1.49.7962-001','khundley','db/db.changelog-offline-1.49.xml','2021-06-03 16:30:15',2223,'EXECUTED','3:2745057728f1e31fdf92ea60b7249f09','Custom SQL','',NULL,'2.0.2'),('1.49.7962-002','khundley','db/db.changelog-offline-1.49.xml','2021-06-03 16:30:15',2224,'EXECUTED','3:bf5bde8ab5bbfc5d3069a835a4ab2292','Custom SQL','',NULL,'2.0.2'),('1.49.9231-001','ctandy','db/db.changelog-1.49-Release.xml','2021-06-03 16:30:45',2250,'EXECUTED','3:49e53b69109ea1ab8a484339641e3975','Custom SQL, SQL From File','',NULL,'2.0.2'),('1.49.947-001','ctandy','db/db.changelog-offline-1.49.xml','2021-06-03 16:30:15',2220,'EXECUTED','3:1d8e46d0fcb67b099086d823cffd3370','Create Table, Custom SQL','',NULL,'2.0.2'),('1.49.9715-001','gsmith','db/db.changelog-1.49-Release.xml','2021-06-03 16:30:45',2251,'EXECUTED','3:cf414035b60de06af34d110fae2f2833','Custom SQL','',NULL,'2.0.2'),('1.49.9715-002','gsmith','db/db.changelog-1.49-Release.xml','2021-06-03 16:30:45',2252,'EXECUTED','3:a83bbfea03fdf161f71eacf42994efa2','Custom SQL','',NULL,'2.0.2'),('1.49.Patch-NewNetworkActivities-Aurora-NEVER-MERGE-001','qvanegeren','db/db.changelog-offline-1.49.xml','2021-06-03 16:30:15',2226,'EXECUTED','3:5cb45fbcf1cf921511c06be29fc2c15d','Custom SQL','',NULL,'2.0.2'),('1.49.Patch-NewNetworkActivities-Aurora-NEVER-MERGE-002','qvanegeren','db/db.changelog-offline-1.49.xml','2021-06-03 16:30:16',2227,'EXECUTED','3:b10bd4438cfc980dc7f0b3f1b73e7a57','Custom SQL','',NULL,'2.0.2'),('1.49.Patch-NewNetworkActivities-Aurora-NEVER-MERGE-003','qvanegeren','db/db.changelog-offline-1.49.xml','2021-06-03 16:30:16',2228,'EXECUTED','3:d09461eac4374b6781f840f4ae1580c1','Create Table','',NULL,'2.0.2'),('1.49.Patch-NewNetworkActivities-Aurora-NEVER-MERGE-004','qvanegeren','db/db.changelog-offline-1.49.xml','2021-06-03 16:30:16',2229,'EXECUTED','3:9301d49e83c19588dd53b29beb53f1bf','Add Column','',NULL,'2.0.2'),('1.49.Patch-NewNetworkActivities-Aurora-NEVER-MERGE-006','qvanegeren','db/db.changelog-offline-1.49.xml','2021-06-03 16:30:16',2230,'EXECUTED','3:86402b01911927ae88b50c66dd1c089e','Custom SQL','',NULL,'2.0.2'),('1.49.Patch-NewNetworkActivities-Aurora-NEVER-MERGE-007','qvanegeren','db/db.changelog-offline-1.49.xml','2021-06-03 16:30:16',2231,'EXECUTED','3:65590bab22e6f1640954b5c889241031','Drop Column','',NULL,'2.0.2'),('1.49.Patch-NewNetworkActivities-Aurora-NEVER-MERGE-008','qvanegeren','db/db.changelog-offline-1.49.xml','2021-06-03 16:30:16',2232,'EXECUTED','3:6fef141dab0c16fe72227ae0ae68000a','Create Index','',NULL,'2.0.2'),('1.49.Patch-NewNetworkActivities-Aurora-NEVER-MERGE-009','qvanegeren','db/db.changelog-offline-1.49.xml','2021-06-03 16:30:16',2233,'EXECUTED','3:e231bc5b7372bba544204f6184b028f1','Create Index','',NULL,'2.0.2'),('1.49.Patch-NewNetworkActivities-Aurora-NEVER-MERGE-010','qvanegeren','db/db.changelog-offline-1.49.xml','2021-06-03 16:30:16',2234,'EXECUTED','3:4187ddd801ced7aafe084ac8b9c2fbdd','Custom SQL, SQL From File','',NULL,'2.0.2'),('1.49.Patch-NewNetworkActivities-Aurora-NEVER-MERGE-011','qvanegeren','db/db.changelog-offline-1.49.xml','2021-06-03 16:30:16',2235,'EXECUTED','3:e5d2d3c04bb4a35d8ae916a534e59fad','Custom SQL','',NULL,'2.0.2'),('1.5-001','bstegman','db/db.changelog-1.5-Release.xml','2021-06-03 16:02:52',417,'EXECUTED','3:cea22822353c36ea8b4f325a28e148a6','Add Column','',NULL,'2.0.2'),('1.5-001','qvanegeren','db/db.changelog-1.5-Release.xml','2021-06-03 16:02:49',387,'EXECUTED','3:1d0cda175c52487536a6e03a96fe4e9f','Insert Row','',NULL,'2.0.2'),('1.5-002','qvanegeren','db/db.changelog-1.5-Release.xml','2021-06-03 16:02:49',388,'EXECUTED','3:fff3453e049e0404b7d76bdc45a357c5','Insert Row','',NULL,'2.0.2'),('1.5-003','qvanegeren','db/db.changelog-1.5-Release.xml','2021-06-03 16:02:49',389,'EXECUTED','3:5ae76f7402867492a7e22bb2e7c8c3e4','Custom SQL','',NULL,'2.0.2'),('1.5-004','khundley','db/db.changelog-1.5-Release.xml','2021-06-03 16:02:49',390,'EXECUTED','3:a4ab0dc1742daac151148fa19b3586aa','Add Column','',NULL,'2.0.2'),('1.5-004','qvanegeren','db/db.changelog-1.5-Release.xml','2021-06-03 16:02:49',394,'EXECUTED','3:b38e5fc7cd01683fb157a304a534b43e','Add Column','',NULL,'2.0.2'),('1.5-005','khundley','db/db.changelog-1.5-Release.xml','2021-06-03 16:02:49',391,'EXECUTED','3:dd1a623b4b7bb779394cd766c456136d','Create Table','',NULL,'2.0.2'),('1.5-005','qvanegeren','db/db.changelog-1.5-Release.xml','2021-06-03 16:02:50',396,'EXECUTED','3:bf49e459af03f3b766d776ff3bde6d9d','Drop Table','',NULL,'2.0.2'),('1.5-006','khundley','db/db.changelog-1.5-Release.xml','2021-06-03 16:02:49',392,'EXECUTED','3:ba1fab7685b30389792b297007e46084','Create Table','',NULL,'2.0.2'),('1.5-006','qvanegeren','db/db.changelog-1.5-Release.xml','2021-06-03 16:02:51',397,'EXECUTED','3:9748647caa3ace93763a02ea31c35fc5','Add Column','',NULL,'2.0.2'),('1.5-007','khundley','db/db.changelog-1.5-Release.xml','2021-06-03 16:02:49',393,'EXECUTED','3:1a8379975d74de6cb22ad532379493fc','Create Table','',NULL,'2.0.2'),('1.5-007','qvanegeren','db/db.changelog-1.5-Release.xml','2021-06-03 16:02:51',398,'EXECUTED','3:644465ba27f2c9c43eae71c1719ed80e','Add Column','',NULL,'2.0.2'),('1.5-008','khundley','db/db.changelog-1.5-Release.xml','2021-06-03 16:02:50',395,'EXECUTED','3:770d165ec072aac1b83270af4579ca33','Add Column, Add Foreign Key Constraint (x2)','',NULL,'2.0.2'),('1.5-008','qvanegeren','db/db.changelog-1.5-Release.xml','2021-06-03 16:02:51',399,'EXECUTED','3:57e22f1a4684b54b0b131d740ab9ba88','Create Table','',NULL,'2.0.2'),('1.5-009','qvanegeren','db/db.changelog-1.5-Release.xml','2021-06-03 16:02:51',400,'EXECUTED','3:c7595b3c8ff6c9ae7c0fad2b6002cd3f','Custom SQL','',NULL,'2.0.2'),('1.5-010','qvanegeren','db/db.changelog-1.5-Release.xml','2021-06-03 16:02:51',401,'EXECUTED','3:c732bb4f9ee4a067bcb6ed17b8e0d091','Custom SQL','',NULL,'2.0.2'),('1.5-011','qvanegeren','db/db.changelog-1.5-Release.xml','2021-06-03 16:02:51',402,'EXECUTED','3:8dbe5427aa063e01dce4b05fee881d00','Custom SQL','',NULL,'2.0.2'),('1.5-012','qvanegeren','db/db.changelog-1.5-Release.xml','2021-06-03 16:02:51',403,'EXECUTED','3:a529fa7b593e924979eda83b1241ce2a','Custom SQL','',NULL,'2.0.2'),('1.5-013','qvanegeren','db/db.changelog-1.5-Release.xml','2021-06-03 16:02:51',404,'EXECUTED','3:0c744bdd8a140925e3177196b0df3426','Custom SQL','',NULL,'2.0.2'),('1.5-014','qvanegeren','db/db.changelog-1.5-Release.xml','2021-06-03 16:02:51',405,'EXECUTED','3:83d6ebf2072ad91e39de165abfdd404d','Custom SQL','',NULL,'2.0.2'),('1.5-015','khundley','db/db.changelog-1.5-Release.xml','2021-06-03 16:02:51',406,'EXECUTED','3:b09496812379d907fa1e587196cdafa4','Insert Row','',NULL,'2.0.2'),('1.5-015','qvanegeren','db/db.changelog-1.5-Release.xml','2021-06-03 16:02:51',408,'EXECUTED','3:209ec516eb08ca78d6d9d3631a07354d','Insert Row','',NULL,'2.0.2'),('1.5-016','khundley','db/db.changelog-1.5-Release.xml','2021-06-03 16:02:51',407,'EXECUTED','3:e3f76c2e38e4693540d4ef42a0e14c57','Insert Row, Custom SQL','',NULL,'2.0.2'),('1.5-016','qvanegeren','db/db.changelog-1.5-Release.xml','2021-06-03 16:02:51',409,'EXECUTED','3:aefab678dd889be6a1288e4ce914a1f5','Add Column','',NULL,'2.0.2'),('1.5-017','qvanegeren','db/db.changelog-1.5-Release.xml','2021-06-03 16:02:51',410,'EXECUTED','3:d750f8aa175c3b8db8bc3c26703eede3','Add Column','',NULL,'2.0.2'),('1.5-018','qvanegeren','db/db.changelog-1.5-Release.xml','2021-06-03 16:02:51',411,'EXECUTED','3:5d4c3b46a27fc597747296ef2a21d203','Create Table','',NULL,'2.0.2'),('1.5-019','qvanegeren','db/db.changelog-1.5-Release.xml','2021-06-03 16:02:51',412,'EXECUTED','3:10381cf852070c115516fc014102d9fe','Add Foreign Key Constraint (x6)','',NULL,'2.0.2'),('1.5-020','qvanegeren','db/db.changelog-1.5-Release.xml','2021-06-03 16:02:51',413,'EXECUTED','3:c7c448ab33a0f532cea3ce056369c463','Add Column','',NULL,'2.0.2'),('1.5-021','qvanegeren','db/db.changelog-1.5-Release.xml','2021-06-03 16:02:51',414,'EXECUTED','3:7e741eee81f90861cb6db567b84fd108','Add Column','',NULL,'2.0.2'),('1.5-022','qvanegeren','db/db.changelog-1.5-Release.xml','2021-06-03 16:02:51',415,'EXECUTED','3:c43834d81145a38941f94df3c1e93ba9','Add Column','',NULL,'2.0.2'),('1.5-023','khundley','db/db.changelog-1.5-Release.xml','2021-06-03 16:02:51',416,'EXECUTED','3:0c24f54ae412809af2b56085157de150','Insert Row','',NULL,'2.0.2'),('1.5-024','qvanegeren','db/db.changelog-1.5-Release.xml','2021-06-03 16:02:52',418,'EXECUTED','3:21ab06b7097ab19ef2c5b65b778e5070','Custom SQL','',NULL,'2.0.2'),('1.5-025','qvanegeren','db/db.changelog-1.5-Release.xml','2021-06-03 16:02:52',419,'EXECUTED','3:2a87be5f1d85b6dde88e977c1a01e1a7','Custom SQL','',NULL,'2.0.2'),('1.5-026','qvanegeren','db/db.changelog-1.5-Release.xml','2021-06-03 16:02:52',421,'EXECUTED','3:1e05ed87cbc623a696272b30e48f7ea8','Add Column','',NULL,'2.0.2'),('1.5-027','qvanegeren','db/db.changelog-1.5-Release.xml','2021-06-03 16:02:52',423,'EXECUTED','3:9e284a2f9885adc4e2aa43aff67e7406','Add Column','',NULL,'2.0.2'),('1.5-028','qvanegeren','db/db.changelog-1.5-Release.xml','2021-06-03 16:02:52',424,'EXECUTED','3:21cf92c63c3b17966f95465bed10bc3c','Add Column','',NULL,'2.0.2'),('1.5-029','qvanegeren','db/db.changelog-1.5-Release.xml','2021-06-03 16:02:52',425,'EXECUTED','3:4eea372951e751c828a80c77bb1c28ea','Add Column','',NULL,'2.0.2'),('1.5-030','qvanegeren','db/db.changelog-1.5-Release.xml','2021-06-03 16:02:53',434,'EXECUTED','3:06c36d6f44b0e908d8a02d79d37c714b','Add Column','',NULL,'2.0.2'),('1.5-031','qvanegeren','db/db.changelog-1.5-Release.xml','2021-06-03 16:02:53',435,'EXECUTED','3:628787f2619a44a224a3c283b2f74193','Insert Row','',NULL,'2.0.2'),('1.5-032','qvanegeren','db/db.changelog-1.5-Release.xml','2021-06-03 16:02:53',436,'EXECUTED','3:c9f1969415c2517c35ed1fd80b4f2329','Rename Column','',NULL,'2.0.2'),('1.5-033','qvanegeren','db/db.changelog-1.5-Release.xml','2021-06-03 16:02:53',437,'EXECUTED','3:3acfc323a0ac18db7012eae5d005f102','Custom SQL','',NULL,'2.0.2'),('1.5-035','qvanegeren','db/db.changelog-1.5-Release.xml','2021-06-03 16:02:53',438,'EXECUTED','3:bdf8edc96686144dabe241b6c35ea48d','Custom SQL','',NULL,'2.0.2'),('1.50.10208-000','jsantilli','db/db.changelog-1.50-Release.xml','2021-06-03 16:30:45',2264,'EXECUTED','3:2b311000ea7603e1c0107c2134b1c8a4','Create Index','',NULL,'2.0.2'),('1.50.10266-001','cingram','db/db.changelog-offline-1.50.xml','2021-06-03 16:31:04',2314,'EXECUTED','3:de0f8f4994a672f59b367f29f5a05bcc','Custom SQL','',NULL,'2.0.2'),('1.50.10266-002','cingram','db/db.changelog-offline-1.50.xml','2021-06-03 16:31:04',2315,'EXECUTED','3:9bedf7b6408fd65773044cd86eb22a9b','Custom SQL','',NULL,'2.0.2'),('1.50.10266-003','cingram','db/db.changelog-offline-1.50.xml','2021-06-03 16:31:04',2316,'EXECUTED','3:b7ce47949d93fef3f28bff287489ab86','Custom SQL','',NULL,'2.0.2'),('1.50.10399-000','jpigg','db/db.changelog-offline-1.50.xml','2021-06-03 16:31:05',2320,'EXECUTED','3:395f79f95cf3d6bb7a613a67a4940eb7','Insert Row','',NULL,'2.0.2'),('1.50.10451-001','ctandy','db/db.changelog-offline-1.50.xml','2021-06-03 16:31:05',2329,'EXECUTED','3:3740d1d6492732019ccec1cecd8e6223','Custom SQL','',NULL,'2.0.2'),('1.50.10513-001','cingram','db/db.changelog-offline-1.50.xml','2021-06-03 16:31:05',2339,'EXECUTED','3:88b4b796d3eda5a283024877d3f3e2e7','Custom SQL','',NULL,'2.0.2'),('1.50.10582-000','jsantilli','db/db.changelog-offline-1.50.xml','2021-06-03 16:31:05',2328,'EXECUTED','3:618749e793caaa7cffbdd6db95b8c8df','Custom SQL','',NULL,'2.0.2'),('1.50.10841-000','jpigg','db/db.changelog-offline-1.50.xml','2021-06-03 16:31:05',2340,'EXECUTED','3:2639ee72cc5527982230b8a08fb91c6a','Custom SQL','',NULL,'2.0.2'),('1.50.10946-000','jsantilli','db/db.changelog-1.50-Release.xml','2021-06-03 16:30:45',2269,'EXECUTED','3:60d8a2a0a322f73f6fc7dc319036c94f','Custom SQL, Insert Row (x3)','',NULL,'2.0.2'),('1.50.1455-001','ctandy','db/db.changelog-offline-1.50.xml','2021-06-03 16:30:16',2236,'EXECUTED','3:2a40c88e9785e27fd2b05904be026ca3','Insert Row','',NULL,'2.0.2'),('1.50.1455-002','ctandy','db/db.changelog-offline-1.50.xml','2021-06-03 16:30:16',2237,'EXECUTED','3:4c52f90892ad845b3ef43de09ec1a05b','Create Table, Create Index (x2)','',NULL,'2.0.2'),('1.50.1455-003','ctandy','db/db.changelog-offline-1.50.xml','2021-06-03 16:30:16',2238,'EXECUTED','3:7f6310c001b3e55ec136180f05bdc3a5','Custom SQL','',NULL,'2.0.2'),('1.50.1455-005','ctandy','db/db.changelog-offline-1.50.xml','2021-06-03 16:30:16',2239,'EXECUTED','3:5464810d0289212ec46d8a7372939fe9','Custom SQL','',NULL,'2.0.2'),('1.50.2.9804-001','qvanegeren','db/db.changelog-1.50.5-Release.xml','2021-06-03 16:30:45',2275,'EXECUTED','3:ba035807edb2138dd8092e5a184bc576','Custom SQL','',NULL,'2.0.2'),('1.50.2.9804-002','qvanegeren','db/db.changelog-1.50.5-Release.xml','2021-06-03 16:30:45',2276,'EXECUTED','3:eb1fe4bdf42e1da74d904219ce54a2e6','Custom SQL','',NULL,'2.0.2'),('1.50.2.9804-003','qvanegeren','db/db.changelog-1.50.5-Release.xml','2021-06-03 16:30:46',2277,'EXECUTED','3:a0fabdae677e4281fa0a16a6cb971f0c','Custom SQL','',NULL,'2.0.2'),('1.50.2.9804-004','qvanegeren','db/db.changelog-1.50.5-Release.xml','2021-06-03 16:30:46',2278,'EXECUTED','3:b33de5c2743663abf333f04e8c833f94','Custom SQL','',NULL,'2.0.2'),('1.50.2.9804-005','qvanegeren','db/db.changelog-1.50.5-Release.xml','2021-06-03 16:30:46',2279,'EXECUTED','3:e14d1a450ed6f617308642518ba22e1f','Custom SQL','',NULL,'2.0.2'),('1.50.2.9804-006','qvanegeren','db/db.changelog-1.50.5-Release.xml','2021-06-03 16:30:46',2280,'EXECUTED','3:465b58bb17ae2327e878b1216ef8fae3','Insert Row','',NULL,'2.0.2'),('1.50.2.9804-007','khundley','db/db.changelog-1.50.5-Release.xml','2021-06-03 16:30:46',2281,'EXECUTED','3:c43e7d00272737362811e992b629540f','Custom SQL','',NULL,'2.0.2'),('1.50.2.9804-007','qvanegeren','db/db.changelog-1.50.5-Release.xml','2021-06-03 16:30:46',2283,'EXECUTED','3:2ebcb9b2ded73a424c4c77f0fd30e4b6','Insert Row (x4)','',NULL,'2.0.2'),('1.50.2.9804-008','khundley','db/db.changelog-1.50.5-Release.xml','2021-06-03 16:30:46',2282,'EXECUTED','3:0f204faab7998167a9719f5c2e89b53e','Custom SQL','',NULL,'2.0.2'),('1.50.2.9804-008','qvanegeren','db/db.changelog-1.50.5-Release.xml','2021-06-03 16:30:46',2284,'EXECUTED','3:172177589c45aa886354cda15ee7728b','Custom SQL','',NULL,'2.0.2'),('1.50.2.9804-009','khundley','db/db.changelog-1.50.5-Release.xml','2021-06-03 16:30:46',2285,'EXECUTED','3:76f0f0123ab35c44e0d63a888573bd30','Custom SQL','',NULL,'2.0.2'),('1.50.2.9804-009','qvanegeren','db/db.changelog-1.50.5-Release.xml','2021-06-03 16:30:46',2286,'EXECUTED','3:14d976e40dca1eb27003b0e6dca04f37','Custom SQL','',NULL,'2.0.2'),('1.50.2.9804-010','qvanegeren','db/db.changelog-1.50.5-Release.xml','2021-06-03 16:30:46',2287,'EXECUTED','3:84a1897438ab3c4ac4fc3eed330f8baa','Custom SQL','',NULL,'2.0.2'),('1.50.2.9804-011','qvanegeren','db/db.changelog-1.50.5-Release.xml','2021-06-03 16:30:46',2288,'EXECUTED','3:81adb461bc8108f7633f28e9d44f970d','Custom SQL','',NULL,'2.0.2'),('1.50.3642-000','rbarrett','db/db.changelog-offline-1.50.xml','2021-06-03 16:31:05',2337,'EXECUTED','3:829c356f30916b78b875385a74bce2e7','Insert Row (x2)','',NULL,'2.0.2'),('1.50.4.11592','jsantilli','db/db.changelog-1.50.4-Release.xml','2021-06-03 16:30:45',2273,'EXECUTED','3:1ef2b24d3243ad48b265afcda62c5a74','Custom SQL','',NULL,'2.0.2'),('1.50.4.11625-001','ctandy','db/db.changelog-1.50.4-Release.xml','2021-06-03 16:30:45',2271,'EXECUTED','3:582333666122ea12a8b861b1b970f338','Custom SQL','',NULL,'2.0.2'),('1.50.4.11625-002','ctandy','db/db.changelog-1.50.4-Release.xml','2021-06-03 16:30:45',2272,'EXECUTED','3:2ce5fdda0a88ed4ac28d8a73aae200a7','Custom SQL','',NULL,'2.0.2'),('1.50.4.system_status_data_update-000','jsantilli','db/db.changelog-1.50.4-Release.xml','2021-06-03 16:30:45',2274,'EXECUTED','3:55638005af6d30068d5631bd5dad809f','Update Data','',NULL,'2.0.2'),('1.50.4289-002','gsmith','db/db.changelog-offline-1.50.xml','2021-06-03 16:31:06',2363,'EXECUTED','3:78f6b7995645decafac1525614bcbc6a','Custom SQL','',NULL,'2.0.2'),('1.50.4298-001','gsmith','db/db.changelog-offline-1.50.xml','2021-06-03 16:31:05',2317,'EXECUTED','3:4151f01dc4a6bd9b18ba22f0d9027208','Custom SQL','',NULL,'2.0.2'),('1.50.4298-002','gsmith','db/db.changelog-offline-1.50.xml','2021-06-03 16:31:06',2364,'EXECUTED','3:19ff6dff46fe609dfbe908f9664d9d20','Custom SQL','',NULL,'2.0.2'),('1.50.5.system_status_data_update-000','gsmith','db/db.changelog-1.50.5-Release.xml','2021-06-03 16:30:46',2289,'EXECUTED','3:8e72ae76a14f094c5df493dd0ce5bf20','Update Data','',NULL,'2.0.2'),('1.50.5692-000','jpigg','db/db.changelog-offline-1.50.xml','2021-06-03 16:31:06',2350,'EXECUTED','3:54817558ef89f081e3d4cd4c44752309','Create Table, Create Index, Create Table, Create Index, Create Table, Create Index, Create Table, Create Index','',NULL,'2.0.2'),('1.50.5692-000','jsantilli','db/db.changelog-offline-1.50.xml','2021-06-03 16:31:06',2351,'EXECUTED','3:7d14b2d301b9a8c2dd837420e283a204','Insert Row','',NULL,'2.0.2'),('1.50.5692-001','jpigg','db/db.changelog-offline-1.50.xml','2021-06-03 16:31:06',2354,'EXECUTED','3:b8f99e8f3b8711728f89ee5b85c598f6','Create Table','',NULL,'2.0.2'),('1.50.5692-001','jsantilli','db/db.changelog-offline-1.50.xml','2021-06-03 16:31:06',2352,'EXECUTED','3:7b09a418700d3b09908ef04123bfc1f6','Custom SQL','',NULL,'2.0.2'),('1.50.5692-002','jpigg','db/db.changelog-offline-1.50.xml','2021-06-03 16:31:06',2355,'EXECUTED','3:1cf93ce7da7c4ec90d0994d0d3887555','Custom SQL','',NULL,'2.0.2'),('1.50.5692-002','jsantilli','db/db.changelog-offline-1.50.xml','2021-06-03 16:31:06',2353,'EXECUTED','3:e0af58d30095125386b8b8912bbee8da','Add Column','',NULL,'2.0.2'),('1.50.5692-003','jpigg','db/db.changelog-offline-1.50.xml','2021-06-03 16:31:06',2356,'EXECUTED','3:3c94a5cdd0e9d100477c6909e0c98154','Custom SQL','',NULL,'2.0.2'),('1.50.5692-003','jsantilli','db/db.changelog-offline-1.50.xml','2021-06-03 16:31:06',2357,'EXECUTED','3:fe49a3b65511728a0cd690ba4146953f','Add Column','',NULL,'2.0.2'),('1.50.5692-004','jpigg','db/db.changelog-offline-1.50.xml','2021-06-03 16:31:06',2358,'EXECUTED','3:5000bff8e4388ce425a6f4dea9eaa8d0','Custom SQL','',NULL,'2.0.2'),('1.50.5692-004','jsantilli','db/db.changelog-offline-1.50.xml','2021-06-03 16:31:06',2359,'EXECUTED','3:83589fe154740a20886b93c8a6a59038','Custom SQL','',NULL,'2.0.2'),('1.50.5692-005','jpigg','db/db.changelog-offline-1.50.xml','2021-06-03 16:31:06',2360,'EXECUTED','3:a5976df8d7a53ff2b61de2ea2cd6673d','Custom SQL','',NULL,'2.0.2'),('1.50.5692-006','jpigg','db/db.changelog-offline-1.50.xml','2021-06-03 16:31:06',2361,'EXECUTED','3:dda6d3e3fea0cf13ffa672586c05ce9e','Custom SQL','',NULL,'2.0.2'),('1.50.5796-001','gsmith','db/db.changelog-offline-1.50.xml','2021-06-03 16:31:05',2341,'EXECUTED','3:99690a876419d4824d5d77867742e627','Custom SQL','',NULL,'2.0.2'),('1.50.6.10937-001','cingram','db/db.changelog-1.50.6-Release.xml','2021-06-03 16:30:47',2299,'EXECUTED','3:294eb17ae3535f71bd19f04d1781e9a5','Custom SQL','',NULL,'2.0.2'),('1.50.6.10937-002','cingram','db/db.changelog-1.50.6-Release.xml','2021-06-03 16:30:47',2300,'EXECUTED','3:816006fbfb357e2562a10a5173074e80','Custom SQL','',NULL,'2.0.2'),('1.50.6.10986-001','cingram','db/db.changelog-1.50.6-Release.xml','2021-06-03 16:30:46',2291,'EXECUTED','3:e3e62dc8c4674552b9743d0e71c30f9f','Custom SQL','',NULL,'2.0.2'),('1.50.6.11005-001','khundley','db/db.changelog-1.50.6-Release.xml','2021-06-03 16:30:47',2302,'EXECUTED','3:32a30a4e4972e663c25cb2a8e4c55f50','Custom SQL','',NULL,'2.0.2'),('1.50.6.11289-001','cingram','db/db.changelog-1.50.6-Release.xml','2021-06-03 16:30:46',2292,'EXECUTED','3:7ae410deb5082d6276623900d33d8da9','Custom SQL','',NULL,'2.0.2'),('1.50.6.11289-002','cingram','db/db.changelog-1.50.6-Release.xml','2021-06-03 16:30:46',2293,'EXECUTED','3:9b867b51b6843c2b97c2d359473eba6b','Custom SQL','',NULL,'2.0.2'),('1.50.6.11289-003','cingram','db/db.changelog-1.50.6-Release.xml','2021-06-03 16:30:47',2294,'EXECUTED','3:74e1282ced28cfec87851fdce94c0450','Custom SQL','',NULL,'2.0.2'),('1.50.6.11289-004','cingram','db/db.changelog-1.50.6-Release.xml','2021-06-03 16:30:47',2295,'EXECUTED','3:7966f83c7b21d2dfdbaea9650f1231e5','Custom SQL','',NULL,'2.0.2'),('1.50.6.11289-005','cingram','db/db.changelog-1.50.6-Release.xml','2021-06-03 16:30:47',2296,'EXECUTED','3:f61a694f05b1bc4cf7cbe2c63f2deb75','Custom SQL','',NULL,'2.0.2'),('1.50.6.11289-006','cingram','db/db.changelog-1.50.6-Release.xml','2021-06-03 16:30:47',2297,'EXECUTED','3:bb9135585ab1bd8ddbed8b405d6e0421','Custom SQL','',NULL,'2.0.2'),('1.50.6.11289-007','cingram','db/db.changelog-1.50.6-Release.xml','2021-06-03 16:30:47',2298,'EXECUTED','3:73eb61a5166190361751feb936a198e2','Custom SQL','',NULL,'2.0.2'),('1.50.6.11596-001','cingram','db/db.changelog-1.50.6-Release.xml','2021-06-03 16:30:47',2301,'EXECUTED','3:bbcb0a2c57027b47ca6468b324b74a93','Custom SQL','',NULL,'2.0.2'),('1.50.6.2.remove_view_statuses_fk','jsantilli','db/db.changelog-Remove_view_statuses_fk.xml','2021-06-03 16:31:06',2366,'EXECUTED','3:deb26781f2ccad0c7c9a422fd3477460','Drop Foreign Key Constraint, Drop Index','',NULL,'2.0.2'),('1.50.6.system_status_data_update-000','gsmith','db/db.changelog-Ticket-10855-phase2.xml','2021-06-03 16:30:47',2304,'EXECUTED','3:beff8cfd6a00a0b150bc94e1da5d87ad','Update Data','',NULL,'2.0.2'),('1.50.6324-001','gsmith','db/db.changelog-offline-1.50.xml','2021-06-03 16:31:05',2344,'EXECUTED','3:a95e4e4e5ff4b6e56877f1ab8b5160ed','Custom SQL','',NULL,'2.0.2'),('1.50.6324-002','gsmith','db/db.changelog-offline-1.50.xml','2021-06-03 16:31:05',2345,'EXECUTED','3:8b097b63bd5399f1528a8f87b606f0d9','Custom SQL','',NULL,'2.0.2'),('1.50.6324-003','gsmith','db/db.changelog-offline-1.50.xml','2021-06-03 16:31:05',2346,'EXECUTED','3:9f167245d792159986369cbd0bf0e18b','Custom SQL','',NULL,'2.0.2'),('1.50.6324-004','gsmith','db/db.changelog-offline-1.50.xml','2021-06-03 16:31:05',2347,'EXECUTED','3:bd99119c58146459026e3eafba915238','Custom SQL','',NULL,'2.0.2'),('1.50.6324-005','gsmith','db/db.changelog-offline-1.50.xml','2021-06-03 16:31:05',2348,'EXECUTED','3:83545fe5fdc341d65ae66ddc7a986909','Custom SQL','',NULL,'2.0.2'),('1.50.6650-001','ctandy','db/db.changelog-offline-1.50.xml','2021-06-03 16:31:06',2362,'EXECUTED','3:8ac2156cdf46a9e4630c3dc493dc7dbc','Insert Row','',NULL,'2.0.2'),('1.50.8108-001','khundley','db/db.changelog-offline-1.50.xml','2021-06-03 16:31:05',2321,'EXECUTED','3:273870b4f62946713ef4e74a22f587f6','Custom SQL','',NULL,'2.0.2'),('1.50.8271-002','qvanegeren','db/db.changelog-offline-1.50.xml','2021-06-03 16:31:05',2349,'EXECUTED','3:4458e6914cad8f45b2bb31605f872b99','Custom SQL','',NULL,'2.0.2'),('1.50.8388-001','gsmith','db/db.changelog-offline-1.50.xml','2021-06-03 16:31:04',2308,'EXECUTED','3:3c9ee32a004e0527cb6687182e95468a','Custom SQL','',NULL,'2.0.2'),('1.50.8388-002','gsmith','db/db.changelog-offline-1.50.xml','2021-06-03 16:31:04',2309,'EXECUTED','3:404cee45fc27fca3d6ca565792683088','Custom SQL','',NULL,'2.0.2'),('1.50.8459-001','cingram','db/db.changelog-offline-1.50.xml','2021-06-03 16:31:04',2310,'EXECUTED','3:4a8a86be32d3a81c1e0b491bbfa38d4a','Custom SQL','',NULL,'2.0.2'),('1.50.8459-002','cingram','db/db.changelog-offline-1.50.xml','2021-06-03 16:31:04',2311,'EXECUTED','3:2ebf35510b5eae16ded283d37ca86df3','Custom SQL','',NULL,'2.0.2'),('1.50.8459-003','cingram','db/db.changelog-offline-1.50.xml','2021-06-03 16:31:04',2312,'EXECUTED','3:a0694cf269d391040ff6bacc1e004ce6','Custom SQL','',NULL,'2.0.2'),('1.50.8459-004','cingram','db/db.changelog-offline-1.50.xml','2021-06-03 16:31:04',2313,'EXECUTED','3:07cc8e32b9616dac901fb1ea2e090913','Custom SQL','',NULL,'2.0.2'),('1.50.8746-001','khundley','db/db.changelog-offline-1.50.xml','2021-06-03 16:31:05',2318,'EXECUTED','3:9ec2b251ab64ec1796e77f68f85ad441','Custom SQL','',NULL,'2.0.2'),('1.50.8746-002','khundley','db/db.changelog-offline-1.50.xml','2021-06-03 16:31:05',2319,'EXECUTED','3:e19aeb0016945ce1b3017b11143a95e7','Custom SQL','',NULL,'2.0.2'),('1.50.9044-001','qvanegeren','db/db.changelog-offline-1.50.xml','2021-06-03 16:31:05',2322,'EXECUTED','3:c1fb7859de292ae72a690021ce5642b6','Custom SQL','',NULL,'2.0.2'),('1.50.9044-002','qvanegeren','db/db.changelog-offline-1.50.xml','2021-06-03 16:31:05',2323,'EXECUTED','3:09e02fe0e543af87573caa0b530685ea','Insert Row','',NULL,'2.0.2'),('1.50.9044-003','qvanegeren','db/db.changelog-offline-1.50.xml','2021-06-03 16:31:05',2324,'EXECUTED','3:fc9f6d08b77be99ca524a77076e51ac8','Custom SQL','',NULL,'2.0.2'),('1.50.9044-004','qvanegeren','db/db.changelog-offline-1.50.xml','2021-06-03 16:31:05',2325,'EXECUTED','3:87b4b88c4ab8c0e79fb9d088f576e4a3','Custom SQL','',NULL,'2.0.2'),('1.50.9044-005','qvanegeren','db/db.changelog-offline-1.50.xml','2021-06-03 16:31:05',2326,'EXECUTED','3:e00b01c46249cf667d9279b74a128dd7','Custom SQL','',NULL,'2.0.2'),('1.50.9044-006','qvanegeren','db/db.changelog-offline-1.50.xml','2021-06-03 16:31:05',2327,'EXECUTED','3:5659553a0df746df96d769274ec461fa','Add Foreign Key Constraint','',NULL,'2.0.2'),('1.50.9045-001','gsmith','db/db.changelog-1.50-Release.xml','2021-06-03 16:30:45',2265,'EXECUTED','3:b8b710aace170b6b24d0d29fe31c790a','Custom SQL','',NULL,'2.0.2'),('1.50.9045-001','gsmith','db/db.changelog-offline-1.50.xml','2021-06-03 16:31:05',2334,'EXECUTED','3:ee59798361aad2af21b118cf1ff94760','Custom SQL','',NULL,'2.0.2'),('1.50.9045-002','gsmith','db/db.changelog-offline-1.50.xml','2021-06-03 16:31:05',2335,'EXECUTED','3:8bf5ceab19d17df67186dde3bea6cc91','Custom SQL','',NULL,'2.0.2'),('1.50.9045-003','gsmith','db/db.changelog-1.50-Release.xml','2021-06-03 16:30:45',2266,'EXECUTED','3:c5eceba84dcb7c26260a1bde3ab4ef69','Custom SQL','',NULL,'2.0.2'),('1.50.9048-001','cingram','db/db.changelog-1.50-Release.xml','2021-06-03 16:30:45',2262,'EXECUTED','3:27da9fe107b2cdd1b9ed324de5c58a22','Custom SQL','',NULL,'2.0.2'),('1.50.9050-001','cingram','db/db.changelog-1.50-Release.xml','2021-06-03 16:30:45',2267,'EXECUTED','3:9121cb98c9b9de1859e0a1bd3332dacc','Custom SQL','',NULL,'2.0.2'),('1.50.9050-002','cingram','db/db.changelog-offline-1.50.xml','2021-06-03 16:31:04',2305,'EXECUTED','3:24144c0edb1318da426107cd4a43a5c8','Custom SQL','',NULL,'2.0.2'),('1.50.9050-003','cingram','db/db.changelog-offline-1.50.xml','2021-06-03 16:31:04',2306,'EXECUTED','3:99f6d2133c3cbf46a544ff6863a42ad5','Custom SQL','',NULL,'2.0.2'),('1.50.9050-007','cingram','db/db.changelog-1.50-Release.xml','2021-06-03 16:30:45',2268,'EXECUTED','3:e9dc5ccc5e744f71f91a79c3af706b3d','Custom SQL','',NULL,'2.0.2'),('1.50.9070-001','khundley','db/db.changelog-offline-1.50.xml','2021-06-03 16:30:17',2240,'EXECUTED','3:2472a75d9b976cf9c5a91c84438b1637','Custom SQL','',NULL,'2.0.2'),('1.50.9070-002','khundley','db/db.changelog-offline-1.50.xml','2021-06-03 16:30:17',2241,'EXECUTED','3:f15b700b79bb62d038ea632898f0baa3','Custom SQL','',NULL,'2.0.2'),('1.50.9070-003','khundley','db/db.changelog-offline-1.50.xml','2021-06-03 16:30:17',2242,'EXECUTED','3:8454850ea8f4ff7972e2358186a7cd30','Custom SQL','',NULL,'2.0.2'),('1.50.9070-004','khundley','db/db.changelog-offline-1.50.xml','2021-06-03 16:30:17',2243,'EXECUTED','3:cb2ece7161b3a6088d042932d9056a47','Custom SQL','',NULL,'2.0.2'),('1.50.9070-005','khundley','db/db.changelog-offline-1.50.xml','2021-06-03 16:30:17',2244,'EXECUTED','3:d7db028c17dd4df248c4f49a6b2db735','Custom SQL','',NULL,'2.0.2'),('1.50.9070-006','khundley','db/db.changelog-offline-1.50.xml','2021-06-03 16:30:17',2245,'EXECUTED','3:521083c64a452e014e3e6ccd89255493','Custom SQL','',NULL,'2.0.2'),('1.50.9070-007','khundley','db/db.changelog-offline-1.50.xml','2021-06-03 16:30:17',2246,'EXECUTED','3:ae64df1529b9b6eb9afa04abec01fca4','Custom SQL','',NULL,'2.0.2'),('1.50.9070-008','khundley','db/db.changelog-offline-1.50.xml','2021-06-03 16:31:05',2336,'EXECUTED','3:3114bb1de04f9dc796941e12a4bc520b','Custom SQL','',NULL,'2.0.2'),('1.50.9070-009','khundley','db/db.changelog-offline-1.50.xml','2021-06-03 16:31:05',2342,'EXECUTED','3:4bf3868855226d2b98fb8da604efc7aa','Custom SQL','',NULL,'2.0.2'),('1.50.9070-010','khundley','db/db.changelog-offline-1.50.xml','2021-06-03 16:31:05',2343,'EXECUTED','3:1e044d31e8e21ebe196dcbe31cd8faa8','Custom SQL','',NULL,'2.0.2'),('1.50.9696-001','gsmith','db/db.changelog-offline-1.50.xml','2021-06-03 16:31:04',2307,'EXECUTED','3:e7c0b93ea206a23f6c6381c56dd50ba4','Custom SQL (x2)','',NULL,'2.0.2'),('1.50.9986-001','khundley','db/db.changelog-offline-1.50.xml','2021-06-03 16:31:05',2330,'EXECUTED','3:6b6e34b12fe3cabaf5219558b4218e79','Custom SQL','',NULL,'2.0.2'),('1.50.combined-compounds','cingram','db/db.changelog-1.50-Release.xml','2021-06-03 16:30:45',2263,'EXECUTED','3:f609871b1932bcafc13296a567e2e42c','Custom SQL','',NULL,'2.0.2'),('1.50.system_status_data_update-000','jsantilli','db/db.changelog-1.50-Release.xml','2021-06-03 16:30:45',2270,'EXECUTED','3:d44c81df02d6eb640f47772fc13b4db6','Update Data','',NULL,'2.0.2'),('1.50.system_status_data_update-000','jsantilli','db/db.changelog-offline-1.50.xml','2021-06-03 16:31:06',2365,'EXECUTED','3:a1243eed7996ccfd6a1b16f89273321f','Update Data','',NULL,'2.0.2'),('1.51.11529-001','cingram','db/db.changelog-Ticket-11529.xml','2021-06-03 16:31:07',2378,'EXECUTED','3:f81bd23729827fc8593719f85c5552d3','Custom SQL','',NULL,'2.0.2'),('1.51.11648-001','gsmith','db/db.changelog-Ticket-11648.xml','2021-06-03 16:31:07',2372,'EXECUTED','3:cac9f3d263d468e71e22d2e7cf72a686','Custom SQL','',NULL,'2.0.2'),('1.51.11981-001','khundley','db/db.changelog-Ticket-11981.xml','2021-06-03 16:31:07',2373,'EXECUTED','3:1588a2643b8433c8155e920e7fecdf24','Insert Row','',NULL,'2.0.2'),('1.51.11981-002','khundley','db/db.changelog-Ticket-11981.xml','2021-06-03 16:31:07',2374,'EXECUTED','3:26f8a2fe2e6523145ee384d6e16116bd','Insert Row','',NULL,'2.0.2'),('1.51.11981-003','khundley','db/db.changelog-Ticket-11981.xml','2021-06-03 16:31:07',2375,'EXECUTED','3:1d69677d72565ccff5c63815a28507c0','Insert Row','',NULL,'2.0.2'),('1.51.11981-004','khundley','db/db.changelog-Ticket-11981.xml','2021-06-03 16:31:07',2376,'EXECUTED','3:293d6cc40dffa61ae4ca161f02d2f65d','Insert Row','',NULL,'2.0.2'),('1.51.11981-005','khundley','db/db.changelog-Ticket-11981.xml','2021-06-03 16:31:07',2377,'EXECUTED','3:14bf73bb62227bb3c66883c3758fb6bb','Custom SQL','',NULL,'2.0.2'),('1.55-008','qvanegeren','db/db.changelog-1.15-Release.xml','2021-06-03 16:03:12',801,'EXECUTED','3:96b4aa89457be414e56b4ea77cc106ec','Custom SQL (x3)','',NULL,'2.0.2'),('1.55.16388-001','khundley','db/db.changelog-Ticket-16388.xml','2021-06-03 16:31:26',2486,'EXECUTED','3:71882b6c47406ccd52d57656f7aa9e05','Insert Row','',NULL,'2.0.2'),('1.55.16388-002','khundley','db/db.changelog-Ticket-16388.xml','2021-06-03 16:31:26',2487,'EXECUTED','3:47f4c25a2b2e967127bab084128acef7','Insert Row','',NULL,'2.0.2'),('1.55.16388-003','khundley','db/db.changelog-Ticket-16388.xml','2021-06-03 16:31:26',2488,'EXECUTED','3:9c0327516e82843a0d0b86bb5da4c790','Insert Row (x3)','',NULL,'2.0.2'),('1.55.16388-004','khundley','db/db.changelog-Ticket-16388.xml','2021-06-03 16:31:26',2489,'EXECUTED','3:61711a14c86c2153a938841494c7cca6','Custom SQL','',NULL,'2.0.2'),('1.55.16388-005','khundley','db/db.changelog-Ticket-16388.xml','2021-06-03 16:31:26',2490,'EXECUTED','3:58977c73cee2ee6789865a085d71138d','Insert Row, Custom SQL (x3), Insert Row, Custom SQL, Insert Row, Custom SQL','',NULL,'2.0.2'),('1.6-001','qvanegeren','db/db.changelog-1.6-Release.xml','2021-06-03 16:02:53',439,'EXECUTED','3:3fc0900270dd4b390337ae591cddbcc5','Insert Row','',NULL,'2.0.2'),('1.6-002','qvanegeren','db/db.changelog-1.6-Release.xml','2021-06-03 16:02:53',440,'EXECUTED','3:0bbe973f874d06e0b4c4b0034172d153','Create Table','',NULL,'2.0.2'),('1.6-003','qvanegeren','db/db.changelog-1.6-Release.xml','2021-06-03 16:02:53',441,'EXECUTED','3:cea392df81fac9a0149e3b5cd1f79654','Create Table','',NULL,'2.0.2'),('1.6-004','khundley','db/db.changelog-1.6-Release.xml','2021-06-03 16:02:53',443,'EXECUTED','3:30b33f284360395c79f9fe017c784cd4','Add Column','',NULL,'2.0.2'),('1.6-004','qvanegeren','db/db.changelog-1.6-Release.xml','2021-06-03 16:02:53',442,'EXECUTED','3:83ffbfdf02206b0dcbf5676cf406fdcd','Add Column','',NULL,'2.0.2'),('1.6-005','qvanegeren','db/db.changelog-1.6-Release.xml','2021-06-03 16:02:53',444,'EXECUTED','3:de745daa59abd92bef7bb7948ea8acd5','Add Column (x2)','',NULL,'2.0.2'),('1.6-006','khundley','db/db.changelog-1.6-Release.xml','2021-06-03 16:02:53',445,'EXECUTED','3:af362a417b9fd8cfcf22d917b6e094f6','Create Table','',NULL,'2.0.2'),('1.6-007','khundley','db/db.changelog-1.6-Release.xml','2021-06-03 16:02:53',446,'EXECUTED','3:3a10090526d061a21cf447379cef5809','Create Table','',NULL,'2.0.2'),('1.6-008','khundley','db/db.changelog-1.6-Release.xml','2021-06-03 16:02:53',447,'EXECUTED','3:0c974285a01d8e38defa0924d1f07d01','Insert Row (x7)','',NULL,'2.0.2'),('1.6-009','qvanegeren','db/db.changelog-1.6-Release.xml','2021-06-03 16:02:54',450,'EXECUTED','3:98634972bcd0ea0ff6abf83c1d5585e5','Add Column','',NULL,'2.0.2'),('1.6-010','avanegeren','db/db.changelog-1.6-Release.xml','2021-06-03 16:02:54',451,'EXECUTED','3:328337b065dfff4c36bf30afaa56f800','Custom SQL','',NULL,'2.0.2'),('1.6-011','qvanegeren','db/db.changelog-1.6-Release.xml','2021-06-03 16:02:54',452,'EXECUTED','3:713688144e658bd57d1509851d5eb987','Custom SQL','',NULL,'2.0.2'),('1.6-012','khundley','db/db.changelog-1.6-Release.xml','2021-06-03 16:02:54',453,'EXECUTED','3:6bbb35cb010f5460e0f642169f15fd13','Add Foreign Key Constraint (x2)','',NULL,'2.0.2'),('1.6-013','qvanegeren','db/db.changelog-1.6-Release.xml','2021-06-03 16:02:54',454,'EXECUTED','3:d59cb03376b7ff157f23d0942f111669','Create Table','',NULL,'2.0.2'),('1.6-014','qvanegeren','db/db.changelog-1.6-Release.xml','2021-06-03 16:02:54',455,'EXECUTED','3:b5e8b9187adc15e2421c2d7e8fb3a512','Add Foreign Key Constraint (x3)','',NULL,'2.0.2'),('1.6-015','khundley','db/db.changelog-1.6-Release.xml','2021-06-03 16:02:54',456,'EXECUTED','3:1fa973dd584ce0f9636bea444a3b239a','Add Column','',NULL,'2.0.2'),('1.6-016','khundley','db/db.changelog-1.6-Release.xml','2021-06-03 16:02:54',457,'EXECUTED','3:d2159b8e479cb2962b0536fa3abd3214','Drop Column','',NULL,'2.0.2'),('1.6-016','qvanegeren','db/db.changelog-1.6-Release.xml','2021-06-03 16:02:54',458,'EXECUTED','3:fa6c846bc74bd76e62b897ce13ddb6d0','Insert Row (x2)','',NULL,'2.0.2'),('1.6-017','qvanegeren','db/db.changelog-1.6-Release.xml','2021-06-03 16:02:54',459,'EXECUTED','3:92a5e0d1c3ce4ae800ca6045db3780e8','Insert Row','',NULL,'2.0.2'),('1.6-018','qvanegeren','db/db.changelog-1.6-Release.xml','2021-06-03 16:02:54',460,'EXECUTED','3:499b59a591cd2f04356554e2d9bb6b01','Add Column','',NULL,'2.0.2'),('1.6-019','qvanegeren','db/db.changelog-1.6-Release.xml','2021-06-03 16:02:54',461,'EXECUTED','3:1c4f7b9dedcd10df3d5cc29289be28b3','Add Column','',NULL,'2.0.2'),('1.6-020','qvanegeren','db/db.changelog-1.6-Release.xml','2021-06-03 16:02:54',462,'EXECUTED','3:0387d2a3f9e1404ba8b53dc253adbefa','Rename Table','',NULL,'2.0.2'),('1.6-021','qvanegeren','db/db.changelog-1.6-Release.xml','2021-06-03 16:02:54',463,'EXECUTED','3:48e879842195931f798363f4388e3da2','Rename Table','',NULL,'2.0.2'),('1.6-022','qvanegeren','db/db.changelog-1.6-Release.xml','2021-06-03 16:02:54',464,'EXECUTED','3:ab93ff175901b48b9b993f9018610738','Add Column','',NULL,'2.0.2'),('1.6-023','qvanegeren','db/db.changelog-1.6-Release.xml','2021-06-03 16:02:54',465,'EXECUTED','3:5c54b87b66e2290f25dced4395d4891a','Add Column','',NULL,'2.0.2'),('1.6-024','qvanegeren','db/db.changelog-1.6-Release.xml','2021-06-03 16:02:54',466,'EXECUTED','3:f007755cdcd45abbf282758952091e4c','Drop Not-Null Constraint','',NULL,'2.0.2'),('1.6-025','qvanegeren','db/db.changelog-1.6-Release.xml','2021-06-03 16:02:55',467,'EXECUTED','3:602fa819b2803ab28147854dd60a4442','Add Column','',NULL,'2.0.2'),('1.6-026','qvanegeren','db/db.changelog-1.6-Release.xml','2021-06-03 16:02:55',468,'EXECUTED','3:37ca08aef54f8ad2ac5ef44cdc3f66b8','Add Foreign Key Constraint (x2)','',NULL,'2.0.2'),('1.6-027','qvanegeren','db/db.changelog-1.6-Release.xml','2021-06-03 16:02:55',469,'EXECUTED','3:a135813e3cc0aa205f3ff44fbf6d8815','Add Column','',NULL,'2.0.2'),('1.6-028','qvanegeren','db/db.changelog-1.6-Release.xml','2021-06-03 16:02:55',470,'EXECUTED','3:dfed65f0ee1d62083878322a9bb8cb13','Add Foreign Key Constraint (x3)','',NULL,'2.0.2'),('1.6-029','qvanegeren','db/db.changelog-1.6-Release.xml','2021-06-03 16:02:55',471,'EXECUTED','3:a8e44faf4f81bfe08294208d9e183e8a','Rename Table','',NULL,'2.0.2'),('1.6-030','qvanegeren','db/db.changelog-1.6-Release.xml','2021-06-03 16:02:55',472,'EXECUTED','3:53734cb239483105c267a6a9a996e902','Drop Column','',NULL,'2.0.2'),('1.6-031','qvanegeren','db/db.changelog-1.6-Release.xml','2021-06-03 16:02:55',473,'EXECUTED','3:61c2c53e7213bd494680783e611adfec','Drop Column','',NULL,'2.0.2'),('1.6-032','qvanegeren','db/db.changelog-1.6-Release.xml','2021-06-03 16:02:55',474,'EXECUTED','3:2db4702572d4067e04242c084524e24e','Create Table, Add Foreign Key Constraint (x2)','',NULL,'2.0.2'),('1.6-033','qvanegeren','db/db.changelog-1.6-Release.xml','2021-06-03 16:02:55',475,'EXECUTED','3:553e47b9d53c1eb93dd392b4f9d24472','Add Column','',NULL,'2.0.2'),('1.6-034','qvanegeren','db/db.changelog-1.6-Release.xml','2021-06-03 16:02:55',476,'EXECUTED','3:48d7df4be243e96a5ba846b179bf2fa4','Drop Not-Null Constraint','',NULL,'2.0.2'),('1.6-034.1','qvanegeren','db/db.changelog-1.6-Release.xml','2021-06-03 16:02:55',477,'EXECUTED','3:67966498154398db6a6efafc32166cc6','Custom SQL','',NULL,'2.0.2'),('1.6-035','qvanegeren','db/db.changelog-1.6-Release.xml','2021-06-03 16:02:55',478,'EXECUTED','3:f4363124ba494ee038da881f9fd34e32','Modify data type','',NULL,'2.0.2'),('1.6-036','khundley','db/db.changelog-1.6-Release.xml','2021-06-03 16:02:55',479,'EXECUTED','3:b18a13abce9ea002b7ce72a7b4ce08e8','Add Column','',NULL,'2.0.2'),('1.6-037','khundley','db/db.changelog-1.6-Release.xml','2021-06-03 16:02:55',480,'EXECUTED','3:d7ae910d0f0b60a6b29c85309a634eae','Insert Row (x3)','',NULL,'2.0.2'),('1.6-038','avanegeren','db/db.changelog-1.6-Release.xml','2021-06-03 16:02:55',481,'EXECUTED','3:a771aa5e3c521ebccb9356d0980bfc79','Rename Column','',NULL,'2.0.2'),('1.6-039','qvanegeren','db/db.changelog-1.6-Release.xml','2021-06-03 16:02:55',482,'EXECUTED','3:363e248ef25fca15956174ca1ae93f1d','Add Column','',NULL,'2.0.2'),('1.6-040','qvanegeren','db/db.changelog-1.6-Release.xml','2021-06-03 16:02:55',483,'EXECUTED','3:0828c8da2b2f786faf85e536321bbc25','Add Column','',NULL,'2.0.2'),('1.6-041','qvanegeren','db/db.changelog-1.6-Release.xml','2021-06-03 16:02:55',484,'EXECUTED','3:095a9544e625955531b5168b7839bb3c','Insert Row','',NULL,'2.0.2'),('1.6-042','qvanegeren','db/db.changelog-1.6-Release.xml','2021-06-03 16:02:55',485,'EXECUTED','3:ebb1274e5f5126c827084bccaf48f6d0','Custom SQL','',NULL,'2.0.2'),('1.6-043','qvanegeren','db/db.changelog-1.6-Release.xml','2021-06-03 16:02:55',486,'EXECUTED','3:044a605ee737d30d54103cb2a92410f1','Insert Row (x2)','',NULL,'2.0.2'),('1.6-044','qvanegeren','db/db.changelog-1.6-Release.xml','2021-06-03 16:02:55',487,'EXECUTED','3:e9a2d74ebdd2012a5cc1efb3c3035684','Insert Row (x2)','',NULL,'2.0.2'),('1.6-045','qvanegeren','db/db.changelog-1.6-Release.xml','2021-06-03 16:02:55',488,'EXECUTED','3:dc2edf95be063860410598e6a21a70f1','Insert Row (x2)','',NULL,'2.0.2'),('1.6-046','qvanegeren','db/db.changelog-1.6-Release.xml','2021-06-03 16:02:55',489,'EXECUTED','3:fa42426aac84b13c93579debbbaa94cc','Insert Row (x3)','',NULL,'2.0.2'),('1.6-047','khundley','db/db.changelog-1.6-Release.xml','2021-06-03 16:02:55',490,'EXECUTED','3:42134b7778293fa1c7f0bf7abd1414bd','Modify data type','',NULL,'2.0.2'),('1.6-048','khundley','db/db.changelog-1.6-Release.xml','2021-06-03 16:02:55',491,'EXECUTED','3:aa1a9c0ad43a931c21c070727d7bae5f','Modify data type','',NULL,'2.0.2'),('1.7-001','qvanegeren','db/db.changelog-1.7-Release.xml','2021-06-03 16:02:56',493,'EXECUTED','3:ed889c473f9965a4a58a25f763098f62','Add Column','',NULL,'2.0.2'),('1.7-002','qvanegeren','db/db.changelog-1.7-Release.xml','2021-06-03 16:02:56',494,'EXECUTED','3:869673a8a0b393122f2d8369fde49103','Drop Foreign Key Constraint, Rename Column, Add Not-Null Constraint, Add Foreign Key Constraint','',NULL,'2.0.2'),('1.7-003','qvanegeren','db/db.changelog-1.7-Release.xml','2021-06-03 16:02:56',495,'EXECUTED','3:5851b87dc41b24956054fa932e0aa94f','Modify data type','',NULL,'2.0.2'),('1.7-004','qvanegeren','db/db.changelog-1.7-Release.xml','2021-06-03 16:02:56',496,'EXECUTED','3:048f748f652da43e25e19b15b2014887','Insert Row (x4)','',NULL,'2.0.2'),('1.7-005','khundley','db/db.changelog-1.7-Release.xml','2021-06-03 16:02:56',497,'EXECUTED','3:1d0f385cdca3f3c12bd568aa8214767a','Add Column','',NULL,'2.0.2'),('1.7-005','qvanegeren','db/db.changelog-1.7-Release.xml','2021-06-03 16:02:56',500,'EXECUTED','3:7d1b5a532236083f33d2d1e4b6dba21a','Custom SQL (x3)','',NULL,'2.0.2'),('1.7-006','khundley','db/db.changelog-1.7-Release.xml','2021-06-03 16:02:56',498,'EXECUTED','3:77bb2ebe1bbfd005c71af9a2a0be4e09','Add Column (x2)','',NULL,'2.0.2'),('1.7-006','qvanegeren','db/db.changelog-1.7-Release.xml','2021-06-03 16:02:56',501,'EXECUTED','3:4f0777898db71176a368226328f130a2','Modify data type','',NULL,'2.0.2'),('1.7-007','khundley','db/db.changelog-1.7-Release.xml','2021-06-03 16:02:56',499,'EXECUTED','3:1880bdee1bb68643f46d61ec3421755d','Create Table','',NULL,'2.0.2'),('1.7-007','qvanegeren','db/db.changelog-1.7-Release.xml','2021-06-03 16:02:56',502,'EXECUTED','3:acd79fec0be3356ea3e4f2ba6edf7da3','Custom SQL (x3)','',NULL,'2.0.2'),('1.7-008','khundley','db/db.changelog-1.7-Release.xml','2021-06-03 16:02:56',503,'EXECUTED','3:7c1509138810d1a808784c24c60c2aab','Insert Row','',NULL,'2.0.2'),('1.7-008','qvanegeren','db/db.changelog-1.7-Release.xml','2021-06-03 16:02:56',505,'EXECUTED','3:d9ff5e5dd664419e2441d3476bfc3c6b','Modify data type','',NULL,'2.0.2'),('1.7-009','khundley','db/db.changelog-1.7-Release.xml','2021-06-03 16:02:56',504,'EXECUTED','3:e26bacc56085ec56d4698c0f620f2132','Modify data type','',NULL,'2.0.2'),('1.7-009','qvanegeren','db/db.changelog-1.7-Release.xml','2021-06-03 16:02:56',506,'EXECUTED','3:306ee7b1794b63af72f4a38ab8c151d0','Insert Row','',NULL,'2.0.2'),('1.7-010','qvanegeren','db/db.changelog-1.7-Release.xml','2021-06-03 16:02:56',507,'EXECUTED','3:23e92bf7d93d7325cd55c3c7cbab1634','Insert Row','',NULL,'2.0.2'),('1.7-011','qvanegeren','db/db.changelog-1.7-Release.xml','2021-06-03 16:02:56',508,'EXECUTED','3:cf7b5984aff16d27d57157856b85b443','Add Column','',NULL,'2.0.2'),('1.7-012','khundley','db/db.changelog-1.7-Release.xml','2021-06-03 16:02:56',509,'EXECUTED','3:9d8d10137faafa91b42421459e576c4d','Create Index (x2)','',NULL,'2.0.2'),('1.7-013','khundley','db/db.changelog-1.7-Release.xml','2021-06-03 16:02:56',510,'EXECUTED','3:eeea80462efaefa8d79a5b60636b5298','Create Index','',NULL,'2.0.2'),('1.7-014','khundley','db/db.changelog-1.7-Release.xml','2021-06-03 16:02:56',511,'EXECUTED','3:f36bf73c1be0efe1346a2d663a58a226','Create Index','',NULL,'2.0.2'),('1.7-015','khundley','db/db.changelog-1.7-Release.xml','2021-06-03 16:02:56',512,'EXECUTED','3:31c5ecf92b81a43530cbba23c67f13e8','Create Index','',NULL,'2.0.2'),('1.7-016','khundley','db/db.changelog-1.7-Release.xml','2021-06-03 16:02:57',513,'EXECUTED','3:b40a0da0ea28465e99326a0eb0d14fe5','Create Index (x2)','',NULL,'2.0.2'),('1.7-017','khundley','db/db.changelog-1.7-Release.xml','2021-06-03 16:02:57',514,'EXECUTED','3:489961ebac0a6a262dabb0cf6d3d6039','Create Index','',NULL,'2.0.2'),('1.7-018','khundley','db/db.changelog-1.7-Release.xml','2021-06-03 16:02:57',515,'EXECUTED','3:7e5ea0117b48123befe5f490b1e46b81','Create Index','',NULL,'2.0.2'),('1.7-019','khundley','db/db.changelog-1.7-Release.xml','2021-06-03 16:02:57',516,'EXECUTED','3:fcd6b7c4954a0b0accd2f8079c380ce3','Create Index','',NULL,'2.0.2'),('1.7-020','khundley','db/db.changelog-1.7-Release.xml','2021-06-03 16:02:57',517,'EXECUTED','3:e29988561b44f5d56d0ff8b9a08559ce','Create Index','',NULL,'2.0.2'),('1.7-021','khundley','db/db.changelog-1.7-Release.xml','2021-06-03 16:02:57',518,'EXECUTED','3:856cdf6a004f9754bb393fd08a4575dc','Create Index','',NULL,'2.0.2'),('1.7-022','khundley','db/db.changelog-1.7-Release.xml','2021-06-03 16:02:57',519,'EXECUTED','3:e11faf23ca1f3cd888661e18a251ea8a','Create Index','',NULL,'2.0.2'),('1.7-023','khundley','db/db.changelog-1.7-Release.xml','2021-06-03 16:02:57',520,'EXECUTED','3:569c30e5689917d236e26305ad385703','Create Index','',NULL,'2.0.2'),('1.7-023','qvanegeren','db/db.changelog-1.7-Release.xml','2021-06-03 16:02:57',521,'EXECUTED','3:76ade2b157a40b69c0962f3e1e30aacf','Create Table','',NULL,'2.0.2'),('1.7-024','qvanegeren','db/db.changelog-1.7-Release.xml','2021-06-03 16:02:57',522,'EXECUTED','3:b6a38c4847d3471de59604cb9fd00823','Custom SQL','',NULL,'2.0.2'),('1.7-025','khundley','db/db.changelog-1.7-Release.xml','2021-06-03 16:02:57',523,'EXECUTED','3:45bcbcfe958966de89bf6c6dacb46221','Create Table','',NULL,'2.0.2'),('1.7-025','qvanegeren','db/db.changelog-1.7-Release.xml','2021-06-03 16:02:57',525,'EXECUTED','3:6f770c442bd2cd0d4adbbf482172bbee','Create Table','',NULL,'2.0.2'),('1.7-026','khundley','db/db.changelog-1.7-Release.xml','2021-06-03 16:02:57',524,'EXECUTED','3:50acfde607a70c695814f25f06516343','Add Foreign Key Constraint (x2)','',NULL,'2.0.2'),('1.7-026','qvanegeren','db/db.changelog-1.7-Release.xml','2021-06-03 16:02:57',526,'EXECUTED','3:1cd01a708ba6745b9b3e012f42e943ae','Insert Row (x8)','',NULL,'2.0.2'),('1.7-027','qvanegeren','db/db.changelog-1.7-Release.xml','2021-06-03 16:02:57',527,'EXECUTED','3:3b864ea3f617b01c7ba9118fa77c5ef5','Create Table','',NULL,'2.0.2'),('1.7-028','qvanegeren','db/db.changelog-1.7-Release.xml','2021-06-03 16:02:57',528,'EXECUTED','3:f55e00b0e242805cd8a1f8bf291f5259','Create Table','',NULL,'2.0.2'),('1.7-029','qvanegeren','db/db.changelog-1.7-Release.xml','2021-06-03 16:02:57',529,'EXECUTED','3:87e344cda1d9b9e1759d48a17031bc6a','Add Column','',NULL,'2.0.2'),('1.7-030','khundley','db/db.changelog-1.7-Release.xml','2021-06-03 16:02:57',530,'EXECUTED','3:0631c60fa87f8b563f8e252604a45a24','Add Column','',NULL,'2.0.2'),('1.7-030','qvanegeren','db/db.changelog-1.7-Release.xml','2021-06-03 16:02:57',531,'EXECUTED','3:41587303228b595948035ed2279fa0da','Add Column','',NULL,'2.0.2'),('1.7-031','qvanegeren','db/db.changelog-1.7-Release.xml','2021-06-03 16:02:57',532,'EXECUTED','3:d2cbddd5bca08c544b36f07c765196f4','Custom SQL','',NULL,'2.0.2'),('1.7-032','qvanegeren','db/db.changelog-1.7-Release.xml','2021-06-03 16:02:58',533,'EXECUTED','3:647cdf4454a62d8336b97e5ecef52b51','Add Column','',NULL,'2.0.2'),('1.7-033','qvanegeren','db/db.changelog-1.7-Release.xml','2021-06-03 16:02:58',534,'EXECUTED','3:1f2dcddeb4394407e706992e121992b1','Add Foreign Key Constraint','',NULL,'2.0.2'),('1.7-034','qvanegeren','db/db.changelog-1.7-Release.xml','2021-06-03 16:02:58',535,'EXECUTED','3:204fb823b8773bcb9a9a213f32dd75c7','Add Foreign Key Constraint','',NULL,'2.0.2'),('1.7-035','qvanegeren','db/db.changelog-1.7-Release.xml','2021-06-03 16:02:58',536,'EXECUTED','3:acbcea18fc999f354af4fd22d56f8cd5','Add Foreign Key Constraint (x3)','',NULL,'2.0.2'),('1.7-036','qvanegeren','db/db.changelog-1.7-Release.xml','2021-06-03 16:02:58',537,'EXECUTED','3:ccd41b815100a87d86515c6588370cea','Add Foreign Key Constraint (x4)','',NULL,'2.0.2'),('1.7-037','qvanegeren','db/db.changelog-1.7-Release.xml','2021-06-03 16:02:58',538,'EXECUTED','3:6363e524894808f6a96359abf0d5dfbf','Add Foreign Key Constraint (x2)','',NULL,'2.0.2'),('1.7-038','qvanegeren','db/db.changelog-1.7-Release.xml','2021-06-03 16:02:58',539,'EXECUTED','3:391968d5f061ebe260d233b6f4bb32b3','Modify data type','',NULL,'2.0.2'),('1.7-039','qvanegeren','db/db.changelog-1.7-Release.xml','2021-06-03 16:02:58',540,'EXECUTED','3:3a30a9b97a7601f3ee9627919dbbd19d','Insert Row (x4)','',NULL,'2.0.2'),('1.7-040','qvanegeren','db/db.changelog-1.7-Release.xml','2021-06-03 16:02:58',541,'EXECUTED','3:4cf8882a993894ca03b6249ae12445f8','Add Column','',NULL,'2.0.2'),('1.7-041','qvanegeren','db/db.changelog-1.7-Release.xml','2021-06-03 16:02:58',542,'EXECUTED','3:4690ed3b831c4d9f55186a341422dd0c','Drop Not-Null Constraint','',NULL,'2.0.2'),('1.7-042','qvanegeren','db/db.changelog-1.7-Release.xml','2021-06-03 16:02:58',543,'EXECUTED','3:c422b95555eb0047985a325c414a0515','Drop Not-Null Constraint','',NULL,'2.0.2'),('1.7-043','qvanegeren','db/db.changelog-1.7-Release.xml','2021-06-03 16:02:58',544,'EXECUTED','3:6050ec3c878b13cb88ed8cdd3cc758ff','Add Column','',NULL,'2.0.2'),('1.7-044','khundley','db/db.changelog-1.7-Release.xml','2021-06-03 16:02:58',545,'EXECUTED','3:1e61ff546c3652f0df720e3c64318c83','Add Column','',NULL,'2.0.2'),('1.7-044','qvanegeren','db/db.changelog-1.7-Release.xml','2021-06-03 16:02:58',546,'EXECUTED','3:3856c25d205f16c275d221e7ade546c6','Add Column','',NULL,'2.0.2'),('1.7-045','qvanegeren','db/db.changelog-1.7-Release.xml','2021-06-03 16:02:58',547,'EXECUTED','3:92030232c55eceb67199760f5a309793','Add Column','',NULL,'2.0.2'),('1.7-046','qvanegeren','db/db.changelog-1.7-Release.xml','2021-06-03 16:02:59',548,'EXECUTED','3:fab4502d2b4b4dc2a784c8f438affac1','Create Table','',NULL,'2.0.2'),('1.7-047','qvanegeren','db/db.changelog-1.7-Release.xml','2021-06-03 16:02:59',549,'EXECUTED','3:a54052cce957e441ae71f8d6aa0c87be','Add Foreign Key Constraint (x2)','',NULL,'2.0.2'),('1.7-048','qvanegeren','db/db.changelog-1.7-Release.xml','2021-06-03 16:02:59',550,'EXECUTED','3:cf6f34af84fdb8f90561b5d2b92033cd','Custom SQL','',NULL,'2.0.2'),('1.7-049','qvanegeren','db/db.changelog-1.7-Release.xml','2021-06-03 16:02:59',551,'EXECUTED','3:ceecec323825f38f78ba82c142e84994','Custom SQL','',NULL,'2.0.2'),('1.7-050','khundley','db/db.changelog-1.7-Release.xml','2021-06-03 16:02:59',552,'EXECUTED','3:0d6fa4c8b0dd20b357e78e523638d03d','Add Column','',NULL,'2.0.2'),('1.7-050','qvanegeren','db/db.changelog-1.7-Release.xml','2021-06-03 16:02:59',556,'EXECUTED','3:0ff32906f26cfb77f6c7efe00f5d7e9c','Create Table','',NULL,'2.0.2'),('1.7-051','khundley','db/db.changelog-1.7-Release.xml','2021-06-03 16:02:59',553,'EXECUTED','3:819fb04767cbda428cd667542d25c245','Insert Row','',NULL,'2.0.2'),('1.7-051','qvanegeren','db/db.changelog-1.7-Release.xml','2021-06-03 16:02:59',557,'EXECUTED','3:1f84cf8ba289e0a190d384351c205c1f','Create Table','',NULL,'2.0.2'),('1.7-052','khundley','db/db.changelog-1.7-Release.xml','2021-06-03 16:02:59',554,'EXECUTED','3:2eb3a54103fe41414b5f149a51343ebb','Add Column','',NULL,'2.0.2'),('1.7-052','qvanegeren','db/db.changelog-1.7-Release.xml','2021-06-03 16:02:59',558,'EXECUTED','3:b95a75277398acce485ba97112a3159e','Add Column','',NULL,'2.0.2'),('1.7-053','khundley','db/db.changelog-1.7-Release.xml','2021-06-03 16:02:59',555,'EXECUTED','3:1025786325aa39cf02ba0c4bb8b97426','Insert Row (x4)','',NULL,'2.0.2'),('1.7-053','qvanegeren','db/db.changelog-1.7-Release.xml','2021-06-03 16:02:59',559,'EXECUTED','3:7395b2dac1e20eb5d1ac2ec3c5ab5c6a','Drop Column','',NULL,'2.0.2'),('1.7-054','qvanegeren','db/db.changelog-1.7-Release.xml','2021-06-03 16:02:59',560,'EXECUTED','3:2ffcbbbf92c1910afb93ab858ce59ce2','Add Column','',NULL,'2.0.2'),('1.7-055','qvanegeren','db/db.changelog-1.7-Release.xml','2021-06-03 16:02:59',561,'EXECUTED','3:fe9fe46d3347a99c1bbc96dfb9b4faf0','Add Column','',NULL,'2.0.2'),('1.7-056','khundley','db/db.changelog-1.7-Release.xml','2021-06-03 16:02:59',562,'EXECUTED','3:cb8822554d996d11c1157da91e4f4546','Insert Row','',NULL,'2.0.2'),('1.7-056','qvanegeren','db/db.changelog-1.7-Release.xml','2021-06-03 16:02:59',564,'EXECUTED','3:98186515e10cf2c27b6c7eba44686a62','Add Column (x3), Rename Column','',NULL,'2.0.2'),('1.7-057','khundley','db/db.changelog-1.7-Release.xml','2021-06-03 16:02:59',563,'EXECUTED','3:8f6a29d8ea80665b1fcecfb3e591e0c1','Rename Column','',NULL,'2.0.2'),('1.7-058','bstegman','db/db.changelog-1.7-Release.xml','2021-06-03 16:02:59',565,'EXECUTED','3:61db041f6b69ed9a75def79bbcd894d1','Insert Row, Create Table','',NULL,'2.0.2'),('1.7-059','bstegman','db/db.changelog-1.7-Release.xml','2021-06-03 16:02:59',567,'EXECUTED','3:ac4660c124af0e5c52223673b3a5b8eb','Custom SQL','',NULL,'2.0.2'),('1.7-059','khundley','db/db.changelog-1.7-Release.xml','2021-06-03 16:02:59',566,'EXECUTED','3:73a6db90d0c5fa6485651ec3f8103204','Custom SQL','',NULL,'2.0.2'),('1.7-060','khundley','db/db.changelog-1.7-Release.xml','2021-06-03 16:02:59',568,'EXECUTED','3:74a5f7f27af381bd738f67bbd2d7f9cf','Insert Row','',NULL,'2.0.2'),('1.7-060','qvanegeren','db/db.changelog-1.7-Release.xml','2021-06-03 16:02:59',569,'EXECUTED','3:fb4228f91f937d71e1c4271b812847df','Drop Table','',NULL,'2.0.2'),('1.7-061','qvanegeren','db/db.changelog-1.7-Release.xml','2021-06-03 16:02:59',570,'EXECUTED','3:1a4172778c6e266244395a81b16e1f5c','Add Column','',NULL,'2.0.2'),('1.7-062','qvanegeren','db/db.changelog-1.7-Release.xml','2021-06-03 16:02:59',571,'EXECUTED','3:41a972bd59b731d26bb66a75f56a642b','Custom SQL','',NULL,'2.0.2'),('1.7-063','qvanegeren','db/db.changelog-1.7-Release.xml','2021-06-03 16:03:00',573,'EXECUTED','3:d4ad4e76e34fa01fca01b62fd71a8a91','Add Column','',NULL,'2.0.2'),('1.7-064','qvanegeren','db/db.changelog-1.7-Release.xml','2021-06-03 16:03:00',576,'EXECUTED','3:9e96427f23b7c7617054de5e9872df4d','Custom SQL (x3)','',NULL,'2.0.2'),('1.7-065','qvanegeren','db/db.changelog-1.7-Release.xml','2021-06-03 16:03:00',577,'EXECUTED','3:c3d3cd6c1bff90aedbaa8b129fdcc1ae','Custom SQL','',NULL,'2.0.2'),('1.7-066','qvanegeren','db/db.changelog-1.7-Release.xml','2021-06-03 16:03:00',578,'EXECUTED','3:dc1afca1efb3d0be51b951cbfae422d6','Add Column','',NULL,'2.0.2'),('1.7-067','qvanegeren','db/db.changelog-1.7-Release.xml','2021-06-03 16:03:00',579,'EXECUTED','3:257fdbf59eb59068cea7b4c9dede12d0','Add Foreign Key Constraint (x4)','',NULL,'2.0.2'),('1.7-068','khundley','db/db.changelog-1.7-Release.xml','2021-06-03 16:03:00',580,'EXECUTED','3:bd23b6d3a25c2ceace5ecb0c49dd800c','Insert Row','',NULL,'2.0.2'),('1.7-069','qvanegeren','db/db.changelog-1.7-Release.xml','2021-06-03 16:03:00',581,'EXECUTED','3:2a3cb5127bf0d6647903f9fca6e63db7','Add Column','',NULL,'2.0.2'),('1.7-070','qvanegeren','db/db.changelog-1.7-Release.xml','2021-06-03 16:03:00',582,'EXECUTED','3:42e1f23640a668d1632ce0c75d62348f','Custom SQL','',NULL,'2.0.2'),('1.8-001','qvanegeren','db/db.changelog-1.8-Release.xml','2021-06-03 16:03:00',583,'EXECUTED','3:e040268aa7bd33e97d0096e71d9f3cf7','Insert Row','',NULL,'2.0.2'),('1.8-002','qvanegeren','db/db.changelog-1.8-Release.xml','2021-06-03 16:03:00',584,'EXECUTED','3:07a2e748d4190270371056ad78706533','Custom SQL','',NULL,'2.0.2'),('1.8-003','khundley','db/db.changelog-1.8-Release.xml','2021-06-03 16:03:00',585,'EXECUTED','3:6254d10635593397e4ba185419ee3a91','Insert Row','',NULL,'2.0.2'),('1.8-003','qvanegeren','db/db.changelog-1.8-Release.xml','2021-06-03 16:03:00',589,'EXECUTED','3:13004d36a2154db4d17de6e301e5bd1f','Add Column','',NULL,'2.0.2'),('1.8-004','khundley','db/db.changelog-1.8-Release.xml','2021-06-03 16:03:00',586,'EXECUTED','3:e5e11a13d8617ce37fd57327d25f5e59','Update Data','',NULL,'2.0.2'),('1.8-004','qvanegeren','db/db.changelog-1.8-Release.xml','2021-06-03 16:03:01',590,'EXECUTED','3:6a33474d8ef90cbf4dcace97ae1b4821','Add Column','',NULL,'2.0.2'),('1.8-005','khundley','db/db.changelog-1.8-Release.xml','2021-06-03 16:03:00',587,'EXECUTED','3:e18dfff0ce3ca1b2c23df6dc2faef967','Insert Row','',NULL,'2.0.2'),('1.8-005','qvanegeren','db/db.changelog-1.8-Release.xml','2021-06-03 16:03:01',591,'EXECUTED','3:fed292ae5672fb7ae2d01f329a8101b7','Add Column','',NULL,'2.0.2'),('1.8-006','khundley','db/db.changelog-1.8-Release.xml','2021-06-03 16:03:00',588,'EXECUTED','3:5ae77f0efeab1f150863cbe82fdae408','Add Column','',NULL,'2.0.2'),('1.8-006','qvanegeren','db/db.changelog-1.8-Release.xml','2021-06-03 16:03:01',592,'EXECUTED','3:63bb31b02baa6a8c6cfdcce2594dd645','Add Column','',NULL,'2.0.2'),('1.8-007','qvanegeren','db/db.changelog-1.8-Release.xml','2021-06-03 16:03:01',593,'EXECUTED','3:61af4d287d3e5e5396d0df1c4470c2c1','Custom SQL','',NULL,'2.0.2'),('1.8-008','qvanegeren','db/db.changelog-1.8-Release.xml','2021-06-03 16:03:01',594,'EXECUTED','3:1894cf11c0a8105ace8bca6093a46062','Modify data type, Custom SQL, Modify data type','',NULL,'2.0.2'),('1.8-009','qvanegeren','db/db.changelog-1.8-Release.xml','2021-06-03 16:03:01',595,'EXECUTED','3:b3afee46d55d1fba37b9c1133f0084a0','Add Column','',NULL,'2.0.2'),('1.8-010','qvanegeren','db/db.changelog-1.8-Release.xml','2021-06-03 16:03:01',596,'EXECUTED','3:e73dd17d21d1c9ea06c10fd0f49f98a2','Custom SQL','',NULL,'2.0.2'),('1.8-011','qvanegeren','db/db.changelog-1.8-Release.xml','2021-06-03 16:03:01',597,'EXECUTED','3:3613cb36b9e2ea6946045a5b7ffd602a','Custom SQL','',NULL,'2.0.2'),('1.8-012','qvanegeren','db/db.changelog-1.8-Release.xml','2021-06-03 16:03:01',598,'EXECUTED','3:031e8661d8f0dbf6ba30f2754048bdc6','Modify data type, Rename Column, Modify data type','',NULL,'2.0.2'),('1.8-013','qvanegeren','db/db.changelog-1.8-Release.xml','2021-06-03 16:03:01',599,'EXECUTED','3:451535da50124bcc50ca2d06d1d6a3b9','Rename Column','',NULL,'2.0.2'),('1.8-014','khundley','db/db.changelog-1.8-Release.xml','2021-06-03 16:03:01',600,'EXECUTED','3:cdfdc724d205974771413b7c12a979bb','Add Column','',NULL,'2.0.2'),('1.8-014','qvanegeren','db/db.changelog-1.8-Release.xml','2021-06-03 16:03:01',601,'EXECUTED','3:24063f99d02b1f91139084ea77b6d371','Custom SQL','',NULL,'2.0.2'),('1.8-015','qvanegeren','db/db.changelog-1.8-Release.xml','2021-06-03 16:03:01',602,'EXECUTED','3:20323328f1acbb1fd8ae745bc5de8e40','Drop Not-Null Constraint','',NULL,'2.0.2'),('1.9-001','khundley','db/db.changelog-1.9-Release.xml','2021-06-03 16:03:01',603,'EXECUTED','3:9455561c086e3c6300bf1d7b77fc9744','Create Index','',NULL,'2.0.2'),('1.9-002','khundley','db/db.changelog-1.9-Release.xml','2021-06-03 16:03:01',604,'EXECUTED','3:a9c100bb1f0372d4704fdf831039afea','Create Index','',NULL,'2.0.2'),('1.9-003','khundley','db/db.changelog-1.9-Release.xml','2021-06-03 16:03:01',605,'EXECUTED','3:9604e6e6a046bc132c7a648d38929502','Create Index','',NULL,'2.0.2'),('1.9-004','khundley','db/db.changelog-1.9-Release.xml','2021-06-03 16:03:01',606,'EXECUTED','3:442a02be43943d531327431877d4aba2','Create Index','',NULL,'2.0.2'),('1.9-005','qvanegeren','db/db.changelog-1.9-Release.xml','2021-06-03 16:03:01',608,'EXECUTED','3:fb404611a151bec4c21555d001996f90','Insert Row','',NULL,'2.0.2'),('1.9-006','qvanegeren','db/db.changelog-1.9-Release.xml','2021-06-03 16:03:01',609,'EXECUTED','3:71176809b3956feaeeadcbff634f23f5','Drop Not-Null Constraint','',NULL,'2.0.2'),('1.9-007','qvanegeren','db/db.changelog-1.9-Release.xml','2021-06-03 16:03:01',610,'EXECUTED','3:ec4e06464f826f5fe7f3b2f5333ee0e7','Custom SQL','',NULL,'2.0.2'),('1.9-008','qvanegeren','db/db.changelog-1.9-Release.xml','2021-06-03 16:03:01',611,'EXECUTED','3:eb171319ba858c784656da69e1f1c3c3','Custom SQL','',NULL,'2.0.2'),('1.9-009','qvanegeren','db/db.changelog-1.9-Release.xml','2021-06-03 16:03:01',612,'EXECUTED','3:64e3844107cefbd547ad84a0f0e05752','Custom SQL','',NULL,'2.0.2'),('1.9-010','qvanegeren','db/db.changelog-1.9-Release.xml','2021-06-03 16:03:01',613,'EXECUTED','3:fc97dbec31ff68b65bf78978f57a3851','Custom SQL','',NULL,'2.0.2'),('1.9-011','qvanegeren','db/db.changelog-1.9-Release.xml','2021-06-03 16:03:01',614,'EXECUTED','3:69bda3c85eea8a00234ed180b3ee39b6','Custom SQL','',NULL,'2.0.2'),('1.9-012','qvanegeren','db/db.changelog-1.9-Release.xml','2021-06-03 16:03:02',616,'EXECUTED','3:6ad3378d43d42bb8af8cf0975a571006','Add Column','',NULL,'2.0.2'),('1.9-013','qvanegeren','db/db.changelog-1.9-Release.xml','2021-06-03 16:03:02',617,'EXECUTED','3:33b30305394f570a519bbf49ac9546b7','Custom SQL','',NULL,'2.0.2'),('1.9-014','qvanegeren','db/db.changelog-1.9-Release.xml','2021-06-03 16:03:02',618,'EXECUTED','3:bfa541ad6f983ece138a660721364722','Custom SQL','',NULL,'2.0.2'),('1.9-015','khundley','db/db.changelog-1.9-Release.xml','2021-06-03 16:03:02',619,'EXECUTED','3:9c6a5416b54300ecf0980bcc4e0605d4','Insert Row','',NULL,'2.0.2'),('1.9-016','khundley','db/db.changelog-1.9-Release.xml','2021-06-03 16:03:02',620,'EXECUTED','3:5eaf154c638de9fc3777429ee2d58aa2','Add Column','',NULL,'2.0.2'),('1.9-017','qvanegeren','db/db.changelog-1.9-Release.xml','2021-06-03 16:03:02',621,'EXECUTED','3:3865eedf8aaa63f07a540a6398cc4f0b','Add Column','',NULL,'2.0.2'),('1.9-018','qvanegeren','db/db.changelog-1.9-Release.xml','2021-06-03 16:03:02',622,'EXECUTED','3:b11ac04d947eb6ef8b5faf71552a2240','Add Column','',NULL,'2.0.2'),('1.9-019','qvanegeren','db/db.changelog-1.9-Release.xml','2021-06-03 16:03:02',623,'EXECUTED','3:5a4dd31981ec96627d9e12d3a88db039','Add Column','',NULL,'2.0.2'),('1.9-020','qvanegeren','db/db.changelog-1.9-Release.xml','2021-06-03 16:03:02',624,'EXECUTED','3:7be45925dd5d3203361b97c02942c9b0','Modify data type','',NULL,'2.0.2'),('1.9-021','qvanegeren','db/db.changelog-1.9-Release.xml','2021-06-03 16:03:02',625,'EXECUTED','3:e2e792d3f5b95f3dc213fa1b9243409c','Drop Column','',NULL,'2.0.2'),('1.9-022','khundley','db/db.changelog-1.9-Release.xml','2021-06-03 16:03:02',626,'EXECUTED','3:ef3570ca65fd016816550341e6be7c4b','Create Table','',NULL,'2.0.2'),('1.9-023','khundley','db/db.changelog-1.9-Release.xml','2021-06-03 16:03:02',627,'EXECUTED','3:8440d397f0c508526de8796185e37efe','Add Foreign Key Constraint (x2)','',NULL,'2.0.2'),('1.9-024','qvanegeren','db/db.changelog-1.9-Release.xml','2021-06-03 16:03:02',629,'EXECUTED','3:5762443f877d7d77754a37a073b8f49d','Insert Row','',NULL,'2.0.2'),('1.9-025','qvanegeren','db/db.changelog-1.9-Release.xml','2021-06-03 16:03:02',630,'EXECUTED','3:c3db9f127f8288cd52f099286f2af5f9','Create Table','',NULL,'2.0.2'),('1.9-026','qvanegeren','db/db.changelog-1.9-Release.xml','2021-06-03 16:03:02',631,'EXECUTED','3:29ea05cee34f61d140959798529b62dd','Insert Row','',NULL,'2.0.2'),('1.9-027','khundley','db/db.changelog-1.9-Release.xml','2021-06-03 16:03:02',632,'EXECUTED','3:832cb9a69bb0d0e547e340100cda1023','Update Data','',NULL,'2.0.2'),('1.9-027','qvanegeren','db/db.changelog-1.9-Release.xml','2021-06-03 16:03:03',633,'EXECUTED','3:785b7d688a1a83ab04e46b3d173b6552','Add Column','',NULL,'2.0.2'),('1.9-028','qvanegeren','db/db.changelog-1.9-Release.xml','2021-06-03 16:03:03',634,'EXECUTED','3:bc50437ff84c091b68f63de68d041492','Add Column','',NULL,'2.0.2'),('1.9-029','qvanegeren','db/db.changelog-1.9-Release.xml','2021-06-03 16:03:03',635,'EXECUTED','3:03fb9495313cf773a5ccadbf04b25582','Custom SQL','',NULL,'2.0.2'),('1.9-030','qvanegeren','db/db.changelog-1.9-Release.xml','2021-06-03 16:03:03',636,'EXECUTED','3:6e0e8701708e5ec7c3ed75e1c3bcf2b0','Custom SQL','',NULL,'2.0.2'),('1.9-031','qvanegeren','db/db.changelog-1.9-Release.xml','2021-06-03 16:03:03',637,'EXECUTED','3:de33d5f9d9544c471b532f1a23ace65d','Custom SQL','',NULL,'2.0.2'),('1.9-032','qvanegeren','db/db.changelog-1.9-Release.xml','2021-06-03 16:03:03',638,'EXECUTED','3:98868e827ca5a837b6875ac77269602e','Custom SQL','',NULL,'2.0.2'),('1.9-033','qvanegeren','db/db.changelog-1.9-Release.xml','2021-06-03 16:03:03',639,'EXECUTED','3:f3d131613e0df850c2b7b804f8178edc','Rename Column','',NULL,'2.0.2'),('1.9-034','qvanegeren','db/db.changelog-1.9-Release.xml','2021-06-03 16:03:03',640,'EXECUTED','3:0b54187ca9c64abcf29dd3b46defa10f','Modify data type','',NULL,'2.0.2'),('1.9-035','qvanegeren','db/db.changelog-1.9-Release.xml','2021-06-03 16:03:03',641,'EXECUTED','3:54abb76b866156f367ffc65f7de02c2b','Custom SQL','',NULL,'2.0.2'),('1.9-036','qvanegeren','db/db.changelog-1.9-Release.xml','2021-06-03 16:03:03',642,'EXECUTED','3:da1c50b804a591f606ca0d17a9bc64ba','Custom SQL','',NULL,'2.0.2'),('1.9-037','qvanegeren','db/db.changelog-1.9-Release.xml','2021-06-03 16:03:03',644,'EXECUTED','3:6f4cd4fa189433049ac538f2a66de168','Custom SQL','',NULL,'2.0.2'),('1.9-038','qvanegeren','db/db.changelog-1.9-Release.xml','2021-06-03 16:03:03',645,'EXECUTED','3:0ea0e8f073e48f9c46b0443dc4c20acc','Custom SQL','',NULL,'2.0.2'),('1.9-24','khundley','db/db.changelog-1.9-Release.xml','2021-06-03 16:03:02',628,'EXECUTED','3:7159be4e168637e32439b5640d14303c','Add Column','',NULL,'2.0.2'),('1.9.1-040','khundley','db/db.changelog-1.9-Release.xml','2021-06-03 16:03:03',647,'EXECUTED','3:e78a86d1caebc03836bdeab751265c75','Insert Row','',NULL,'2.0.2'),('1.9.1-041','qvanegeren','db/db.changelog-1.9-Release.xml','2021-06-03 16:03:03',650,'EXECUTED','3:e08f169b8621be2ed7fa5197acf46a23','Custom SQL','',NULL,'2.0.2'),('1.98-008','qvanegeren','db/db.changelog-1.19-Release.xml','2021-06-03 16:03:19',984,'EXECUTED','3:9b2599f2589ff0bff3ce9c5b455b2257','Insert Row','',NULL,'2.0.2'),('1.98-009','qvanegeren','db/db.changelog-1.19-Release.xml','2021-06-03 16:03:19',985,'EXECUTED','3:438d40476501efe422203469699187fa','Insert Row','',NULL,'2.0.2'),('1.98-010','qvanegeren','db/db.changelog-1.19-Release.xml','2021-06-03 16:03:19',986,'EXECUTED','3:2a406202b310ccbc49a77154c7244bab','Insert Row','',NULL,'2.0.2'),('1.98-011','qvanegeren','db/db.changelog-1.19-Release.xml','2021-06-03 16:03:19',987,'EXECUTED','3:125a7b8bfaea1e1485495254daea096f','Custom SQL','',NULL,'2.0.2'),('1.98-012','qvanegeren','db/db.changelog-1.19-Release.xml','2021-06-03 16:03:19',988,'EXECUTED','3:4ed93b7205ca1ea24a2258438927cd10','Add Column','',NULL,'2.0.2'),('1.98-013','qvanegeren','db/db.changelog-1.19-Release.xml','2021-06-03 16:03:19',989,'EXECUTED','3:b90f18cbef5f0d7ec58a6f1d91141136','Drop Not-Null Constraint','',NULL,'2.0.2'),('1.98-014','qvanegeren','db/db.changelog-1.19-Release.xml','2021-06-03 16:03:19',993,'EXECUTED','3:630e1245b4e180e93566ec77e49e2c2b','Custom SQL (x2)','',NULL,'2.0.2'),('1.98-015','qvanegeren','db/db.changelog-1.19-Release.xml','2021-06-03 16:03:19',994,'EXECUTED','3:876599939d509140c6b754b5649e1b08','Insert Row','',NULL,'2.0.2'),('1.98-016','qvanegeren','db/db.changelog-1.19-Release.xml','2021-06-03 16:03:19',995,'EXECUTED','3:f3f8bee74411f425cd384dfe04e632a7','Insert Row','',NULL,'2.0.2'),('10','bstegman','db/db.changelog-1.28-Release.xml','2021-06-03 16:03:30',1316,'EXECUTED','3:00d5889c84d8752e2e4c9c6d387eead6','Create Index','',NULL,'2.0.2'),('10','jpigg','db/db.changelog-1.16-Release.xml','2021-06-03 16:03:14',819,'EXECUTED','3:e161cb1358214709533a410544f6c75e','Add Column (x11)','',NULL,'2.0.2'),('10','karabfak','db/db.changelog-1.16-Release.xml','2021-06-03 16:03:15',841,'EXECUTED','3:1865985a7e7c0ee1599f11ea9221ef71','Insert Row','',NULL,'2.0.2'),('10','karabfak','db/db.changelog-1.5-Release.xml','2021-06-03 16:02:52',431,'EXECUTED','3:654e3bc41405582ca02fb65ebf3a256b','Custom SQL (x2)','',NULL,'2.0.2'),('10855phase1.001','gsmith','db/db.changelog-Ticket-10855.xml','2021-06-03 16:30:46',2290,'EXECUTED','3:fc8560f5abfe53fc4259db09372d941a','Custom SQL','',NULL,'2.0.2'),('10855phase2.002','gsmith','db/db.changelog-Ticket-10855-phase2.xml','2021-06-03 16:30:47',2303,'EXECUTED','3:f868d8aa29cc8bf817003ccd2cf9a04c','Custom SQL','',NULL,'2.0.2'),('11','bstegman','db/db.changelog-1.28-Release.xml','2021-06-03 16:03:31',1317,'EXECUTED','3:91ee16525e9e563bbf17197ded4524be','Create Index','',NULL,'2.0.2'),('11','jpigg','db/db.changelog-1.16-Release.xml','2021-06-03 16:03:14',822,'EXECUTED','3:30ba465d465087c6011e65ec5f5ea4bf','Custom SQL','',NULL,'2.0.2'),('11','karabfak','db/db.changelog-1.16-Release.xml','2021-06-03 16:03:15',844,'EXECUTED','3:665ae6e1d5d757660b0f8442b402ca1b','Modify data type','',NULL,'2.0.2'),('11','karabfak','db/db.changelog-1.5-Release.xml','2021-06-03 16:02:52',432,'EXECUTED','3:b971ffbb1061089532981307ad35dcb5','Add Column','',NULL,'2.0.2'),('12','bstegman','db/db.changelog-1.28-Release.xml','2021-06-03 16:03:31',1318,'EXECUTED','3:3c5641589f55416579710c15ae8c6c4d','Create Index','',NULL,'2.0.2'),('12','jpigg','db/db.changelog-1.16-Release.xml','2021-06-03 16:03:14',823,'EXECUTED','3:2dcde0d025b74e5205e96365224f73f8','Delete Data (x6)','',NULL,'2.0.2'),('12','karabfak','db/db.changelog-1.5-Release.xml','2021-06-03 16:02:52',433,'EXECUTED','3:2097593844dd15784c9e5e5f889fa388','Add Column','',NULL,'2.0.2'),('12002.001','gsmith','db/db.changelog-Ticket-12002.xml','2021-06-03 16:30:45',2261,'EXECUTED','3:0750f047bbbe53cf534f6e9b1e3782d7','Custom SQL','',NULL,'2.0.2'),('12257.001','gsmith','db/db.changelog-Ticket-12257.xml','2021-06-03 16:31:23',2380,'EXECUTED','3:322cccc5fdc2c83bb112346e132862ce','Custom SQL','',NULL,'2.0.2'),('12326.001','gsmith','db/db.changelog-Ticket-12326.xml','2021-06-03 16:31:23',2381,'EXECUTED','3:4b4d76e90e2e20dde3376644e384491d','Custom SQL','',NULL,'2.0.2'),('12438-001','gsmith','db/db.changelog-Ticket-12438.xml','2021-06-03 16:31:23',2387,'EXECUTED','3:d42e2e14ec7ae6beb07289e1f6060575','Custom SQL','',NULL,'2.0.2'),('12438-002','gsmith','db/db.changelog-Ticket-12438.xml','2021-06-03 16:31:23',2388,'EXECUTED','3:41a4c3581ab1527ff199832d234d22f9','Custom SQL','',NULL,'2.0.2'),('12438-003','gsmith','db/db.changelog-Ticket-12438.xml','2021-06-03 16:31:23',2389,'EXECUTED','3:c1d65eeebdacb44ae2e5a74935a03111','Custom SQL','',NULL,'2.0.2'),('12468.001','rbarrett','db/db.changelog-Ticket-12468.xml','2021-06-03 16:31:23',2390,'EXECUTED','3:359a4c1eb0b768971a045e5537b50b6c','Insert Row','',NULL,'2.0.2'),('13','bstegman','db/db.changelog-1.28-Release.xml','2021-06-03 16:03:31',1319,'EXECUTED','3:a7146e0cdf48beaa6d77e61db66addcf','Create Index','',NULL,'2.0.2'),('13','jpigg','db/db.changelog-1.16-Release.xml','2021-06-03 16:03:14',820,'EXECUTED','3:19bd6e238d53d96d7a0f97ac3908be7b','Add Column (x4)','',NULL,'2.0.2'),('1366605037239-1','karabfak (generated)','db/db.changelog-create-tables.xml','2021-06-03 16:02:19',1,'EXECUTED','3:8f784852c46ed6374974dc6b18f093ec','Create Table','',NULL,'2.0.2'),('1366605037239-10','karabfak (generated)','db/db.changelog-create-tables.xml','2021-06-03 16:02:19',10,'EXECUTED','3:32b75371786e58effffb57b18f105b9e','Create Table','',NULL,'2.0.2'),('1366605037239-100','karabfak (generated)','db/db.changelog-create-tables.xml','2021-06-03 16:02:22',100,'EXECUTED','3:6c98f32de4287c4026131942eb9273b5','Add Foreign Key Constraint','',NULL,'2.0.2'),('1366605037239-101','karabfak (generated)','db/db.changelog-create-tables.xml','2021-06-03 16:02:22',101,'EXECUTED','3:b040163193fa191dfd5293559e03bb87','Add Foreign Key Constraint','',NULL,'2.0.2'),('1366605037239-102','karabfak (generated)','db/db.changelog-create-tables.xml','2021-06-03 16:02:22',102,'EXECUTED','3:5cb01bfe7680886f7bea11a99acf69e0','Add Foreign Key Constraint','',NULL,'2.0.2'),('1366605037239-103','karabfak (generated)','db/db.changelog-create-tables.xml','2021-06-03 16:02:22',103,'EXECUTED','3:c42914ecb72e9cc53c8d34b259405bae','Add Foreign Key Constraint','',NULL,'2.0.2'),('1366605037239-104','karabfak (generated)','db/db.changelog-create-tables.xml','2021-06-03 16:02:22',104,'EXECUTED','3:3202c43a969f07f3056a0447cca33943','Add Foreign Key Constraint','',NULL,'2.0.2'),('1366605037239-105','karabfak (generated)','db/db.changelog-create-tables.xml','2021-06-03 16:02:22',105,'EXECUTED','3:2bd1317c681f4cbdc417a2e7326beac1','Add Foreign Key Constraint','',NULL,'2.0.2'),('1366605037239-106','karabfak (generated)','db/db.changelog-create-tables.xml','2021-06-03 16:02:22',106,'EXECUTED','3:883fcaddec8edbdc0f5ebf45500ce5aa','Add Foreign Key Constraint','',NULL,'2.0.2'),('1366605037239-107','karabfak (generated)','db/db.changelog-create-tables.xml','2021-06-03 16:02:22',107,'EXECUTED','3:ab1e5e135e1f285aef8b73b6edf30135','Add Foreign Key Constraint','',NULL,'2.0.2'),('1366605037239-108','karabfak (generated)','db/db.changelog-create-tables.xml','2021-06-03 16:02:22',108,'EXECUTED','3:880f595a9cfea4cd7609e461a3aaee01','Add Foreign Key Constraint','',NULL,'2.0.2'),('1366605037239-109','karabfak (generated)','db/db.changelog-create-tables.xml','2021-06-03 16:02:22',109,'EXECUTED','3:21ed8c4117c316e37e81a0e3dca27cdd','Add Foreign Key Constraint','',NULL,'2.0.2'),('1366605037239-11','karabfak (generated)','db/db.changelog-create-tables.xml','2021-06-03 16:02:19',11,'EXECUTED','3:c15e9d3f08c7fb943692de03c4165224','Create Table','',NULL,'2.0.2'),('1366605037239-110','karabfak (generated)','db/db.changelog-create-tables.xml','2021-06-03 16:02:22',110,'EXECUTED','3:ee58bc554a690d3ca8420381f7a84d06','Add Foreign Key Constraint','',NULL,'2.0.2'),('1366605037239-111','karabfak (generated)','db/db.changelog-create-tables.xml','2021-06-03 16:02:22',111,'EXECUTED','3:08ed497ee5fa000e69ed7dbe867754a5','Add Foreign Key Constraint','',NULL,'2.0.2'),('1366605037239-112','karabfak (generated)','db/db.changelog-create-tables.xml','2021-06-03 16:02:22',112,'EXECUTED','3:3ae920398a5af39074a4468bd83e689b','Add Foreign Key Constraint','',NULL,'2.0.2'),('1366605037239-113','karabfak (generated)','db/db.changelog-create-tables.xml','2021-06-03 16:02:22',113,'EXECUTED','3:d36d3841afd58b0f8f415e4ea0dfa4ae','Add Foreign Key Constraint','',NULL,'2.0.2'),('1366605037239-114','karabfak (generated)','db/db.changelog-create-tables.xml','2021-06-03 16:02:22',114,'EXECUTED','3:244df249a51e2038e9410921a324ee3e','Add Foreign Key Constraint','',NULL,'2.0.2'),('1366605037239-115','karabfak (generated)','db/db.changelog-create-tables.xml','2021-06-03 16:02:22',115,'EXECUTED','3:1ad79dab0b5ecb28cfc6a29f2677ee31','Add Foreign Key Constraint','',NULL,'2.0.2'),('1366605037239-116','karabfak (generated)','db/db.changelog-create-tables.xml','2021-06-03 16:02:22',116,'EXECUTED','3:93c1316361b11586c53cfe9f5769d5ac','Add Foreign Key Constraint','',NULL,'2.0.2'),('1366605037239-117','karabfak (generated)','db/db.changelog-create-tables.xml','2021-06-03 16:02:22',117,'EXECUTED','3:b942688e56ba87815c5458f03717eb08','Create Index','',NULL,'2.0.2'),('1366605037239-118','karabfak (generated)','db/db.changelog-create-tables.xml','2021-06-03 16:02:23',118,'EXECUTED','3:386921928b5c15b01ec03aebdcbcef4b','Create Index','',NULL,'2.0.2'),('1366605037239-119','karabfak (generated)','db/db.changelog-create-tables.xml','2021-06-03 16:02:23',119,'EXECUTED','3:5a75a5a6d8d81d5d63cd2bd4d1a1dd6e','Create Index','',NULL,'2.0.2'),('1366605037239-12','karabfak (generated)','db/db.changelog-create-tables.xml','2021-06-03 16:02:19',12,'EXECUTED','3:aa836631b9a4c9e49d7b776ee571acf1','Create Table','',NULL,'2.0.2'),('1366605037239-120','karabfak (generated)','db/db.changelog-create-tables.xml','2021-06-03 16:02:23',120,'EXECUTED','3:bf69211c4385af333fcff8885c726b48','Create Index','',NULL,'2.0.2'),('1366605037239-121','karabfak (generated)','db/db.changelog-create-tables.xml','2021-06-03 16:02:23',121,'EXECUTED','3:b9ec50728eabd8bbfe73cc5fd315bf5d','Create Index','',NULL,'2.0.2'),('1366605037239-122','karabfak (generated)','db/db.changelog-create-tables.xml','2021-06-03 16:02:23',122,'EXECUTED','3:aee9f72c6f150079f7b3fc18f2ce6d2b','Create Index','',NULL,'2.0.2'),('1366605037239-123','karabfak (generated)','db/db.changelog-create-tables.xml','2021-06-03 16:02:23',123,'EXECUTED','3:0bfbbf3f1874a7fa9bf64a66ab795fa7','Create Index','',NULL,'2.0.2'),('1366605037239-124','karabfak (generated)','db/db.changelog-create-tables.xml','2021-06-03 16:02:23',124,'EXECUTED','3:26720aebec48a2924d9baab5fa9f2ca6','Create Index','',NULL,'2.0.2'),('1366605037239-125','karabfak (generated)','db/db.changelog-create-tables.xml','2021-06-03 16:02:23',125,'EXECUTED','3:a746660ccef28aab26a4207e494bfbea','Create Index','',NULL,'2.0.2'),('1366605037239-126','karabfak (generated)','db/db.changelog-create-tables.xml','2021-06-03 16:02:23',126,'EXECUTED','3:111063f681e33d7ae6b70ddc46a55453','Create Index','',NULL,'2.0.2'),('1366605037239-127','karabfak (generated)','db/db.changelog-create-tables.xml','2021-06-03 16:02:23',127,'EXECUTED','3:ea11689082806f1d7c71b58829857c26','Create Index','',NULL,'2.0.2'),('1366605037239-128','karabfak (generated)','db/db.changelog-create-tables.xml','2021-06-03 16:02:23',128,'EXECUTED','3:5aecebccdee6af567b0248a07950fe5e','Create Index','',NULL,'2.0.2'),('1366605037239-129','karabfak (generated)','db/db.changelog-create-tables.xml','2021-06-03 16:02:23',129,'EXECUTED','3:2fb891aa7baed0da8755faa6249d30c0','Create Index','',NULL,'2.0.2'),('1366605037239-13','karabfak (generated)','db/db.changelog-create-tables.xml','2021-06-03 16:02:19',13,'EXECUTED','3:5897695b716e4f60bceb3a3de0b1ada9','Create Table','',NULL,'2.0.2'),('1366605037239-130','karabfak (generated)','db/db.changelog-create-tables.xml','2021-06-03 16:02:23',130,'EXECUTED','3:e41e9039467725928b2ee4614e0fefd6','Create Index','',NULL,'2.0.2'),('1366605037239-131','karabfak (generated)','db/db.changelog-create-tables.xml','2021-06-03 16:02:23',131,'EXECUTED','3:fd185c654b5844e30ec29d086008cc11','Create Index','',NULL,'2.0.2'),('1366605037239-132','karabfak (generated)','db/db.changelog-create-tables.xml','2021-06-03 16:02:23',132,'EXECUTED','3:da5adf5db4f3c498d7d1ef189961f6a2','Create Index','',NULL,'2.0.2'),('1366605037239-14','karabfak (generated)','db/db.changelog-create-tables.xml','2021-06-03 16:02:19',14,'EXECUTED','3:77e4266cbb8a48fe82a50017c7c3a644','Create Table','',NULL,'2.0.2'),('1366605037239-15','karabfak (generated)','db/db.changelog-create-tables.xml','2021-06-03 16:02:19',15,'EXECUTED','3:de459d196ae5818ae3bc7b708f2ea1df','Create Table','',NULL,'2.0.2'),('1366605037239-16','karabfak (generated)','db/db.changelog-create-tables.xml','2021-06-03 16:02:19',16,'EXECUTED','3:a139264d3b32e19105cf01cc8c0489b2','Create Table','',NULL,'2.0.2'),('1366605037239-17','karabfak (generated)','db/db.changelog-create-tables.xml','2021-06-03 16:02:19',17,'EXECUTED','3:161040cd15f5e835f0bbd8433ee2bd9f','Create Table','',NULL,'2.0.2'),('1366605037239-18','karabfak (generated)','db/db.changelog-create-tables.xml','2021-06-03 16:02:20',18,'EXECUTED','3:cce94e2e9687cfd5116a4c8227c9ed11','Create Table','',NULL,'2.0.2'),('1366605037239-19','karabfak (generated)','db/db.changelog-create-tables.xml','2021-06-03 16:02:20',19,'EXECUTED','3:b432fbbcd994b9225c3dd05708d6cfd4','Create Table','',NULL,'2.0.2'),('1366605037239-2','karabfak (generated)','db/db.changelog-create-tables.xml','2021-06-03 16:02:19',2,'EXECUTED','3:4e3b4d976edd5b0943d30cf0cdd82fd5','Create Table','',NULL,'2.0.2'),('1366605037239-20','karabfak (generated)','db/db.changelog-create-tables.xml','2021-06-03 16:02:20',20,'EXECUTED','3:6f528785a5c3579e66e80f3712344575','Create Table','',NULL,'2.0.2'),('1366605037239-21','karabfak (generated)','db/db.changelog-create-tables.xml','2021-06-03 16:02:20',21,'EXECUTED','3:c46af181b9715b61bf75b7764d04ea99','Create Table','',NULL,'2.0.2'),('1366605037239-22','karabfak (generated)','db/db.changelog-create-tables.xml','2021-06-03 16:02:20',22,'EXECUTED','3:5d6d0d91a851df4564f2a4953259f0c0','Create Table','',NULL,'2.0.2'),('1366605037239-23','karabfak (generated)','db/db.changelog-create-tables.xml','2021-06-03 16:02:20',23,'EXECUTED','3:9a6bd181d1699dcd11a7e82d345bb648','Create Table','',NULL,'2.0.2'),('1366605037239-24','karabfak (generated)','db/db.changelog-create-tables.xml','2021-06-03 16:02:20',24,'EXECUTED','3:d68583e8af9ad84ad1bb3e38988ebd35','Create Table','',NULL,'2.0.2'),('1366605037239-25','karabfak (generated)','db/db.changelog-create-tables.xml','2021-06-03 16:02:20',25,'EXECUTED','3:24ef45b305f40e5eae4ee8d7e4a8df13','Create Table','',NULL,'2.0.2'),('1366605037239-26','karabfak (generated)','db/db.changelog-create-tables.xml','2021-06-03 16:02:20',26,'EXECUTED','3:1e1e3b16c00a455c811270b919baac19','Create Table','',NULL,'2.0.2'),('1366605037239-27','karabfak (generated)','db/db.changelog-create-tables.xml','2021-06-03 16:02:20',27,'EXECUTED','3:1323c3ced5be67b87db5fe395aba7cf0','Create Table','',NULL,'2.0.2'),('1366605037239-28','karabfak (generated)','db/db.changelog-create-tables.xml','2021-06-03 16:02:20',28,'EXECUTED','3:1707a7d7e73ac958f09cc85ae235b8d1','Create Table','',NULL,'2.0.2'),('1366605037239-29','karabfak (generated)','db/db.changelog-create-tables.xml','2021-06-03 16:02:20',29,'EXECUTED','3:60cfa58f90117f1f4eaf8773afd27d88','Create Table','',NULL,'2.0.2'),('1366605037239-3','karabfak (generated)','db/db.changelog-create-tables.xml','2021-06-03 16:02:19',3,'EXECUTED','3:e7986eade7b617bb5495e259c54519b4','Create Table','',NULL,'2.0.2'),('1366605037239-30','karabfak (generated)','db/db.changelog-create-tables.xml','2021-06-03 16:02:20',30,'EXECUTED','3:3e200fd72779800b502cb895eabd9dd7','Create Table','',NULL,'2.0.2'),('1366605037239-31','karabfak (generated)','db/db.changelog-create-tables.xml','2021-06-03 16:02:20',31,'EXECUTED','3:110e526a4b71fa79a90f3f75d8a2ab94','Create Table','',NULL,'2.0.2'),('1366605037239-32','karabfak (generated)','db/db.changelog-create-tables.xml','2021-06-03 16:02:20',32,'EXECUTED','3:afc477659cab9a1dfc7afe6e0f6c3677','Create Table','',NULL,'2.0.2'),('1366605037239-33','karabfak (generated)','db/db.changelog-create-tables.xml','2021-06-03 16:02:20',33,'EXECUTED','3:be1940ac08b8985b87efe19aa40a2b71','Create Table','',NULL,'2.0.2'),('1366605037239-34','karabfak (generated)','db/db.changelog-create-tables.xml','2021-06-03 16:02:20',34,'EXECUTED','3:d551d694b91e758fb285a5124165df6d','Create Table','',NULL,'2.0.2'),('1366605037239-35','karabfak (generated)','db/db.changelog-create-tables.xml','2021-06-03 16:02:20',35,'EXECUTED','3:e03ecdf229d1d4bb0ce0b250425a7501','Create Table','',NULL,'2.0.2'),('1366605037239-36','karabfak (generated)','db/db.changelog-create-tables.xml','2021-06-03 16:02:20',36,'EXECUTED','3:507d106848b488a49a2b775128bdd47b','Create Table','',NULL,'2.0.2'),('1366605037239-37','karabfak (generated)','db/db.changelog-create-tables.xml','2021-06-03 16:02:20',37,'EXECUTED','3:4ddc5a245791e2c503b77f74c9e01374','Create Table','',NULL,'2.0.2'),('1366605037239-38','karabfak (generated)','db/db.changelog-create-tables.xml','2021-06-03 16:02:20',38,'EXECUTED','3:4cf51a8fe16bffb00e08da4e219c36fc','Create Table','',NULL,'2.0.2'),('1366605037239-39','karabfak (generated)','db/db.changelog-create-tables.xml','2021-06-03 16:02:20',39,'EXECUTED','3:029cc7f7c463e6ad78c5d3c6f5db1aa8','Create Table','',NULL,'2.0.2'),('1366605037239-4','karabfak (generated)','db/db.changelog-create-tables.xml','2021-06-03 16:02:19',4,'EXECUTED','3:6d0483d42b4a981140dce0d8a410546d','Create Table','',NULL,'2.0.2'),('1366605037239-40','karabfak (generated)','db/db.changelog-create-tables.xml','2021-06-03 16:02:20',40,'EXECUTED','3:066396bc081fb1dae3e8c72f0d6d248e','Create Table','',NULL,'2.0.2'),('1366605037239-41','karabfak (generated)','db/db.changelog-create-tables.xml','2021-06-03 16:02:20',41,'EXECUTED','3:d42ad1cdeb22f8526d96da9964140090','Create Table','',NULL,'2.0.2'),('1366605037239-42','karabfak (generated)','db/db.changelog-create-tables.xml','2021-06-03 16:02:20',42,'EXECUTED','3:5397014014bfbbdf13368bdf8cfa96ae','Create Table','',NULL,'2.0.2'),('1366605037239-43','karabfak (generated)','db/db.changelog-create-tables.xml','2021-06-03 16:02:20',43,'EXECUTED','3:d02ac11021d51d603987a7c2bc7816b8','Create Table','',NULL,'2.0.2'),('1366605037239-44','karabfak (generated)','db/db.changelog-create-tables.xml','2021-06-03 16:02:20',44,'EXECUTED','3:dab12e42cb29fa4487d61696134045c8','Create Table','',NULL,'2.0.2'),('1366605037239-45','karabfak (generated)','db/db.changelog-create-tables.xml','2021-06-03 16:02:20',45,'EXECUTED','3:f5c8514c76f26449c2b4c9cb8167bf13','Create Table','',NULL,'2.0.2'),('1366605037239-46','karabfak (generated)','db/db.changelog-create-tables.xml','2021-06-03 16:02:20',46,'EXECUTED','3:1167c8f3f8088dd6371162f3edc19b9b','Create Table','',NULL,'2.0.2'),('1366605037239-47','karabfak (generated)','db/db.changelog-create-tables.xml','2021-06-03 16:02:20',47,'EXECUTED','3:800286addf818c79bd5ce7c9adf26205','Create Table','',NULL,'2.0.2'),('1366605037239-48','karabfak (generated)','db/db.changelog-create-tables.xml','2021-06-03 16:02:20',48,'EXECUTED','3:5c4311fe65c651ea42c84f7024fa3b90','Create Table','',NULL,'2.0.2'),('1366605037239-49','karabfak (generated)','db/db.changelog-create-tables.xml','2021-06-03 16:02:20',49,'EXECUTED','3:8bf7eae5c95656487a8d3123d39409e9','Create Table','',NULL,'2.0.2'),('1366605037239-5','karabfak (generated)','db/db.changelog-create-tables.xml','2021-06-03 16:02:19',5,'EXECUTED','3:5c6d9b4bfe813fa495512dbdc1263293','Create Table','',NULL,'2.0.2'),('1366605037239-50','karabfak (generated)','db/db.changelog-create-tables.xml','2021-06-03 16:02:20',50,'EXECUTED','3:41cbdc16f9b62f434f44cc277c8da357','Create Table','',NULL,'2.0.2'),('1366605037239-51','karabfak (generated)','db/db.changelog-create-tables.xml','2021-06-03 16:02:20',51,'EXECUTED','3:34db680d2efcdf6b1a0986ad4159efce','Create Table','',NULL,'2.0.2'),('1366605037239-52','karabfak (generated)','db/db.changelog-create-tables.xml','2021-06-03 16:02:20',52,'EXECUTED','3:fe73718d030cd96d13d57ab18c3642a5','Create Table','',NULL,'2.0.2'),('1366605037239-53','karabfak (generated)','db/db.changelog-create-tables.xml','2021-06-03 16:02:20',53,'EXECUTED','3:cd54337e3b42b1f4dd0926517fe02f72','Create Table','',NULL,'2.0.2'),('1366605037239-54','karabfak (generated)','db/db.changelog-create-tables.xml','2021-06-03 16:02:21',54,'EXECUTED','3:52ea1c501f4860f7ab65d5c351185b15','Create Table','',NULL,'2.0.2'),('1366605037239-55','karabfak (generated)','db/db.changelog-create-tables.xml','2021-06-03 16:02:21',55,'EXECUTED','3:8d852276f422e65d43cd9ff8500562f4','Create Table','',NULL,'2.0.2'),('1366605037239-56','karabfak (generated)','db/db.changelog-create-tables.xml','2021-06-03 16:02:21',56,'EXECUTED','3:7710cfccf89ec9d244eea11e575ee2be','Create Table','',NULL,'2.0.2'),('1366605037239-57','karabfak (generated)','db/db.changelog-create-tables.xml','2021-06-03 16:02:21',57,'EXECUTED','3:2ecf7119e596babc55e9e83b7ef1f8ba','Create Table','',NULL,'2.0.2'),('1366605037239-58','karabfak (generated)','db/db.changelog-create-tables.xml','2021-06-03 16:02:21',58,'EXECUTED','3:ceaf1a174201d98fd59b660debd55823','Create Table','',NULL,'2.0.2'),('1366605037239-59','karabfak (generated)','db/db.changelog-create-tables.xml','2021-06-03 16:02:21',59,'EXECUTED','3:05b5c7320f970d12b3fe982c6670ca8d','Create Table','',NULL,'2.0.2'),('1366605037239-6','karabfak (generated)','db/db.changelog-create-tables.xml','2021-06-03 16:02:19',6,'EXECUTED','3:cbd50dbf07f6539426ae2d226fd21d65','Create Table','',NULL,'2.0.2'),('1366605037239-60','karabfak (generated)','db/db.changelog-create-tables.xml','2021-06-03 16:02:21',60,'EXECUTED','3:cb5160d6f00055705f111a03934afe7f','Create Table','',NULL,'2.0.2'),('1366605037239-61','karabfak (generated)','db/db.changelog-create-tables.xml','2021-06-03 16:02:21',61,'EXECUTED','3:318330e88710ba42d60770e5999e38c4','Create Table','',NULL,'2.0.2'),('1366605037239-62','karabfak (generated)','db/db.changelog-create-tables.xml','2021-06-03 16:02:21',62,'EXECUTED','3:4f471ee83ba854bb21a539520714e68b','Create Table','',NULL,'2.0.2'),('1366605037239-63','karabfak (generated)','db/db.changelog-create-tables.xml','2021-06-03 16:02:21',63,'EXECUTED','3:b06f6e7463d2f491bbe3d3f59b4743af','Create Table','',NULL,'2.0.2'),('1366605037239-64','karabfak (generated)','db/db.changelog-create-tables.xml','2021-06-03 16:02:21',64,'EXECUTED','3:b96d946de62a6ae751cd01525aee430f','Create Table','',NULL,'2.0.2'),('1366605037239-65','karabfak (generated)','db/db.changelog-create-tables.xml','2021-06-03 16:02:21',65,'EXECUTED','3:48c9618ded76e4741fc155a71efb5992','Create Table','',NULL,'2.0.2'),('1366605037239-66','karabfak (generated)','db/db.changelog-create-tables.xml','2021-06-03 16:02:21',66,'EXECUTED','3:6fa19db37b41611bfd1f8ea116d39be4','Create Table','',NULL,'2.0.2'),('1366605037239-67','karabfak (generated)','db/db.changelog-create-tables.xml','2021-06-03 16:02:21',67,'EXECUTED','3:53f3e7bbc87638b56047fce35b77ac81','Add Primary Key','',NULL,'2.0.2'),('1366605037239-68','karabfak (generated)','db/db.changelog-create-tables.xml','2021-06-03 16:02:21',68,'EXECUTED','3:6cbfc9e83c575e786eb68aa0683fc9cb','Add Foreign Key Constraint','',NULL,'2.0.2'),('1366605037239-69','karabfak (generated)','db/db.changelog-create-tables.xml','2021-06-03 16:02:21',69,'EXECUTED','3:52890d5849c317217e737325bceeefd0','Add Foreign Key Constraint','',NULL,'2.0.2'),('1366605037239-7','karabfak (generated)','db/db.changelog-create-tables.xml','2021-06-03 16:02:19',7,'EXECUTED','3:6d6d094c23c3edcfc631169cf965066a','Create Table','',NULL,'2.0.2'),('1366605037239-70','karabfak (generated)','db/db.changelog-create-tables.xml','2021-06-03 16:02:21',70,'EXECUTED','3:1e442455d55d92d7ab15622ac3628785','Add Foreign Key Constraint','',NULL,'2.0.2'),('1366605037239-71','karabfak (generated)','db/db.changelog-create-tables.xml','2021-06-03 16:02:21',71,'EXECUTED','3:4f88e2f458d810675922518960c7afa9','Add Foreign Key Constraint','',NULL,'2.0.2'),('1366605037239-72','karabfak (generated)','db/db.changelog-create-tables.xml','2021-06-03 16:02:21',72,'EXECUTED','3:bcf472a946d388c9482d76595acdbaf9','Add Foreign Key Constraint','',NULL,'2.0.2'),('1366605037239-73','karabfak (generated)','db/db.changelog-create-tables.xml','2021-06-03 16:02:21',73,'EXECUTED','3:ca2151863557770e1b11b443e7fbe546','Add Foreign Key Constraint','',NULL,'2.0.2'),('1366605037239-74','karabfak (generated)','db/db.changelog-create-tables.xml','2021-06-03 16:02:21',74,'EXECUTED','3:a3b0215cbac3253cd88054ab953c2bff','Add Foreign Key Constraint','',NULL,'2.0.2'),('1366605037239-75','karabfak (generated)','db/db.changelog-create-tables.xml','2021-06-03 16:02:21',75,'EXECUTED','3:8f7ac1d0898888679a1992d32e084a91','Add Foreign Key Constraint','',NULL,'2.0.2'),('1366605037239-76','karabfak (generated)','db/db.changelog-create-tables.xml','2021-06-03 16:02:21',76,'EXECUTED','3:3cdafe319dfd8fda0acb7cdb02f7097d','Add Foreign Key Constraint','',NULL,'2.0.2'),('1366605037239-77','karabfak (generated)','db/db.changelog-create-tables.xml','2021-06-03 16:02:21',77,'EXECUTED','3:5bc12e2e4c0392041f8f54929433ff4c','Add Foreign Key Constraint','',NULL,'2.0.2'),('1366605037239-78','karabfak (generated)','db/db.changelog-create-tables.xml','2021-06-03 16:02:21',78,'EXECUTED','3:82968d26e7c1901842360c347c9bac2e','Add Foreign Key Constraint','',NULL,'2.0.2'),('1366605037239-79','karabfak (generated)','db/db.changelog-create-tables.xml','2021-06-03 16:02:21',79,'EXECUTED','3:06b49f3aa955b78eb4f3bd690e3f2af6','Add Foreign Key Constraint','',NULL,'2.0.2'),('1366605037239-8','karabfak (generated)','db/db.changelog-create-tables.xml','2021-06-03 16:02:19',8,'EXECUTED','3:7c4763a87a5826853be31e19c7388dbc','Create Table','',NULL,'2.0.2'),('1366605037239-80','karabfak (generated)','db/db.changelog-create-tables.xml','2021-06-03 16:02:21',80,'EXECUTED','3:d2d670951644f87b3c9202b4b7815622','Add Foreign Key Constraint','',NULL,'2.0.2'),('1366605037239-81','karabfak (generated)','db/db.changelog-create-tables.xml','2021-06-03 16:02:21',81,'EXECUTED','3:2ac378cbe40c164c547e03875cef604d','Add Foreign Key Constraint','',NULL,'2.0.2'),('1366605037239-82','karabfak (generated)','db/db.changelog-create-tables.xml','2021-06-03 16:02:21',82,'EXECUTED','3:f13af25dc523da7d2dfc5cae771bc328','Add Foreign Key Constraint','',NULL,'2.0.2'),('1366605037239-83','karabfak (generated)','db/db.changelog-create-tables.xml','2021-06-03 16:02:21',83,'EXECUTED','3:e075900f7fc55c6ec4543b825dd1262f','Add Foreign Key Constraint','',NULL,'2.0.2'),('1366605037239-84','karabfak (generated)','db/db.changelog-create-tables.xml','2021-06-03 16:02:21',84,'EXECUTED','3:44378c79c86c5b62c9d3a150a79acc4d','Add Foreign Key Constraint','',NULL,'2.0.2'),('1366605037239-85','karabfak (generated)','db/db.changelog-create-tables.xml','2021-06-03 16:02:21',85,'EXECUTED','3:31c79cb86e5b15825b91656116dc1286','Add Foreign Key Constraint','',NULL,'2.0.2'),('1366605037239-86','karabfak (generated)','db/db.changelog-create-tables.xml','2021-06-03 16:02:21',86,'EXECUTED','3:07c0ad0475e873b0a93b17adbdf5e0d0','Add Foreign Key Constraint','',NULL,'2.0.2'),('1366605037239-87','karabfak (generated)','db/db.changelog-create-tables.xml','2021-06-03 16:02:22',87,'EXECUTED','3:b7720b207a5a877c5d578a6169026351','Add Foreign Key Constraint','',NULL,'2.0.2'),('1366605037239-88','karabfak (generated)','db/db.changelog-create-tables.xml','2021-06-03 16:02:22',88,'EXECUTED','3:2ff93ac71ca6e8c91d46e3f9f850a6d9','Add Foreign Key Constraint','',NULL,'2.0.2'),('1366605037239-89','karabfak (generated)','db/db.changelog-create-tables.xml','2021-06-03 16:02:22',89,'EXECUTED','3:db295ea18a7f32b0b2f770667b8b7524','Add Foreign Key Constraint','',NULL,'2.0.2'),('1366605037239-9','karabfak (generated)','db/db.changelog-create-tables.xml','2021-06-03 16:02:19',9,'EXECUTED','3:0154207258e12a5ef5b598436a803bb1','Create Table','',NULL,'2.0.2'),('1366605037239-90','karabfak (generated)','db/db.changelog-create-tables.xml','2021-06-03 16:02:22',90,'EXECUTED','3:01fcfa9014fd3bdd4f513e02c47365c8','Add Foreign Key Constraint','',NULL,'2.0.2'),('1366605037239-91','karabfak (generated)','db/db.changelog-create-tables.xml','2021-06-03 16:02:22',91,'EXECUTED','3:922bdea93d34ff080d36090e3a1a2888','Add Foreign Key Constraint','',NULL,'2.0.2'),('1366605037239-92','karabfak (generated)','db/db.changelog-create-tables.xml','2021-06-03 16:02:22',92,'EXECUTED','3:3ddcff0efb2c7294857867cf7d8f12e8','Add Foreign Key Constraint','',NULL,'2.0.2'),('1366605037239-93','karabfak (generated)','db/db.changelog-create-tables.xml','2021-06-03 16:02:22',93,'EXECUTED','3:c7904be940f88c39f8ad9c33ab63f8a3','Add Foreign Key Constraint','',NULL,'2.0.2'),('1366605037239-94','karabfak (generated)','db/db.changelog-create-tables.xml','2021-06-03 16:02:22',94,'EXECUTED','3:96ad0a6049c347756c114cf10709ff1c','Add Foreign Key Constraint','',NULL,'2.0.2'),('1366605037239-95','karabfak (generated)','db/db.changelog-create-tables.xml','2021-06-03 16:02:22',95,'EXECUTED','3:5628d6c27d9c78aaa1f741e8a433d89d','Add Foreign Key Constraint','',NULL,'2.0.2'),('1366605037239-96','karabfak (generated)','db/db.changelog-create-tables.xml','2021-06-03 16:02:22',96,'EXECUTED','3:1007f02e9631b0478503ac1d1d646122','Add Foreign Key Constraint','',NULL,'2.0.2'),('1366605037239-97','karabfak (generated)','db/db.changelog-create-tables.xml','2021-06-03 16:02:22',97,'EXECUTED','3:ebaf1bfd1d1bb2e1c3f290f161626398','Add Foreign Key Constraint','',NULL,'2.0.2'),('1366605037239-98','karabfak (generated)','db/db.changelog-create-tables.xml','2021-06-03 16:02:22',98,'EXECUTED','3:c806ad0b57e53c13d41d25cd0f925446','Add Foreign Key Constraint','',NULL,'2.0.2'),('1366605037239-99','karabfak (generated)','db/db.changelog-create-tables.xml','2021-06-03 16:02:22',99,'EXECUTED','3:257614e9ce348fc260d9c46f93d92782','Add Foreign Key Constraint','',NULL,'2.0.2'),('1366605262011-1','karabfak (generated)','db/db.changelog-populate-data.xml','2021-06-03 16:02:23',133,'EXECUTED','3:70643a4a6f27d39dd206917590b1298f','Insert Row (x6)','',NULL,'2.0.2'),('1366605262011-10','karabfak (generated)','db/db.changelog-populate-data.xml','2021-06-03 16:02:23',142,'EXECUTED','3:13fd5f1554ac3f682b57ddf91a1c5a6c','Insert Row (x12)','',NULL,'2.0.2'),('1366605262011-11','karabfak (generated)','db/db.changelog-populate-data.xml','2021-06-03 16:02:23',143,'EXECUTED','3:669a6d634455e051b3343291b7bc28b8','Insert Row (x2)','',NULL,'2.0.2'),('1366605262011-12','karabfak (generated)','db/db.changelog-populate-data.xml','2021-06-03 16:02:23',145,'EXECUTED','3:7b91cbb572d81dc6637bf77d24ae6535','Insert Row (x13)','',NULL,'2.0.2'),('1366605262011-13','karabfak (generated)','db/db.changelog-populate-data.xml','2021-06-03 16:02:23',146,'EXECUTED','3:29789098876963b3ea0fd540bfd0f35f','Insert Row (x6)','',NULL,'2.0.2'),('1366605262011-14','karabfak (generated)','db/db.changelog-populate-data.xml','2021-06-03 16:02:23',147,'EXECUTED','3:6acd67adac2cb96a9712a0f027fe4d7c','Insert Row','',NULL,'2.0.2'),('1366605262011-15','karabfak (generated)','db/db.changelog-populate-data.xml','2021-06-03 16:02:23',148,'EXECUTED','3:ee72f809cd4e0014cd0871fe844ae745','Insert Row','',NULL,'2.0.2'),('1366605262011-16','karabfak (generated)','db/db.changelog-populate-data.xml','2021-06-03 16:02:23',144,'EXECUTED','3:39ba5eac1cdd7b969a6d67ca74390d73','Insert Row (x8)','',NULL,'2.0.2'),('1366605262011-17','karabfak (generated)','db/db.changelog-populate-data.xml','2021-06-03 16:02:23',149,'EXECUTED','3:a9084e094e7faeafa499581999ef108c','Insert Row','',NULL,'2.0.2'),('1366605262011-18','karabfak (generated)','db/db.changelog-populate-data.xml','2021-06-03 16:02:23',150,'EXECUTED','3:3153de7839c2a2e5cf67eb2621fdfaae','Insert Row (x40)','',NULL,'2.0.2'),('1366605262011-19','karabfak (generated)','db/db.changelog-populate-data.xml','2021-06-03 16:02:23',151,'EXECUTED','3:7a918ac63a6bac12663ec502f6833589','Insert Row (x2)','',NULL,'2.0.2'),('1366605262011-2','karabfak (generated)','db/db.changelog-populate-data.xml','2021-06-03 16:02:23',134,'EXECUTED','3:2694f9e16b77e71441f6b3e6a2754dbe','Insert Row (x2)','',NULL,'2.0.2'),('1366605262011-20','karabfak (generated)','db/db.changelog-populate-data.xml','2021-06-03 16:02:23',152,'EXECUTED','3:762977fe97b86a1e1b7787770b438a75','Insert Row (x3)','',NULL,'2.0.2'),('1366605262011-21','karabfak (generated)','db/db.changelog-populate-data.xml','2021-06-03 16:02:23',153,'EXECUTED','3:0cd8f7bd1c00556b3fb05a35e51563a9','Insert Row (x7)','',NULL,'2.0.2'),('1366605262011-22','karabfak (generated)','db/db.changelog-populate-data.xml','2021-06-03 16:02:23',154,'EXECUTED','3:7e2334ba09a347ba68c87581416c56ea','Insert Row (x6)','',NULL,'2.0.2'),('1366605262011-23','karabfak (generated)','db/db.changelog-populate-data.xml','2021-06-03 16:02:23',155,'EXECUTED','3:4fc919071123cbe8db182927ced36dc6','Insert Row (x20)','',NULL,'2.0.2'),('1366605262011-24','karabfak (generated)','db/db.changelog-populate-data.xml','2021-06-03 16:02:23',156,'EXECUTED','3:b44905a13cc7cc8113b2bf68146e4e8f','Insert Row (x4)','',NULL,'2.0.2'),('1366605262011-25','karabfak (generated)','db/db.changelog-populate-data.xml','2021-06-03 16:02:23',157,'EXECUTED','3:922a092efb3d9e49528f415c5001f9b1','Insert Row (x3)','',NULL,'2.0.2'),('1366605262011-26','karabfak (generated)','db/db.changelog-populate-data.xml','2021-06-03 16:02:23',158,'EXECUTED','3:50097a841a393cfc38045cda708c390d','Insert Row (x4)','',NULL,'2.0.2'),('1366605262011-27','karabfak (generated)','db/db.changelog-populate-data.xml','2021-06-03 16:02:23',159,'EXECUTED','3:f1a518bd6ae266c4ac50f4c24dfeb75f','Insert Row (x3)','',NULL,'2.0.2'),('1366605262011-28','karabfak (generated)','db/db.changelog-populate-data.xml','2021-06-03 16:02:23',160,'EXECUTED','3:bdcd2ddbe8c3c2ac0ee6696622ac0695','Insert Row (x3)','',NULL,'2.0.2'),('1366605262011-29','karabfak (generated)','db/db.changelog-populate-data.xml','2021-06-03 16:02:23',161,'EXECUTED','3:fa962b738cb5c5ac63c648d04687ec2a','Insert Row (x19)','',NULL,'2.0.2'),('1366605262011-3','karabfak (generated)','db/db.changelog-populate-data.xml','2021-06-03 16:02:23',135,'EXECUTED','3:06906c3392e4cb725258bcf1ec9faae4','Insert Row (x4)','',NULL,'2.0.2'),('1366605262011-30','karabfak (generated)','db/db.changelog-populate-data.xml','2021-06-03 16:02:23',162,'EXECUTED','3:98cfc248c1c8792f39687c34746c0d1d','Insert Row (x2)','',NULL,'2.0.2'),('1366605262011-31','karabfak (generated)','db/db.changelog-populate-data.xml','2021-06-03 16:02:23',163,'EXECUTED','3:b62cccd06b1cc79919d99e077f894015','Insert Row (x2)','',NULL,'2.0.2'),('1366605262011-32','karabfak (generated)','db/db.changelog-populate-data.xml','2021-06-03 16:02:23',164,'EXECUTED','3:2f24001e04d58977dabce7dd7633ee54','Insert Row (x204)','',NULL,'2.0.2'),('1366605262011-4','karabfak (generated)','db/db.changelog-populate-data.xml','2021-06-03 16:02:23',136,'EXECUTED','3:dc9b3ce5c6bed9d117b356f26a5aa219','Insert Row','',NULL,'2.0.2'),('1366605262011-5','karabfak (generated)','db/db.changelog-populate-data.xml','2021-06-03 16:02:23',137,'EXECUTED','3:681e64b1fc47ea07c249b342da0d2509','Insert Row (x8)','',NULL,'2.0.2'),('1366605262011-6','karabfak (generated)','db/db.changelog-populate-data.xml','2021-06-03 16:02:23',138,'EXECUTED','3:a9a99f9af02ff385a027954c2409adbf','Insert Row (x10)','',NULL,'2.0.2'),('1366605262011-7','karabfak (generated)','db/db.changelog-populate-data.xml','2021-06-03 16:02:23',139,'EXECUTED','3:749d0453ec751092553b68fecfd4e014','Insert Row (x6)','',NULL,'2.0.2'),('1366605262011-8','karabfak (generated)','db/db.changelog-populate-data.xml','2021-06-03 16:02:23',140,'EXECUTED','3:148f64c14ac4cb7fecce974bfa754ef6','Insert Row (x17)','',NULL,'2.0.2'),('1366605262011-9','karabfak (generated)','db/db.changelog-populate-data.xml','2021-06-03 16:02:23',141,'EXECUTED','3:840153b2900c5c90ca3b22f926e3ce0b','Insert Row (x4)','',NULL,'2.0.2'),('14','bstegman','db/db.changelog-1.28-Release.xml','2021-06-03 16:03:31',1320,'EXECUTED','3:0af9df154a247bc99cf535708fab0cad','Create Index','',NULL,'2.0.2'),('14','jpigg','db/db.changelog-1.16-Release.xml','2021-06-03 16:03:14',821,'EXECUTED','3:b3f9253956b7dbc4a9482649976cc509','Custom SQL','',NULL,'2.0.2'),('14246-001','gsmith','db/db.changelog-Ticket-14246.xml','2021-06-03 16:31:24',2410,'EXECUTED','3:b71bb864d6d0c8b3d9324bac6670ccbf','Custom SQL','',NULL,'2.0.2'),('15','bstegman','db/db.changelog-1.28-Release.xml','2021-06-03 16:03:31',1321,'EXECUTED','3:8976017776a6abe07327867efcc44427','Insert Row (x2)','',NULL,'2.0.2'),('15','jpigg','db/db.changelog-1.16-Release.xml','2021-06-03 16:03:14',824,'EXECUTED','3:50d6f27e0564fa2eec4ce71ba2773bd3','Insert Row (x2)','',NULL,'2.0.2'),('15526-001','ctandy','db/db.changelog-Ticket-15526.xml','2021-06-03 16:31:24',2417,'EXECUTED','3:cf97f4569c4709df9b376743269bb89e','Insert Row','',NULL,'2.0.2'),('15540-2','gsmith','db/db.changelog-Ticket-15540.xml','2021-06-03 16:31:24',2414,'EXECUTED','3:f6ca61a0c18429b2d699fe525a6f160a','Custom SQL','',NULL,'2.0.2'),('15540-3','gsmith','db/db.changelog-Ticket-15540.xml','2021-06-03 16:31:24',2415,'EXECUTED','3:33471f849e7c2126082570d26f367922','Insert Row','',NULL,'2.0.2'),('15540-4','gsmith','db/db.changelog-Ticket-15540.xml','2021-06-03 16:31:24',2416,'EXECUTED','3:bc6f590d87be727e104420bea8637be1','Custom SQL','',NULL,'2.0.2'),('16','bstegman','db/db.changelog-1.28-Release.xml','2021-06-03 16:03:31',1322,'EXECUTED','3:274895513c23f513d60d547617c15cad','Insert Row','',NULL,'2.0.2'),('16','jpigg','db/db.changelog-1.16-Release.xml','2021-06-03 16:03:15',831,'EXECUTED','3:21c44475383a84166289f2e2899f96c7','Insert Row','',NULL,'2.0.2'),('16041-001','gsmith','db/db.changelog-Ticket-16041.xml','2021-06-03 16:31:24',2418,'EXECUTED','3:00a76f519969278585e247dcf43188b4','Custom SQL','',NULL,'2.0.2'),('17','bstegman','db/db.changelog-1.28-Release.xml','2021-06-03 16:03:31',1323,'EXECUTED','3:ed3085595d662d9f53b773e5dbf10d95','Add Column','',NULL,'2.0.2'),('17','jpigg','db/db.changelog-1.16-Release.xml','2021-06-03 16:03:15',832,'EXECUTED','3:c3fa7d7b56a317ad0ab93da6183a4670','Create Table','',NULL,'2.0.2'),('18','bstegman','db/db.changelog-1.28-Release.xml','2021-06-03 16:03:31',1324,'EXECUTED','3:6cec9298fd84bed4f740c743fecd7769','Create Table','',NULL,'2.0.2'),('18','jpigg','db/db.changelog-1.16-Release.xml','2021-06-03 16:03:15',833,'EXECUTED','3:d62c47d56a5206fd7bd9aca78d72f2f1','Add Column','',NULL,'2.0.2'),('19','bstegman','db/db.changelog-1.28-Release.xml','2021-06-03 16:03:31',1325,'EXECUTED','3:b6cdc904432b57ad0feacfc4282d8311','Insert Row (x2)','',NULL,'2.0.2'),('19','jsantilli','db/db.changelog-1.16-Release.xml','2021-06-03 16:03:15',837,'EXECUTED','3:272e12fbf8e5cc1afa60d981b8eaccf5','Insert Row, Custom SQL','',NULL,'2.0.2'),('2','bstegman','db/db.changelog-1.28-Release.xml','2021-06-03 16:03:28',1288,'EXECUTED','3:9ece996876597ded3a9aacdc571b4112','Drop Column, Add Column (x2)','',NULL,'2.0.2'),('2','jpigg','db/db.changelog-1.17-Release.xml','2021-06-03 16:03:16',861,'EXECUTED','3:2774000fdd0941455ecb11dcce6cb951','Custom SQL','',NULL,'2.0.2'),('2','jsantilli','db/db.changelog-1.17-Release.xml','2021-06-03 16:03:16',862,'EXECUTED','3:4bcbd44d32251439e07073fce42762e7','Add Column','',NULL,'2.0.2'),('2','karabfak','db/db.changelog-1.10-Release.xml','2021-06-03 16:03:05',669,'EXECUTED','3:591041f09e1b3966d1e79f98863c77a0','Insert Row','',NULL,'2.0.2'),('2','karabfak','db/db.changelog-1.11-Release.xml','2021-06-03 16:03:06',696,'EXECUTED','3:44841419335793a5ac46121aaf5a2f86','Insert Row','',NULL,'2.0.2'),('2','karabfak','db/db.changelog-1.13-Release.xml','2021-06-03 16:03:10',759,'EXECUTED','3:60c36efe3ddf8a2408368b98e3378b56','Create Index','',NULL,'2.0.2'),('2','karabfak','db/db.changelog-1.14-Release.xml','2021-06-03 16:03:11',789,'EXECUTED','3:be8bd7cf5f567c1f4eaea1d14e2e9e87','Create Index, Custom SQL','',NULL,'2.0.2'),('2','karabfak','db/db.changelog-1.16-Release.xml','2021-06-03 16:03:12',811,'EXECUTED','3:691f142bf84e1be974a2ddac82c8eb44','Delete Data (x2)','',NULL,'2.0.2'),('2','karabfak','db/db.changelog-1.17-Release.xml','2021-06-03 16:03:17',884,'EXECUTED','3:6d4a2da0120f23b3aafeee3f02748efb','Modify data type (x2)','',NULL,'2.0.2'),('2','karabfak','db/db.changelog-1.18-Release.xml','2021-06-03 16:03:19',966,'EXECUTED','3:cae1eb34dd644ab7ef3b4f2c74620999','Insert Row','',NULL,'2.0.2'),('2','karabfak','db/db.changelog-1.21-Release.xml','2021-06-03 16:03:21',1035,'EXECUTED','3:94cb0132d72033a36abbac8883b6590a','Insert Row','',NULL,'2.0.2'),('2','karabfak','db/db.changelog-1.22-Release.xml','2021-06-03 16:03:21',1077,'EXECUTED','3:9ffb8bbb3fb932588f3e985a84b67880','Create Table','',NULL,'2.0.2'),('2','karabfak','db/db.changelog-1.23-Release.xml','2021-06-03 16:03:22',1085,'EXECUTED','3:568288e489f5f6686d449f81794221e6','Insert Row','',NULL,'2.0.2'),('2','karabfak','db/db.changelog-1.25-Release.xml','2021-06-03 16:03:25',1152,'EXECUTED','3:f575c91eded5cffc53966446b22f3a7c','Drop Column, Add Column','',NULL,'2.0.2'),('2','karabfak','db/db.changelog-1.29-Release.xml','2021-06-03 16:03:34',1413,'EXECUTED','3:4c1d2b0f06356fba9ff1df56dcd8827d','Create Index','',NULL,'2.0.2'),('2','karabfak','db/db.changelog-1.4-Release.xml','2021-06-03 16:02:48',369,'EXECUTED','3:78c784c6110202791bef61b9d21d66ba','Add Column, Update Data','',NULL,'2.0.2'),('2','karabfak','db/db.changelog-1.5-Release.xml','2021-06-03 16:02:52',420,'EXECUTED','3:738c354b48c04166d579e572a234db0c','Update Data','',NULL,'2.0.2'),('2','karabfak','db/db.changelog-1.6-Release.xml','2021-06-03 16:02:53',449,'EXECUTED','3:d630b5b311e1e05d8917e98b1018241f','Add Column','',NULL,'2.0.2'),('2','karabfak','db/db.changelog-1.7-Release.xml','2021-06-03 16:03:00',572,'EXECUTED','3:0f18c79c2e5a5ae4fb069ea07dc29006','Add Column','',NULL,'2.0.2'),('2','karabfak','db/db.changelog-1.9-Release.xml','2021-06-03 16:03:02',615,'EXECUTED','3:b2c6c71594735d62c07e8a6d332d52bd','Drop Column, Add Column','',NULL,'2.0.2'),('2','khundley','db/db.changelog-2013-05-Release.xml','2021-06-03 16:02:36',205,'EXECUTED','3:8013bc13746691d1e26d157d581b39ae','Drop Column (x3), Add Column','',NULL,'2.0.2'),('20','bstegman','db/db.changelog-1.28-Release.xml','2021-06-03 16:03:31',1326,'EXECUTED','3:19a850969bd02485d02067561b33790f','Drop Column','',NULL,'2.0.2'),('21','bstegman','db/db.changelog-1.28-Release.xml','2021-06-03 16:03:31',1329,'EXECUTED','3:a852eab1e59fa8334f96c6337b3e0cd1','Modify data type','',NULL,'2.0.2'),('22','bstegman','db/db.changelog-1.28-Release.xml','2021-06-03 16:03:31',1330,'EXECUTED','3:6f2b16fb56336f9c12c25f95cd775a3d','Create Index','',NULL,'2.0.2'),('23','bstegman','db/db.changelog-1.28-Release.xml','2021-06-03 16:03:31',1331,'EXECUTED','3:0b54822b34d36114e37d0c9dfd2c6170','Add Column','',NULL,'2.0.2'),('3','bstegman','db/db.changelog-1.28-Release.xml','2021-06-03 16:03:30',1309,'EXECUTED','3:5981c8f3887a54513f0c6551be938877','Create Table','',NULL,'2.0.2'),('3','jsantilli','db/db.changelog-1.17-Release.xml','2021-06-03 16:03:16',863,'EXECUTED','3:d41d04c60d4efbda18f2129a9b4dc7d5','Delete Data (x2)','',NULL,'2.0.2'),('3','karabfak','db/db.changelog-1.11-Release.xml','2021-06-03 16:03:06',697,'EXECUTED','3:a2570d18ecc95bbe794aa09445363e91','Create Index','',NULL,'2.0.2'),('3','karabfak','db/db.changelog-1.13-Release.xml','2021-06-03 16:03:10',760,'EXECUTED','3:262384a4333b54b57902f0f4c267940c','Add Column','',NULL,'2.0.2'),('3','karabfak','db/db.changelog-1.14-Release.xml','2021-06-03 16:03:11',788,'EXECUTED','3:a599d602ccc0a8615f4f9bbc354ceb2c','Insert Row','',NULL,'2.0.2'),('3','karabfak','db/db.changelog-1.16-Release.xml','2021-06-03 16:03:12',812,'EXECUTED','3:4d6391f86d004a7d6a3494ef982710a9','Delete Data (x2)','',NULL,'2.0.2'),('3','karabfak','db/db.changelog-1.18-Release.xml','2021-06-03 16:03:19',967,'EXECUTED','3:5f7ac39f13139155eb8192dd7f6491ea','Create Index','',NULL,'2.0.2'),('3','karabfak','db/db.changelog-1.21-Release.xml','2021-06-03 16:03:21',1036,'EXECUTED','3:db17816c5c3711098c54fe2d2795d79a','Create Table, Insert Row','',NULL,'2.0.2'),('3','karabfak','db/db.changelog-1.23-Release.xml','2021-06-03 16:03:23',1100,'EXECUTED','3:e386b88f12a7ceec55a63d30dc4d95f7','Add Column','',NULL,'2.0.2'),('3','karabfak','db/db.changelog-1.25-Release.xml','2021-06-03 16:03:25',1153,'EXECUTED','3:661f28cf872f7255c91b1df8bd2a4249','Modify data type','',NULL,'2.0.2'),('3','karabfak','db/db.changelog-1.4-Release.xml','2021-06-03 16:02:48',370,'EXECUTED','3:a754dec9517714acb0b78fd7e1dd4f1b','Delete Data','',NULL,'2.0.2'),('3','karabfak','db/db.changelog-1.6-Release.xml','2021-06-03 16:02:55',492,'EXECUTED','3:6ce3e76596d944cec6f64e77f876fb2a','Custom SQL','',NULL,'2.0.2'),('3','karabfak','db/db.changelog-1.7-Release.xml','2021-06-03 16:03:00',574,'EXECUTED','3:1712957b04eb0e7443d7c45a6d0d40d7','Create Index','',NULL,'2.0.2'),('3','karabfak','db/db.changelog-1.9-Release.xml','2021-06-03 16:03:03',643,'EXECUTED','3:630bcc44406115dc040ec33fb83bc099','Modify data type, Add Column','',NULL,'2.0.2'),('3','khundley','db/db.changelog-2013-05-Release.xml','2021-06-03 16:02:36',206,'EXECUTED','3:ca912fe83a2d7b2ab756c5f069baab8b','Drop Column (x2)','',NULL,'2.0.2'),('4','bstegman','db/db.changelog-1.28-Release.xml','2021-06-03 16:03:30',1310,'EXECUTED','3:a6eb3498e8422018937ec9dad33c56e8','Create Table','',NULL,'2.0.2'),('4','karabfak','db/db.changelog-1.13-Release.xml','2021-06-03 16:03:10',761,'EXECUTED','3:10455b72cdc7c498a7042fcece84d4ec','Custom SQL (x5)','',NULL,'2.0.2'),('4','karabfak','db/db.changelog-1.16-Release.xml','2021-06-03 16:03:12',813,'EXECUTED','3:767130ee6532ca94a4514ae19f1a3215','Delete Data (x2)','',NULL,'2.0.2'),('4','karabfak','db/db.changelog-1.18-Release.xml','2021-06-03 16:03:19',968,'EXECUTED','3:6ec2ff5583d5a2ac3524fc1b381c4014','Create Index','',NULL,'2.0.2'),('4','karabfak','db/db.changelog-1.21-Release.xml','2021-06-03 16:03:21',1037,'EXECUTED','3:fd70221a38ff7378ab1f1ccd8ece9645','Create Index (x2)','',NULL,'2.0.2'),('4','karabfak','db/db.changelog-1.23-Release.xml','2021-06-03 16:03:23',1101,'EXECUTED','3:37c3ef356553d5f220c2a80befbfc2da','Insert Row','',NULL,'2.0.2'),('4','karabfak','db/db.changelog-1.4-Release.xml','2021-06-03 16:02:48',382,'EXECUTED','3:fe78ffbbee55c4fb9ad6aef6efab475a','Add Column','',NULL,'2.0.2'),('4','karabfak','db/db.changelog-1.5-Release.xml','2021-06-03 16:02:52',422,'EXECUTED','3:7001e05de4e75ab2fd35e0800e3426fc','Modify data type (x3)','',NULL,'2.0.2'),('4','karabfak','db/db.changelog-1.7-Release.xml','2021-06-03 16:03:00',575,'EXECUTED','3:fe881f66144b4d59e09ee30c28e587a2','Create Index','',NULL,'2.0.2'),('4','karabfak','db/db.changelog-1.9-Release.xml','2021-06-03 16:03:03',646,'EXECUTED','3:85144c35c2e8c9e6a40c1c9944f0db82','Insert Row','',NULL,'2.0.2'),('4','khundley','db/db.changelog-2013-05-Release.xml','2021-06-03 16:02:36',207,'EXECUTED','3:b601e5e85ef3025be403dff9162ab7ce','Insert Row (x2)','',NULL,'2.0.2'),('5','bstegman','db/db.changelog-1.28-Release.xml','2021-06-03 16:03:30',1311,'EXECUTED','3:e5790cffb746d63cd0553b1e52ca637e','Create Table','',NULL,'2.0.2'),('5','karabfak','db/db.changelog-1.16-Release.xml','2021-06-03 16:03:12',814,'EXECUTED','3:d40f26f05f7a2c96f36e6864233774fe','Delete Data (x2)','',NULL,'2.0.2'),('5','karabfak','db/db.changelog-1.21-Release.xml','2021-06-03 16:03:21',1038,'EXECUTED','3:8d0a75704f0f815a9fd00f6d28afa077','Add Column','',NULL,'2.0.2'),('5','karabfak','db/db.changelog-1.23-Release.xml','2021-06-03 16:03:23',1103,'EXECUTED','3:941703f88f1ab678e4d810ffdace2af0','Create Table, Create Index (x2)','',NULL,'2.0.2'),('5','karabfak','db/db.changelog-1.4-Release.xml','2021-06-03 16:02:48',383,'EXECUTED','3:1eaacf5f84605301192eee6db2712f2f','Add Column','',NULL,'2.0.2'),('5','karabfak','db/db.changelog-1.5-Release.xml','2021-06-03 16:02:52',426,'EXECUTED','3:bcff1fc7dbc8e6987c6ce699138b8c10','Create Table (x2)','',NULL,'2.0.2'),('5','karabfak','db/db.changelog-1.9-Release.xml','2021-06-03 16:03:03',648,'EXECUTED','3:30b147ce0e25bcbbd2e343ecb828e4c9','Insert Row (x2)','',NULL,'2.0.2'),('5','khundley','db/db.changelog-2013-05-Release.xml','2021-06-03 16:02:36',214,'EXECUTED','3:43b1982fde0b0572ba70470a1815605c','Create Table, Add Unique Constraint, Insert Row (x5), Add Column','',NULL,'2.0.2'),('6','bstegman','db/db.changelog-1.28-Release.xml','2021-06-03 16:03:30',1312,'EXECUTED','3:34026658aaec127b0073180365b3f767','Create Table','',NULL,'2.0.2'),('6','jpigg','db/db.changelog-1.16-Release.xml','2021-06-03 16:03:12',815,'EXECUTED','3:926cabdea97f332c1e2309052543d36b','Delete Data (x2)','',NULL,'2.0.2'),('6','karabfak','db/db.changelog-1.23-Release.xml','2021-06-03 16:03:23',1104,'EXECUTED','3:b31077ae4c4c449c06d0831795877c9a','Add Column','',NULL,'2.0.2'),('6','karabfak','db/db.changelog-1.4-Release.xml','2021-06-03 16:02:49',384,'EXECUTED','3:6b72993d2b9b738689cb66a617f23867','Insert Row (x67)','',NULL,'2.0.2'),('6','karabfak','db/db.changelog-1.5-Release.xml','2021-06-03 16:02:52',427,'EXECUTED','3:1bb9ed8c4729f2fb0259d50facb4a6fd','Insert Row (x3)','',NULL,'2.0.2'),('6','karabfak','db/db.changelog-1.9-Release.xml','2021-06-03 16:03:03',649,'EXECUTED','3:23932f99bf888c7927c7e80045beb0a3','Insert Row','',NULL,'2.0.2'),('7','bstegman','db/db.changelog-1.28-Release.xml','2021-06-03 16:03:30',1313,'EXECUTED','3:2175a9f1261be758de6e6f7936b09426','Create Index','',NULL,'2.0.2'),('7','jpigg','db/db.changelog-1.16-Release.xml','2021-06-03 16:03:12',816,'EXECUTED','3:bcd7bb2582f094bdf5d174e28886a271','Delete Data (x2)','',NULL,'2.0.2'),('7','jsantilli','db/db.changelog-1.17-Release.xml','2021-06-03 16:03:16',870,'EXECUTED','3:99de7c3dae4482651e121e1e8fddd9f7','Create Table','',NULL,'2.0.2'),('7','karabfak','db/db.changelog-1.23-Release.xml','2021-06-03 16:03:23',1105,'EXECUTED','3:26b6a144ae2b8e8ad1eb0d03a5b1529b','Create Index','',NULL,'2.0.2'),('7','karabfak','db/db.changelog-1.4-Release.xml','2021-06-03 16:02:49',385,'EXECUTED','3:3d87e0f74ea4b97ca8824bafbad4c200','Add Column, Custom SQL','',NULL,'2.0.2'),('7','karabfak','db/db.changelog-1.5-Release.xml','2021-06-03 16:02:52',428,'EXECUTED','3:c071b978c29704df0eda21a317ddf87a','Create Table','',NULL,'2.0.2'),('8','bstegman','db/db.changelog-1.28-Release.xml','2021-06-03 16:03:30',1314,'EXECUTED','3:5dd3c01401e3d4819a846f88102090fa','Create Index','',NULL,'2.0.2'),('8','jsantilli','db/db.changelog-1.17-Release.xml','2021-06-03 16:03:16',871,'EXECUTED','3:3462f62afc7f87e49c57fd3060553426','Insert Row','',NULL,'2.0.2'),('8','karabfak','db/db.changelog-1.16-Release.xml','2021-06-03 16:03:12',817,'EXECUTED','3:855969a66412b1eedd0248755b136b38','Delete Data (x2)','',NULL,'2.0.2'),('8','karabfak','db/db.changelog-1.23-Release.xml','2021-06-03 16:03:23',1106,'EXECUTED','3:b2522727f97df7a64bd7bcd409d30c82','Create Index (x2)','',NULL,'2.0.2'),('8','karabfak','db/db.changelog-1.4-Release.xml','2021-06-03 16:02:49',386,'EXECUTED','3:0370c74feccde4566ebfa84647140b09','Add Column','',NULL,'2.0.2'),('8','karabfak','db/db.changelog-1.5-Release.xml','2021-06-03 16:02:52',429,'EXECUTED','3:d3ee85b2722a4ed754c1b4cff7cf48c3','Drop Column','',NULL,'2.0.2'),('9','bstegman','db/db.changelog-1.28-Release.xml','2021-06-03 16:03:30',1315,'EXECUTED','3:60e18bbc59c008eef9330e49c6462764','Create Index','',NULL,'2.0.2'),('9','jpigg','db/db.changelog-1.16-Release.xml','2021-06-03 16:03:12',818,'EXECUTED','3:57596264c15151dffe1c53a304310ce3','Add Column','',NULL,'2.0.2'),('9','karabfak','db/db.changelog-1.16-Release.xml','2021-06-03 16:03:15',840,'EXECUTED','3:74968b724bff4024b93b4f7129a4686a','Insert Row','',NULL,'2.0.2'),('9','karabfak','db/db.changelog-1.23-Release.xml','2021-06-03 16:03:24',1107,'EXECUTED','3:0b75a3de74dcb3938ca36f9596d21456','Add Column (x3)','',NULL,'2.0.2'),('9','karabfak','db/db.changelog-1.5-Release.xml','2021-06-03 16:02:52',430,'EXECUTED','3:364cfc867c96f56d18e3ffec1d15f23b','Modify data type','',NULL,'2.0.2'),('application-config-1','qvanegeren','db/db.changelog-2013-06-Release.xml','2021-06-03 16:02:39',249,'EXECUTED','3:2a639254abd984fe7467752476464e66','Insert Row (x7)','',NULL,'2.0.2'),('application-config-2','qvanegeren','db/db.changelog-2013-06-Release.xml','2021-06-03 16:02:39',250,'EXECUTED','3:d4054146ceb4a7a7092a250776fe41de','Insert Row (x4)','',NULL,'2.0.2'),('application-config-3','khundley','db/db.changelog-2013-06-Release.xml','2021-06-03 16:02:40',264,'EXECUTED','3:d1f0b937c2dcfd077fde89bec536c322','Update Data (x2)','',NULL,'2.0.2'),('barcodes-1','karabfak','db/db.changelog-2013-06-Release.xml','2021-06-03 16:02:38',238,'EXECUTED','3:d4450230e1f1af10ba74b07ef6105161','Create Table (x2)','',NULL,'2.0.2'),('carts-data-15','qvanegeren','db/db.changelog-2013-05-Release.xml','2021-06-03 16:02:24',168,'EXECUTED','3:8959051614fc81fc804ff5b0d08f08cd','Insert Row (x4)','',NULL,'2.0.2'),('carts-data-16','qvanegeren','db/db.changelog-2013-05-Release.xml','2021-06-03 16:02:24',169,'EXECUTED','3:b94f4369786c84102be1a42718816873','Insert Row','',NULL,'2.0.2'),('carts-data-17','qvanegeren','db/db.changelog-2013-05-Release.xml','2021-06-03 16:02:24',170,'EXECUTED','3:b24f666c4f7b0eed5c07cf4d68fc4eb0','Insert Row (x6)','',NULL,'2.0.2'),('carts-data-18','qvanegeren','db/db.changelog-2013-05-Release.xml','2021-06-03 16:02:24',171,'EXECUTED','3:e16c87a2158eb126271d14853ec5fa49','Insert Row (x2)','',NULL,'2.0.2'),('carts-data-19','qvanegeren','db/db.changelog-2013-05-Release.xml','2021-06-03 16:02:24',172,'EXECUTED','3:1cd26617c48ae2c4bcbdd2d73c06a9e5','Insert Row (x3)','',NULL,'2.0.2'),('carts-db-2','qvanegeren','db/db.changelog-2013-05-Release.xml','2021-06-03 16:02:24',166,'EXECUTED','3:8d2601068b4720a5251e3d2241ea6337','Create Table, Add Foreign Key Constraint (x3), Add Column, Add Foreign Key Constraint, Drop Column (x3), Create Table','',NULL,'2.0.2'),('carts-db-3','qvanegeren','db/db.changelog-2013-05-Release.xml','2021-06-03 16:02:24',167,'EXECUTED','3:3ee6f9ee9d5b3fbf4730f2b961a543f7','Add Column','',NULL,'2.0.2'),('carts-db-4','qvanegeren','db/db.changelog-2013-05-Release.xml','2021-06-03 16:02:24',173,'EXECUTED','3:2433845f8a1c81de8203817864e25329','Add Foreign Key Constraint (x2)','',NULL,'2.0.2'),('carts-db-5','qvanegeren','db/db.changelog-2013-05-Release.xml','2021-06-03 16:02:24',174,'EXECUTED','3:6bdd6e27865edca5d6012973310d929c','Add Foreign Key Constraint (x2)','',NULL,'2.0.2'),('carts-update-1','khundley','db/db.changelog-2013-06-Release.xml','2021-06-03 16:02:41',267,'EXECUTED','3:19e2e106fa8402e716db27f79b823f06','Add Column, Add Foreign Key Constraint','',NULL,'2.0.2'),('ctandy','1.44.5332-001','db/db.changelog-1.44-Release.xml','2021-06-03 16:17:56',1992,'EXECUTED','3:e30ca8ea060de39c5f6fd524b1e05a7d','Update Data','',NULL,'2.0.2'),('data-1','qvanegeren','db/db.changelog-2013-05-Release.xml','2021-06-03 16:02:36',213,'EXECUTED','3:ab9b66dcaf503fa15e0e7c24696b0e7e','Insert Row','',NULL,'2.0.2'),('data-2','karabfak','db/db.changelog-2013-05-Release.xml','2021-06-03 16:02:37',221,'EXECUTED','3:16e5b47302c10a59dad7f1ee170ccb83','Update Data (x5), Insert Row (x40)','',NULL,'2.0.2'),('data-2','qvanegeren','db/db.changelog-2013-05-Release.xml','2021-06-03 16:02:34',202,'EXECUTED','3:ae03a7fb6e36ad9d339b93435b26805e','Drop Not-Null Constraint','',NULL,'2.0.2'),('data-3','karabfak','db/db.changelog-2013-05-Release.xml','2021-06-03 16:02:37',224,'EXECUTED','3:fdffd803d4e615a76516c8c81b3e3a8a','Update Data (x3)','',NULL,'2.0.2'),('data-3','qvanegeren','db/db.changelog-2013-05-Release.xml','2021-06-03 16:02:34',203,'EXECUTED','3:ee65123a677640bcd3036bd53ef43428','Drop Not-Null Constraint, Insert Row (x2), Update Data (x16)','',NULL,'2.0.2'),('data-4','qvanegeren','db/db.changelog-2013-05-Release.xml','2021-06-03 16:02:34',204,'EXECUTED','3:aa933e2ca739582adab4f6d271b7aacf','Custom SQL','',NULL,'2.0.2'),('database-1','karabfak','db/db.changelog-1.3-Release.xml','2021-06-03 16:02:41',268,'EXECUTED','3:1ed04b99ab9c94dec0d818c397e18700','Insert Row','',NULL,'2.0.2'),('database-1','karabfak','db/db.changelog-1.4-Release.xml','2021-06-03 16:02:47',359,'EXECUTED','3:ef699a4d23bdfec74509a9bceceac6f2','Add Column','',NULL,'2.0.2'),('database-1','karabfak','db/db.changelog-2013-06-Release.xml','2021-06-03 16:02:38',239,'EXECUTED','3:a915f468e63dfb5f78255ba4abd5ffad','Update Data','',NULL,'2.0.2'),('database-1','khundley','db/db.changelog-1.3-Release.xml','2021-06-03 16:02:41',287,'EXECUTED','3:b0827b053578744b56e2d6534bc2a764','Insert Row (x2)','',NULL,'2.0.2'),('database-1','qvanegeren','db/db.changelog-2013-05-Release.xml','2021-06-03 16:02:36',208,'EXECUTED','3:2744ce71185265676420011430899edd','Add Column','',NULL,'2.0.2'),('database-10','jpigg','db/db.changelog-1.3-Release.xml','2021-06-03 16:02:41',274,'EXECUTED','3:2ce48aa85cb699a57271c5fdbd41e02a','Update Data','',NULL,'2.0.2'),('database-10','karabfak','db/db.changelog-2013-06-Release.xml','2021-06-03 16:02:40',257,'EXECUTED','3:a6bca42724678a664a786d98632b7fe0','Insert Row','',NULL,'2.0.2'),('database-10','qvanegeren','db/db.changelog-2013-05-Release.xml','2021-06-03 16:02:37',222,'EXECUTED','3:4baa6c8c0d76682dad5559f0d7c85c34','Create Table','',NULL,'2.0.2'),('database-11','jlong','db/db.changelog-1.3-Release.xml','2021-06-03 16:02:41',275,'EXECUTED','3:a696af580abe0c1b58eafc21ec6a79c2','Add Column, Update Data, Insert Row (x3)','',NULL,'2.0.2'),('database-11','qvanegeren','db/db.changelog-2013-05-Release.xml','2021-06-03 16:02:37',223,'EXECUTED','3:ccd660a4927bec722d89382555fa2bad','Create Table, Add Foreign Key Constraint','',NULL,'2.0.2'),('database-12','jlong','db/db.changelog-1.3-Release.xml','2021-06-03 16:02:41',276,'EXECUTED','3:04fe66da24eaa83228d373f9753c19c9','Custom SQL','',NULL,'2.0.2'),('database-12','qvanegeren','db/db.changelog-2013-05-Release.xml','2021-06-03 16:02:37',226,'EXECUTED','3:5987a56b9118df20e1ad66334040e1d6','Modify data type','',NULL,'2.0.2'),('database-13','karabfak','db/db.changelog-1.3-Release.xml','2021-06-03 16:02:41',277,'EXECUTED','3:1588154fe6e83e90a5d6f6234a5b71b3','Insert Row','',NULL,'2.0.2'),('database-13','karabfak','db/db.changelog-2013-06-Release.xml','2021-06-03 16:02:40',258,'EXECUTED','3:c2efb51120dbb52104772d397f47a65f','Add Column','',NULL,'2.0.2'),('database-13','qvanegeren','db/db.changelog-2013-05-Release.xml','2021-06-03 16:02:37',227,'EXECUTED','3:a7b8b8d49a4265c3f018363f4ddfcc67','Drop Not-Null Constraint','',NULL,'2.0.2'),('database-14','jpigg','db/db.changelog-1.3-Release.xml','2021-06-03 16:02:41',278,'EXECUTED','3:2ce48aa85cb699a57271c5fdbd41e02a','Update Data','',NULL,'2.0.2'),('database-14','karabfak','db/db.changelog-2013-05-Release.xml','2021-06-03 16:02:37',228,'EXECUTED','3:9a022f8c15f206ef9a57c21023db00cc','Add Column','',NULL,'2.0.2'),('database-14','karabfak','db/db.changelog-2013-06-Release.xml','2021-06-03 16:02:40',265,'EXECUTED','3:2d89e54146df4de180076066524cdc4b','Custom SQL','',NULL,'2.0.2'),('database-15','jlong','db/db.changelog-1.3-Release.xml','2021-06-03 16:02:41',279,'EXECUTED','3:3af17a9de6690aeb5b4f74c53b8c9cc0','Custom SQL','',NULL,'2.0.2'),('database-15','karabfak','db/db.changelog-2013-05-Release.xml','2021-06-03 16:02:38',229,'EXECUTED','3:31dbed976dd630c9c7f77894237faef7','Add Column','',NULL,'2.0.2'),('database-16','jlong','db/db.changelog-1.3-Release.xml','2021-06-03 16:02:41',280,'EXECUTED','3:aa4142a5856390514870c74a2a227802','Insert Row','',NULL,'2.0.2'),('database-16','karabfak','db/db.changelog-2013-05-Release.xml','2021-06-03 16:02:38',230,'EXECUTED','3:01f0ad1eeaf6eb55c062b29f50ccdbb3','Update Data','',NULL,'2.0.2'),('database-17','jlong','db/db.changelog-1.3-Release.xml','2021-06-03 16:02:41',281,'EXECUTED','3:884fef4ab995a3db54dbf63960318362','Custom SQL','',NULL,'2.0.2'),('database-17','khundley','db/db.changelog-2013-05-Release.xml','2021-06-03 16:02:38',231,'EXECUTED','3:a434599686595fa0eff792a51c86d499','Insert Row','',NULL,'2.0.2'),('database-18','jpigg','db/db.changelog-1.3-Release.xml','2021-06-03 16:02:41',282,'EXECUTED','3:36f664a44a97d736fe692eb9b175ec85','Insert Row','',NULL,'2.0.2'),('database-18','karabfak','db/db.changelog-2013-05-Release.xml','2021-06-03 16:02:38',232,'EXECUTED','3:4a4a0e9a06696f83548fb8fdbd9550ef','Update Data, Create Table','',NULL,'2.0.2'),('database-19','khundley','db/db.changelog-2013-05-Release.xml','2021-06-03 16:02:38',233,'EXECUTED','3:2be6f26c57f2bca521daa07c50d26128','Drop Foreign Key Constraint','',NULL,'2.0.2'),('database-2','karabfak','db/db.changelog-2013-06-Release.xml','2021-06-03 16:02:38',240,'EXECUTED','3:12232faed8a5e214846302e4761cef3d','Add Column','',NULL,'2.0.2'),('database-2','khundley','db/db.changelog-1.3-Release.xml','2021-06-03 16:02:41',288,'EXECUTED','3:d80de46cc8bb28ac7e00129d9a6edf61','Add Column','',NULL,'2.0.2'),('database-2','qvanegeren','db/db.changelog-1.4-Release.xml','2021-06-03 16:02:47',361,'EXECUTED','3:75bfe818bb82e49cab44e0c7f5d7f760','Add Column','',NULL,'2.0.2'),('database-2','qvanegeren','db/db.changelog-2013-05-Release.xml','2021-06-03 16:02:36',209,'EXECUTED','3:66a2a14b54ebc06a7989df77fd3aec03','Add Column (x3)','',NULL,'2.0.2'),('database-20','khundley','db/db.changelog-2013-05-Release.xml','2021-06-03 16:02:38',234,'EXECUTED','3:86f81a76d3c822d782513d66b88876d0','Add Foreign Key Constraint','',NULL,'2.0.2'),('database-20','qvanegeren','db/db.changelog-1.3-Release.xml','2021-06-03 16:02:41',283,'EXECUTED','3:e1b37c5dc4eaef184b1ccff1eef90cb4','Drop Column','',NULL,'2.0.2'),('database-21','karabfak','db/db.changelog-1.3-Release.xml','2021-06-03 16:02:41',284,'EXECUTED','3:dfa777c67c17c1160b8be4390419dbf5','Create Table (x3), Add Column (x2), Update Data','',NULL,'2.0.2'),('database-22','qvanegeren','db/db.changelog-1.3-Release.xml','2021-06-03 16:02:41',285,'EXECUTED','3:580ad88a8a68d3ffa82861c64bc51fa1','Modify data type','',NULL,'2.0.2'),('database-23','qvanegeren','db/db.changelog-1.3-Release.xml','2021-06-03 16:02:41',286,'EXECUTED','3:33c27de9613e954aa7739aa06b140c46','Create Table, Add Foreign Key Constraint (x2)','',NULL,'2.0.2'),('database-25','qvanegeren','db/db.changelog-1.3-Release.xml','2021-06-03 16:02:41',289,'EXECUTED','3:0358f3c759442c7860a44399130fe1a3','Update Data','',NULL,'2.0.2'),('database-26','qvanegeren','db/db.changelog-1.3-Release.xml','2021-06-03 16:02:41',290,'EXECUTED','3:1d5bf505eeb5a8e1c0ca0b317994fadd','Custom SQL','',NULL,'2.0.2'),('database-27','khundley','db/db.changelog-1.3-Release.xml','2021-06-03 16:02:41',291,'EXECUTED','3:9ac3765095ac74f12d658b9212eee252','Create Table (x2), Add Foreign Key Constraint (x4)','',NULL,'2.0.2'),('database-28','khundley','db/db.changelog-1.3-Release.xml','2021-06-03 16:02:42',295,'EXECUTED','3:c1eccc78146f96e31989af64d0c8e731','Create Table (x2), Add Column','',NULL,'2.0.2'),('database-28','qvanegeren','db/db.changelog-1.3-Release.xml','2021-06-03 16:02:42',292,'EXECUTED','3:30f297d2b67c92e51ac76d5acf1885e2','Add Column','',NULL,'2.0.2'),('database-29','khundley','db/db.changelog-1.3-Release.xml','2021-06-03 16:02:42',296,'EXECUTED','3:094c62034330fbd4140f9e63854889a5','Add Column','',NULL,'2.0.2'),('database-29','qvanegeren','db/db.changelog-1.3-Release.xml','2021-06-03 16:02:42',293,'EXECUTED','3:5c436f8d710502190eae7caf4e0d9dad','Add Column','',NULL,'2.0.2'),('database-3','karabfak','db/db.changelog-2013-06-Release.xml','2021-06-03 16:02:39',244,'EXECUTED','3:23a02fa785fb6e7bf0ae0133d461b0c8','Modify data type','',NULL,'2.0.2'),('database-3','qvanegeren','db/db.changelog-1.3-Release.xml','2021-06-03 16:02:41',269,'EXECUTED','3:28d94d7131b7d26dc889bdfa897ff761','Update Data (x3)','',NULL,'2.0.2'),('database-3','qvanegeren','db/db.changelog-1.4-Release.xml','2021-06-03 16:02:47',362,'EXECUTED','3:c27d2052eed1ff12773293a64a26ed16','Add Column','',NULL,'2.0.2'),('database-3','qvanegeren','db/db.changelog-2013-05-Release.xml','2021-06-03 16:02:36',210,'EXECUTED','3:ad107adb1bd54d2299b4da0764a9ec70','Create Table','',NULL,'2.0.2'),('database-30','khundley','db/db.changelog-1.3-Release.xml','2021-06-03 16:02:42',297,'EXECUTED','3:d117a83b8855013bff91bed58c8357ef','Insert Row, Custom SQL','',NULL,'2.0.2'),('database-30','qvanegeren','db/db.changelog-1.3-Release.xml','2021-06-03 16:02:42',294,'EXECUTED','3:92f56bcbaced44a311ccd6d7d3b78e82','Insert Row','',NULL,'2.0.2'),('database-31','khundley','db/db.changelog-1.3-Release.xml','2021-06-03 16:02:42',298,'EXECUTED','3:eb8613b90df7c8dc5dbc1223f7ff315b','Drop Column (x3)','',NULL,'2.0.2'),('database-32','khundley','db/db.changelog-1.3-Release.xml','2021-06-03 16:02:42',299,'EXECUTED','3:3bc010cc9a73492f84df1580940bd39b','Add Column (x2)','',NULL,'2.0.2'),('database-33','khundley','db/db.changelog-1.3-Release.xml','2021-06-03 16:02:42',300,'EXECUTED','3:3c2a206cc326584f5c286e675646775a','Modify data type','',NULL,'2.0.2'),('database-34','khundley','db/db.changelog-1.3-Release.xml','2021-06-03 16:02:43',302,'EXECUTED','3:30200660e68b7bded5395995d5387d99','Add Column','',NULL,'2.0.2'),('database-34','qvanegeren','db/db.changelog-1.3-Release.xml','2021-06-03 16:02:43',301,'EXECUTED','3:bdba04c9f41540f009f2c1a3b993773b','Add Column','',NULL,'2.0.2'),('database-35','qvanegeren','db/db.changelog-1.3-Release.xml','2021-06-03 16:02:43',303,'EXECUTED','3:4a7ac1518fc06e268de189a432942a2b','Insert Row','',NULL,'2.0.2'),('database-36','khundley','db/db.changelog-1.3-Release.xml','2021-06-03 16:02:43',304,'EXECUTED','3:28c4adaf21832db014dd0ceb8016dc40','Modify data type','',NULL,'2.0.2'),('database-37','khundley','db/db.changelog-1.3-Release.xml','2021-06-03 16:02:43',305,'EXECUTED','3:8bb15f8d7a7c921c4556b034067a01cc','Custom SQL','',NULL,'2.0.2'),('database-38','khundley','db/db.changelog-1.3-Release.xml','2021-06-03 16:02:43',306,'EXECUTED','3:83abe26ebb80b6ee404cfb8c5832b0be','Add Foreign Key Constraint (x4)','',NULL,'2.0.2'),('database-38','qvanegeren','db/db.changelog-1.3-Release.xml','2021-06-03 16:02:43',307,'EXECUTED','3:b58f9015d7447214e959b8bfe330b144','Modify data type','',NULL,'2.0.2'),('database-39','qvanegeren','db/db.changelog-1.3-Release.xml','2021-06-03 16:02:43',308,'EXECUTED','3:627c16add929dead8934292f0ea8b951','Add Column (x2)','',NULL,'2.0.2'),('database-4','qvanegeren','db/db.changelog-1.3-Release.xml','2021-06-03 16:02:41',270,'EXECUTED','3:270c1de00ba11fb30873ebeb86e8acf5','Insert Row','',NULL,'2.0.2'),('database-4','qvanegeren','db/db.changelog-1.4-Release.xml','2021-06-03 16:02:47',363,'EXECUTED','3:7f5fcb02656f3d9cec18e761aae0684b','Insert Row','',NULL,'2.0.2'),('database-4','qvanegeren','db/db.changelog-2013-05-Release.xml','2021-06-03 16:02:36',211,'EXECUTED','3:358e64e71beb04ef822e8441931b52ab','Add Column','',NULL,'2.0.2'),('database-4','qvanegeren','db/db.changelog-2013-06-Release.xml','2021-06-03 16:02:39',248,'EXECUTED','3:d0a1557d207307b2a43476700b435a99','Create Table','',NULL,'2.0.2'),('database-40','qvanegeren','db/db.changelog-1.3-Release.xml','2021-06-03 16:02:43',309,'EXECUTED','3:4dd0328eaecd4eaf083a2db295c52283','Drop Foreign Key Constraint, Drop Column','',NULL,'2.0.2'),('database-41','khundley','db/db.changelog-1.3-Release.xml','2021-06-03 16:02:43',310,'EXECUTED','3:578b355f90b5ea7d200a6ce08f8881d9','Add Column, Add Foreign Key Constraint','',NULL,'2.0.2'),('database-42','qvanegeren','db/db.changelog-1.3-Release.xml','2021-06-03 16:02:43',311,'EXECUTED','3:80358b2174fc609117124a715107a747','Insert Row','',NULL,'2.0.2'),('database-45','qvanegeren','db/db.changelog-1.3-Release.xml','2021-06-03 16:02:44',314,'EXECUTED','3:eff9fadc1fa92bc8f96348258e1d0426','Add Column','',NULL,'2.0.2'),('database-46','qvanegeren','db/db.changelog-1.3-Release.xml','2021-06-03 16:02:44',315,'EXECUTED','3:7aeb3e4d444fb4c11aaf4f8742e99838','Add Column','',NULL,'2.0.2'),('database-47','qvanegeren','db/db.changelog-1.3-Release.xml','2021-06-03 16:02:44',316,'EXECUTED','3:5701582504779e0384f4c43e936863a4','Add Foreign Key Constraint','',NULL,'2.0.2'),('database-48','qvanegeren','db/db.changelog-1.3-Release.xml','2021-06-03 16:02:44',317,'EXECUTED','3:49c4856f7f42c6c1d6f90b183ab6e0f9','Insert Row','',NULL,'2.0.2'),('database-49','qvanegeren','db/db.changelog-1.3-Release.xml','2021-06-03 16:02:44',318,'EXECUTED','3:1b6b948636b72c97c97299f34291e736','Add Column (x2)','',NULL,'2.0.2'),('database-5','karabfak','db/db.changelog-2013-06-Release.xml','2021-06-03 16:02:39',252,'EXECUTED','3:f8af8955f74aae8aad6c160839278c19','Delete Data (x6), Insert Row (x2)','',NULL,'2.0.2'),('database-5','qvanegeren','db/db.changelog-2013-05-Release.xml','2021-06-03 16:02:36',212,'EXECUTED','3:2dc2318e542ef457035fc41e15654541','Add Column','',NULL,'2.0.2'),('database-50','qvanegeren','db/db.changelog-1.3-Release.xml','2021-06-03 16:02:44',319,'EXECUTED','3:35b779666384ce3ed35d10d9ef5434dc','Drop Not-Null Constraint (x2), Add Default Value (x2)','',NULL,'2.0.2'),('database-51','karabfak','db/db.changelog-1.3-Release.xml','2021-06-03 16:02:44',320,'EXECUTED','3:300965ae253976ffdb3482947d7b99f4','Create Index (x3)','',NULL,'2.0.2'),('database-52','karabfak','db/db.changelog-1.3-Release.xml','2021-06-03 16:02:44',326,'EXECUTED','3:6a33ac1724ec1695c8930e1fd61827ab','Insert Row','',NULL,'2.0.2'),('database-52','khundley','db/db.changelog-1.3-Release.xml','2021-06-03 16:02:44',321,'EXECUTED','3:c680eb43ebd61b0e234bb234772cd961','Add Column','',NULL,'2.0.2'),('database-53','khundley','db/db.changelog-1.3-Release.xml','2021-06-03 16:02:44',322,'EXECUTED','3:abc7735e796630d1f046fd913f5c9701','Modify data type','',NULL,'2.0.2'),('database-54','khundley','db/db.changelog-1.3-Release.xml','2021-06-03 16:02:44',323,'EXECUTED','3:22d28bf169a6c89234e96706874e8bfd','Drop Table','',NULL,'2.0.2'),('database-55','khundley','db/db.changelog-1.3-Release.xml','2021-06-03 16:02:44',324,'EXECUTED','3:a778ac1f0d3b23ae0eea48a423f88763','Custom SQL','',NULL,'2.0.2'),('database-56','khundley','db/db.changelog-1.3-Release.xml','2021-06-03 16:02:44',325,'EXECUTED','3:9ada628f1f1dc4b8398af7081c2ca2ec','Insert Row','',NULL,'2.0.2'),('database-57','karabfak','db/db.changelog-1.3-Release.xml','2021-06-03 16:02:44',327,'EXECUTED','3:3d6c2268f8a38e303fece951f759d39d','Insert Row (x2)','',NULL,'2.0.2'),('database-57','khundley','db/db.changelog-1.3-Release.xml','2021-06-03 16:02:44',328,'EXECUTED','3:515d41f4a34ddc5d71d4fbf692423603','Add Column','',NULL,'2.0.2'),('database-58','khundley','db/db.changelog-1.3-Release.xml','2021-06-03 16:02:45',329,'EXECUTED','3:44a41b29a202912b118c5de7f1f19fe4','Add Column (x2), Add Foreign Key Constraint (x3), Create Index','',NULL,'2.0.2'),('database-59','karabfak','db/db.changelog-1.3-Release.xml','2021-06-03 16:02:45',330,'EXECUTED','3:dae0409fc3068ed1a3017e7b38a297f6','Add Column','',NULL,'2.0.2'),('database-6','jlong','db/db.changelog-2013-06-Release.xml','2021-06-03 16:02:40',259,'EXECUTED','3:79fabb8e37b2a3ace5b25a1c1bd204ca','Add Column (x2), Insert Row (x2)','',NULL,'2.0.2'),('database-6','karabfak','db/db.changelog-2013-05-Release.xml','2021-06-03 16:02:36',215,'EXECUTED','3:011dd753a8e02cf79d4e7d10011ecdcf','Insert Row','',NULL,'2.0.2'),('database-6','karabfak','db/db.changelog-2013-06-Release.xml','2021-06-03 16:02:39',253,'EXECUTED','3:3ca3467fda3aaac8c8b52dbf54c456e4','Update Data','',NULL,'2.0.2'),('database-7','jlong','db/db.changelog-2013-06-Release.xml','2021-06-03 16:02:40',263,'EXECUTED','3:91fde1370c1e1cd69a9164677bc1689d','Update Data, Insert Row','',NULL,'2.0.2'),('database-7','karabfak','db/db.changelog-2013-05-Release.xml','2021-06-03 16:02:37',220,'EXECUTED','3:1975df732fb2647047b5802a7b990d82','Add Column, Insert Row','',NULL,'2.0.2'),('database-7','karabfak','db/db.changelog-2013-06-Release.xml','2021-06-03 16:02:40',255,'EXECUTED','3:41513abd2fc91e5b4d971febb156f251','Modify data type (x2)','',NULL,'2.0.2'),('database-7','khundley','db/db.changelog-2013-05-Release.xml','2021-06-03 16:02:37',216,'EXECUTED','3:2b8a06be12a78f1b88f830e37d2918e8','Modify data type (x3)','',NULL,'2.0.2'),('database-7','qvanegeren','db/db.changelog-1.3-Release.xml','2021-06-03 16:02:41',271,'EXECUTED','3:1ab0efcae22fe9d394ab5820b27d3234','Custom SQL (x2)','',NULL,'2.0.2'),('database-7','qvanegeren','db/db.changelog-2013-05-Release.xml','2021-06-03 16:02:37',217,'EXECUTED','3:daba2dcd2a8c24d975519383d7161970','Add Column','',NULL,'2.0.2'),('database-8','jlong','db/db.changelog-2013-06-Release.xml','2021-06-03 16:02:41',266,'EXECUTED','3:d9b85b968876cc36c05885511d97bc6c','Add Column','',NULL,'2.0.2'),('database-8','karabfak','db/db.changelog-2013-06-Release.xml','2021-06-03 16:02:40',256,'EXECUTED','3:c6b2e2c21904870a0b3693faf0610826','Update Data (x3)','',NULL,'2.0.2'),('database-8','khundley','db/db.changelog-2013-05-Release.xml','2021-06-03 16:02:37',225,'EXECUTED','3:6835e7cb3c569338eb795447a13b8bd7','Modify data type (x10)','',NULL,'2.0.2'),('database-8','qvanegeren','db/db.changelog-1.3-Release.xml','2021-06-03 16:02:41',272,'EXECUTED','3:57a694c3901556750464a9876d098f16','Create Table','',NULL,'2.0.2'),('database-8','qvanegeren','db/db.changelog-2013-05-Release.xml','2021-06-03 16:02:37',218,'EXECUTED','3:8b09e2bdaf114185012f9618f2bd264f','Add Foreign Key Constraint (x2)','',NULL,'2.0.2'),('database-9','qvanegeren','db/db.changelog-1.3-Release.xml','2021-06-03 16:02:41',273,'EXECUTED','3:977a9a60ce071ba0e505c9424a552bef','Add Foreign Key Constraint (x2)','',NULL,'2.0.2'),('database-9','qvanegeren','db/db.changelog-2013-05-Release.xml','2021-06-03 16:02:37',219,'EXECUTED','3:1f3a8c1573df0d961216e7c933380bbe','Create Table, Add Foreign Key Constraint','',NULL,'2.0.2'),('database-alchemy-51','qvanegeren','db/db.changelog-1.3-Release.xml','2021-06-03 16:02:45',331,'EXECUTED','3:88b99f28c0cafc0bce061a13ecae22a5','Add Column','',NULL,'2.0.2'),('database-alchemy-52','qvanegeren','db/db.changelog-1.3-Release.xml','2021-06-03 16:02:45',332,'EXECUTED','3:0daea045f159de93267c23c99ce37443','Insert Row','',NULL,'2.0.2'),('database-alchemy-53','qvanegeren','db/db.changelog-1.3-Release.xml','2021-06-03 16:02:45',333,'EXECUTED','3:97ebcd46c7df8d3a3ebb8ff81e4574b7','Add Column','',NULL,'2.0.2'),('database-alchemy-56','qvanegeren','db/db.changelog-1.3-Release.xml','2021-06-03 16:02:45',334,'EXECUTED','3:54a4449e539802af258f6fb68097435e','Add Column','',NULL,'2.0.2'),('database-alchemy-57','qvanegeren','db/db.changelog-1.3-Release.xml','2021-06-03 16:02:45',335,'EXECUTED','3:aad55b99905c21094bcef44c205163c6','Add Column','',NULL,'2.0.2'),('database-alchemy-58','karabfak','db/db.changelog-1.3-Release.xml','2021-06-03 16:02:45',336,'EXECUTED','3:e92094b9d5b5e909b0c9d84baadc22ad','Custom SQL','',NULL,'2.0.2'),('database-alchemy-58','qvanegeren','db/db.changelog-1.3-Release.xml','2021-06-03 16:02:45',337,'EXECUTED','3:96a36d0ba9f731f2d6faa89397bdeca9','Modify data type','',NULL,'2.0.2'),('database-alchemy-59','qvanegeren','db/db.changelog-1.3-Release.xml','2021-06-03 16:02:45',343,'EXECUTED','3:2e3fdeeb8f523c925b0869ae8ce56f27','Modify data type','',NULL,'2.0.2'),('database-alchemy-60','qvanegeren','db/db.changelog-1.3-Release.xml','2021-06-03 16:02:45',344,'EXECUTED','3:3eb9b8f9269e3bc03a995942c5a44c87','Add Column (x2)','',NULL,'2.0.2'),('database-alchemy-61','qvanegeren','db/db.changelog-1.3-Release.xml','2021-06-03 16:02:45',345,'EXECUTED','3:1334a863c5c6e3ffa76ddd51e0107649','Create Index','',NULL,'2.0.2'),('database-alchemy-62','qvanegeren','db/db.changelog-1.3-Release.xml','2021-06-03 16:02:45',346,'EXECUTED','3:2611f4cbd9f09507c009cc6e383b1dbc','Create Index','',NULL,'2.0.2'),('database-alchemy-63','qvanegeren','db/db.changelog-1.3-Release.xml','2021-06-03 16:02:46',348,'EXECUTED','3:3d63ef9687f30183bdc218637ff6e7ab','Create Table','',NULL,'2.0.2'),('database-alchemy-64','qvanegeren','db/db.changelog-1.3-Release.xml','2021-06-03 16:02:46',349,'EXECUTED','3:565b3ec41d2a98906bd63ebafcdbcba1','Create Table','',NULL,'2.0.2'),('database-alchemy-65','qvanegeren','db/db.changelog-1.3-Release.xml','2021-06-03 16:02:46',350,'EXECUTED','3:617567179f62f0aafac1e33f6f1d7c83','Add Column','',NULL,'2.0.2'),('database-alchemy-66','qvanegeren','db/db.changelog-1.3-Release.xml','2021-06-03 16:02:46',351,'EXECUTED','3:6a43fda0ae4b67e4b0efdd6e5d3d54c9','Insert Row (x3)','',NULL,'2.0.2'),('database-alchemy-67','qvanegeren','db/db.changelog-1.3-Release.xml','2021-06-03 16:02:46',352,'EXECUTED','3:252bebc482ca67f2edbfb7489687c398','Add Column','',NULL,'2.0.2'),('database-alchemy-68','qvanegeren','db/db.changelog-1.3-Release.xml','2021-06-03 16:02:46',353,'EXECUTED','3:2d39412b25f502a3241ca77e32ecb20b','Add Column','',NULL,'2.0.2'),('database-alchemy-69','qvanegeren','db/db.changelog-1.3-Release.xml','2021-06-03 16:02:46',354,'EXECUTED','3:d90085946795fa1708df3a672b78bd82','Custom SQL','',NULL,'2.0.2'),('database-alchemy-70','qvanegeren','db/db.changelog-1.3-Release.xml','2021-06-03 16:02:46',355,'EXECUTED','3:f80496071f950cbdbf986911679e5b4a','Insert Row','',NULL,'2.0.2'),('database-alchemy-71','qvanegeren','db/db.changelog-1.3-Release.xml','2021-06-03 16:02:46',356,'EXECUTED','3:edd57fb3fc2ffd94aeccd9d21605ab08','Insert Row','',NULL,'2.0.2'),('database-alchemy-72','qvanegeren','db/db.changelog-1.3-Release.xml','2021-06-03 16:02:46',357,'EXECUTED','3:294bbb29f8a536cec26339a4f0e7ef5e','Insert Row','',NULL,'2.0.2'),('database-securityQuestions-1','qvanegeren','db/db.changelog-1.3-Release.xml','2021-06-03 16:02:45',338,'EXECUTED','3:50ae61b83557e1c4f80cee6e95113c98','Create Table','',NULL,'2.0.2'),('database-securityQuestions-2','qvanegeren','db/db.changelog-1.3-Release.xml','2021-06-03 16:02:45',339,'EXECUTED','3:a3dcc0890425e453b913abc3acb806fd','Create Table, Add Foreign Key Constraint (x2)','',NULL,'2.0.2'),('database-securityQuestions-3','qvanegeren','db/db.changelog-1.3-Release.xml','2021-06-03 16:02:45',340,'EXECUTED','3:abd262f987fc189202bdc0e1805985b0','Create Table, Add Foreign Key Constraint','',NULL,'2.0.2'),('database-securityQuestions-4','qvanegeren','db/db.changelog-1.3-Release.xml','2021-06-03 16:02:45',341,'EXECUTED','3:efea56d539368f1b6524064b9ec24543','Insert Row','',NULL,'2.0.2'),('database-securityQuestions-5','qvanegeren','db/db.changelog-1.3-Release.xml','2021-06-03 16:02:45',342,'EXECUTED','3:c183ca46453cb26603501dd11e9cbc89','Insert Row','',NULL,'2.0.2'),('database-securityQuestions-6','qvanegeren','db/db.changelog-1.3-Release.xml','2021-06-03 16:02:46',347,'EXECUTED','3:8d3edaf7ba8446c22fed5c0eef444c59','Add Column','',NULL,'2.0.2'),('database43','qvanegeren','db/db.changelog-1.3-Release.xml','2021-06-03 16:02:44',312,'EXECUTED','3:be0bccc3b1bb9df2009c1f43d40c0750','Add Column','',NULL,'2.0.2'),('database44','qvanegeren','db/db.changelog-1.3-Release.xml','2021-06-03 16:02:44',313,'EXECUTED','3:e527a9e4b06cd352ee69e900410b45a8','Add Column, Update Data','',NULL,'2.0.2'),('i.41-002','ctandy','db/db.changelog-1.41-Release.xml','2021-06-03 16:10:08',1928,'EXECUTED','3:9b16dfc5454c10038c6319b8884a547e','Add Column, Rename Column','',NULL,'2.0.2'),('i.41-004','ctandy','db/db.changelog-1.41-Release.xml','2021-06-03 16:14:22',1936,'EXECUTED','3:f82653f901cdb732e047bfceb995b25e','Add Column','',NULL,'2.0.2'),('inspections-update-1','khundley','db/db.changelog-2013-06-Release.xml','2021-06-03 16:02:39',251,'EXECUTED','3:f455c271088df2bea67e4c1c123d8e38','Insert Row, Custom SQL','',NULL,'2.0.2'),('inspections-update-2','khundley','db/db.changelog-2013-06-Release.xml','2021-06-03 16:02:39',254,'EXECUTED','3:05f7ec87e4009c4fc34026993232186c','Update Data, Delete Data','',NULL,'2.0.2'),('recipe-cleanup-001','khundley','db/db.changelog-recipe-cleanup.xml','2021-06-03 16:31:26',2484,'EXECUTED','3:83ca09e750088b0070714cc28e7c7744','Custom SQL','',NULL,'2.0.2'),('release-1.51-combine','cingram','db/db.changelog-1.51-combine.xml','2021-06-03 16:31:23',2386,'EXECUTED','3:92c9c6ba2121b3833bc995fb537c2202','Custom SQL','',NULL,'2.0.2'),('Ticket-10125-001','rbarrett','db/db.changelog-Ticket-10125.xml','2021-06-03 16:31:25',2442,'EXECUTED','3:42b6beb54316fea0fd65f4106ccfeb6d','Custom SQL','',NULL,'2.0.2'),('Ticket-10143-001','rbarrett','db/db.changelog-Ticket-10143.xml','2021-06-03 16:31:24',2428,'EXECUTED','3:4e66cc82cf8b71985caad2711c2da8f1','Custom SQL (x2)','',NULL,'2.0.2'),('Ticket-10166-001','qvanegeren','db/db.changelog-Ticket-10166.xml','2021-06-03 16:31:25',2466,'EXECUTED','3:15923063a11e5985b5e2074938930858','Custom SQL','',NULL,'2.0.2'),('Ticket-10166-002','qvanegeren','db/db.changelog-Ticket-10166.xml','2021-06-03 16:31:26',2467,'EXECUTED','3:b3aba3d052f2239d2d433fd22de4ca1e','Custom SQL','',NULL,'2.0.2'),('Ticket-10166-003','qvanegeren','db/db.changelog-Ticket-10166.xml','2021-06-03 16:31:26',2468,'EXECUTED','3:9c8e7f2a7dc80e25ee21c6e4510e9f36','Custom SQL','',NULL,'2.0.2'),('Ticket-10166-004','qvanegeren','db/db.changelog-Ticket-10166.xml','2021-06-03 16:31:26',2469,'EXECUTED','3:28549814d03cd22fd04fc214c3ff061f','Custom SQL','',NULL,'2.0.2'),('Ticket-10166-006','qvanegeren','db/db.changelog-Ticket-10166.xml','2021-06-03 16:31:26',2470,'EXECUTED','3:fb35a57735769c0f1e83dda27a84a7c5','Custom SQL','',NULL,'2.0.2'),('Ticket-10472-001','qvanegeren','db/db.changelog-Ticket-10472.xml','2021-06-03 16:31:25',2452,'EXECUTED','3:68cb79b1d6ef8d35b394096ef9d47cb9','Custom SQL','',NULL,'2.0.2'),('Ticket-10746-001','rbarrett','db/db.changelog-Ticket-10746.xml','2021-06-03 16:31:24',2429,'EXECUTED','3:fb62d0c7f972946a780add4d898ee4d7','Custom SQL','',NULL,'2.0.2'),('Ticket-11013-001','cingram','db/db.changelog-Ticket-11013.xml','2021-06-03 16:31:23',2385,'EXECUTED','3:771b0346e0ecbccb63dec5e5a487c69c','Custom SQL','',NULL,'2.0.2'),('Ticket-11034-001','khundley','db/db.changelog-Ticket-11034.xml','2021-06-03 16:31:24',2431,'EXECUTED','3:d6be758a928349f49fc2f1c9f8523639','Custom SQL','',NULL,'2.0.2'),('Ticket-11034-002','khundley','db/db.changelog-Ticket-11034-2.xml','2021-06-03 16:31:25',2465,'EXECUTED','3:c257c5871b3ab4eb5255178bdb9fc67a','Custom SQL','',NULL,'2.0.2'),('Ticket-11097-001','rbarrett','db/db.changelog-Ticket-11097.xml','2021-06-03 16:31:24',2432,'EXECUTED','3:48bda6a22df9bd5012bcffd35c6366f0','Custom SQL','',NULL,'2.0.2'),('Ticket-11097-002','rbarrett','db/db.changelog-Ticket-11097.xml','2021-06-03 16:31:24',2433,'EXECUTED','3:3a9fc9cdd8399eb9567c04b8a5b4b8f1','Custom SQL','',NULL,'2.0.2'),('Ticket-11097-003','rbarrett','db/db.changelog-Ticket-11097.xml','2021-06-03 16:31:24',2434,'EXECUTED','3:b5bbff3670198f6b7bdd20e2d33f6d34','Custom SQL','',NULL,'2.0.2'),('Ticket-11097-004','rbarrett','db/db.changelog-Ticket-11097.xml','2021-06-03 16:31:25',2435,'EXECUTED','3:8f8f351a5aaedf90624560f10af39a9f','Custom SQL','',NULL,'2.0.2'),('Ticket-11097-005','rbarrett','db/db.changelog-Ticket-11097.xml','2021-06-03 16:31:25',2436,'EXECUTED','3:b826166d8f9ababb097c5d3dcb588bf4','Custom SQL','',NULL,'2.0.2'),('Ticket-11097-006','rbarrett','db/db.changelog-Ticket-11097.xml','2021-06-03 16:31:25',2437,'EXECUTED','3:fb026e6408e272249f1e3313ded58f3b','Custom SQL','',NULL,'2.0.2'),('Ticket-11097-007','rbarrett','db/db.changelog-Ticket-11097.xml','2021-06-03 16:31:25',2438,'EXECUTED','3:51265d24f2efc2ad025b413ad9714fe7','Custom SQL','',NULL,'2.0.2'),('Ticket-11097-008','rbarrett','db/db.changelog-Ticket-11097.xml','2021-06-03 16:31:25',2439,'EXECUTED','3:5833af4e8e97c04ae377c323ceac6ec1','Custom SQL','',NULL,'2.0.2'),('Ticket-11820-001','cingram','db/db.changelog-Ticket-11820.xml','2021-06-03 16:31:23',2384,'EXECUTED','3:c9cebe41f0e278765a50b8e4a3440f6d','Custom SQL','',NULL,'2.0.2'),('Ticket-11942-001','qvanegeren','db/db.changelog-Ticket-11942.xml','2021-06-03 16:31:26',2493,'EXECUTED','3:57446b09e7df2c6e9ce2b448b69e3df5','Custom SQL','',NULL,'2.0.2'),('Ticket-12024-001','cingram','db/db.changelog-offline-Ticket-12024.xml','2021-06-03 16:31:06',2367,'EXECUTED','3:784644a9317926eaf0ad25def80309f8','Custom SQL','',NULL,'2.0.2'),('Ticket-12024-002','cingram','db/db.changelog-offline-Ticket-12024.xml','2021-06-03 16:31:06',2368,'EXECUTED','3:7a5f43674d9859c1dfe9727f0b532e1b','Custom SQL','',NULL,'2.0.2'),('Ticket-12024-003','cingram','db/db.changelog-offline-Ticket-12024.xml','2021-06-03 16:31:06',2369,'EXECUTED','3:5395c395419b79e2d3250f20922974f3','Custom SQL','',NULL,'2.0.2'),('Ticket-12271-001','qvanegeren','db/db.changelog-Ticket-12271.xml','2021-06-03 16:31:24',2420,'EXECUTED','3:f8f6f4130b00406be703d712ce8dd681','Custom SQL','',NULL,'2.0.2'),('Ticket-12271-002','qvanegeren','db/db.changelog-Ticket-12271.xml','2021-06-03 16:31:24',2421,'EXECUTED','3:b21321fc4864419ee53a68aeab80e711','Custom SQL','',NULL,'2.0.2'),('Ticket-12271-003','qvanegeren','db/db.changelog-Ticket-12271.xml','2021-06-03 16:31:24',2422,'EXECUTED','3:0099c062835c8052a6fb78596fe2c8c0','Custom SQL','',NULL,'2.0.2'),('Ticket-12271-004','qvanegeren','db/db.changelog-Ticket-12271.xml','2021-06-03 16:31:24',2423,'EXECUTED','3:664fff90f97b4c4a72d499aebc7416fd','Custom SQL','',NULL,'2.0.2'),('Ticket-12271-005','qvanegeren','db/db.changelog-Ticket-12271.xml','2021-06-03 16:31:24',2424,'EXECUTED','3:a24b20cfa2be81638ce0ede50d259eda','Custom SQL','',NULL,'2.0.2'),('Ticket-12271-006','qvanegeren','db/db.changelog-Ticket-12271.xml','2021-06-03 16:31:24',2425,'EXECUTED','3:f4adc28bed03fe10f7b9ebafe4590d59','Insert Row','',NULL,'2.0.2'),('Ticket-12271-007','qvanegeren','db/db.changelog-Ticket-12271.xml','2021-06-03 16:31:24',2426,'EXECUTED','3:7ef4a330591136a2913f9b1239f6290e','Custom SQL','',NULL,'2.0.2'),('Ticket-12271-008','qvanegeren','db/db.changelog-Ticket-12271.xml','2021-06-03 16:31:24',2427,'EXECUTED','3:7bf6cd999341b23d95e8ebdb50bebe59','Custom SQL','',NULL,'2.0.2'),('Ticket-12331-001','rbarrett','db/db.changelog-Ticket-12331.xml','2021-06-03 16:31:26',2477,'EXECUTED','3:213d6c5a16f0b7c517327933bf75f13a','Custom SQL','',NULL,'2.0.2'),('Ticket-12459-001','gsmith','db/db.changelog-Ticket-12459.xml','2021-06-03 16:31:23',2382,'EXECUTED','3:c664f9067bf4a3f6683a141d08b85219','Custom SQL','',NULL,'2.0.2'),('Ticket-12674-001','gsmith','db/db.changelog-Ticket-12674.xml','2021-06-03 16:31:23',2383,'EXECUTED','3:e98ee4a978639c87f6e28a28483a7603','Custom SQL','',NULL,'2.0.2'),('Ticket-12875-001','rbarrett','db/db.changelog-Ticket-12875.xml','2021-06-03 16:31:25',2440,'EXECUTED','3:f7ffa1195fa9323abaa100aef152f94b','Create Table','',NULL,'2.0.2'),('Ticket-12878-001','ctandy','db/db.changelog-Ticket-12878.xml','2021-06-03 16:31:23',2391,'EXECUTED','3:7b0edaac6c7312ee59a537f1e4b517b0','Custom SQL','',NULL,'2.0.2'),('Ticket-12961-001','gsmith','db/db.changelog-Ticket-12961.xml','2021-06-03 16:31:24',2419,'EXECUTED','3:c3e9d2bcfa9bfb64819efc4392e28856','Insert Row (x2)','',NULL,'2.0.2'),('Ticket-13285-001','rbarrett','db/db.changelog-Ticket-13285.xml','2021-06-03 16:31:25',2441,'EXECUTED','3:d8494b7f86309782ec05ebd624451c97','Custom SQL','',NULL,'2.0.2'),('Ticket-13499-001','gsmith','db/db.changelog-Ticket-13499.xml','2021-06-03 16:31:23',2392,'EXECUTED','3:de49640b2b19213533654273e8d61c3b','Custom SQL','',NULL,'2.0.2'),('Ticket-13689-001','gsmith','db/db.changelog-Ticket-13689.xml','2021-06-03 16:31:23',2399,'EXECUTED','3:729198d87967cccb20164362a9935a95','Custom SQL','',NULL,'2.0.2'),('Ticket-13734-001','qvanegeren','db/db.changelog-Ticket-13734.xml','2021-06-03 16:31:23',2395,'EXECUTED','3:192bde2aa39faf1cb6abffae2f185a9e','Insert Row','',NULL,'2.0.2'),('Ticket-13734-002','qvanegeren','db/db.changelog-Ticket-13734.xml','2021-06-03 16:31:23',2396,'EXECUTED','3:a1850f477b744db2c8f6f85ce3e9c206','Custom SQL','',NULL,'2.0.2'),('Ticket-13759-001','khundley','db/db.changelog-Ticket-13759.xml','2021-06-03 16:31:24',2409,'EXECUTED','3:2642aa2cb800b31ae7615978698e56ac','Create Index','',NULL,'2.0.2'),('Ticket-13863','gsmith','db/db.changelog-Ticket-13863.xml','2021-06-03 16:31:25',2462,'EXECUTED','3:7c3c3b74dea8aafba0eb235adee19e09','Insert Row','',NULL,'2.0.2'),('Ticket-13863-2','gsmith','db/db.changelog-Ticket-13863.xml','2021-06-03 16:31:25',2463,'EXECUTED','3:4278cec101743f78eb10b874962ff869','Custom SQL','',NULL,'2.0.2'),('Ticket-13902-001','qvanegeren','db/db.changelog-Ticket-13902.xml','2021-06-03 16:31:23',2393,'EXECUTED','3:4927da6ba0365ee050d909975de53d4c','Insert Row','',NULL,'2.0.2'),('Ticket-13902-002','qvanegeren','db/db.changelog-Ticket-13902.xml','2021-06-03 16:31:23',2394,'EXECUTED','3:2603ec839aa78a4e7b0cb5005281edaa','Custom SQL','',NULL,'2.0.2'),('Ticket-13991-001','rbarrett','db/db.changelog-Ticket-13991.xml','2021-06-03 16:31:24',2412,'EXECUTED','3:814e4087ac4ee452b67f1aaf3e8abfa0','Create Table','',NULL,'2.0.2'),('Ticket-14087-001','qvanegeren','db/db.changelog-Ticket-14087.xml','2021-06-03 16:31:23',2397,'EXECUTED','3:f26ceba8ebbf34d50a07ee1c2e5eb78f','Custom SQL, SQL From File','',NULL,'2.0.2'),('Ticket-14097-001','rbarrett','db/db.changelog-Ticket-14097.xml','2021-06-03 16:31:25',2443,'EXECUTED','3:c3ec5b9db37ec29d62b3932db183e5d8','Create Table','',NULL,'2.0.2'),('Ticket-14097-002','rbarrett','db/db.changelog-Ticket-14097.xml','2021-06-03 16:31:25',2444,'EXECUTED','3:ec758c2bca9137ef48d250e987fbd6b8','Custom SQL','',NULL,'2.0.2'),('Ticket-14097-003','rbarrett','db/db.changelog-Ticket-14097.xml','2021-06-03 16:31:25',2445,'EXECUTED','3:9883a3f6af121a02717dba8f1b763261','Custom SQL','',NULL,'2.0.2'),('Ticket-14097-004','rbarrett','db/db.changelog-Ticket-14097.xml','2021-06-03 16:31:25',2446,'EXECUTED','3:8d0de00542887f58eccb464eed320f81','Custom SQL','',NULL,'2.0.2'),('Ticket-14097-005','rbarrett','db/db.changelog-Ticket-14097.xml','2021-06-03 16:31:25',2447,'EXECUTED','3:d440a90d0279db7d0dd050483af49395','Custom SQL','',NULL,'2.0.2'),('Ticket-14097-006','rbarrett','db/db.changelog-Ticket-14097.xml','2021-06-03 16:31:25',2448,'EXECUTED','3:ecfa15439977c6bc7abfd0495d41715c','Custom SQL','',NULL,'2.0.2'),('Ticket-14097-007','rbarrett','db/db.changelog-Ticket-14097.xml','2021-06-03 16:31:25',2449,'EXECUTED','3:242949ab9c1b1ad0ca7136f1b4cfc757','Custom SQL','',NULL,'2.0.2'),('Ticket-14100-001','qvanegeren','db/db.changelog-Ticket-14100.xml','2021-06-03 16:31:23',2398,'EXECUTED','3:315f3884f3479be0811c1a3132dfaa2a','Custom SQL','',NULL,'2.0.2'),('Ticket-14152-001','cingram','db/db.changelog-Ticket-14152.xml','2021-06-03 16:31:25',2451,'EXECUTED','3:97facea82c1447966aecb8933015e968','Custom SQL','',NULL,'2.0.2'),('Ticket-14153-001','cingram','db/db.changelog-Ticket-14153.xml','2021-06-03 16:31:25',2453,'EXECUTED','3:09183b8257e4ffa85ebcc1b3ede0c026','Custom SQL','',NULL,'2.0.2'),('Ticket-14153-002','cingram','db/db.changelog-Ticket-14153.xml','2021-06-03 16:31:25',2454,'EXECUTED','3:b230067fc005e1802170422c81109a30','Custom SQL','',NULL,'2.0.2'),('Ticket-14153-003','cingram','db/db.changelog-Ticket-14153.xml','2021-06-03 16:31:25',2455,'EXECUTED','3:83977e5471e93211af22cf00ce26340c','Custom SQL','',NULL,'2.0.2'),('Ticket-14153-004','cingram','db/db.changelog-Ticket-14153.xml','2021-06-03 16:31:25',2456,'EXECUTED','3:a1bbce5d0aecbad228fb438e73691058','Custom SQL','',NULL,'2.0.2'),('Ticket-14155-001','cingram','db/db.changelog-Ticket-14155.xml','2021-06-03 16:31:25',2457,'EXECUTED','3:bd8dfea0d330004143d0b43f4f991866','Custom SQL','',NULL,'2.0.2'),('Ticket-14197-001','gsmith','db/db.changelog-Ticket-14197.xml','2021-06-03 16:31:25',2458,'EXECUTED','3:27bff0cae0bc298cfcec351e22174090','Custom SQL','',NULL,'2.0.2'),('Ticket-14197-2','gsmith','db/db.changelog-Ticket-14197-2.xml','2021-06-03 16:31:25',2459,'EXECUTED','3:5b8d85bd228a45367c4deccfddee3269','Custom SQL','',NULL,'2.0.2'),('Ticket-14197-4','gsmith','db/db.changelog-Ticket-14197-3.xml','2021-06-03 16:31:26',2483,'EXECUTED','3:83a356d390d65c89846da11479ffc96a','Custom SQL','',NULL,'2.0.2'),('Ticket-14274-1','gsmith','db/db.changelog-Ticket-14274.xml','2021-06-03 16:31:26',2475,'EXECUTED','3:1e207b865e3f6d4315222841a69a2bce','Insert Row','',NULL,'2.0.2'),('Ticket-14274-2','gsmith','db/db.changelog-Ticket-14274.xml','2021-06-03 16:31:26',2476,'EXECUTED','3:68e4f873a6a23738ec83dcbb86608f6b','Custom SQL','',NULL,'2.0.2'),('Ticket-14410-001','qvanegeren','db/db.changelog-Ticket-14410.xml','2021-06-03 16:31:24',2411,'EXECUTED','3:f7059a3685147cb8bedaaff936f6c8db','Custom SQL','',NULL,'2.0.2'),('Ticket-14779-001','rbarrett','db/db.changelog-Ticket-14779.xml','2021-06-03 16:31:25',2464,'EXECUTED','3:f1b9c04fdd4368eff2291ba3d5d51be7','Custom SQL','',NULL,'2.0.2'),('Ticket-14997-001','cingram','db/db.changelog-Ticket-14997.xml','2021-06-03 16:31:25',2460,'EXECUTED','3:8e53d8c9e6d07c24503337749c58fc9b','Custom SQL','',NULL,'2.0.2'),('Ticket-15106-001','cingram','db/db.changelog-Ticket-15106.xml','2021-06-03 16:31:25',2461,'EXECUTED','3:64a810e4c9831743a3d48924c894bd46','Custom SQL','',NULL,'2.0.2'),('Ticket-15181-001','khundley','db/db.changelog-Ticket-15181.xml','2021-06-03 16:31:26',2472,'EXECUTED','3:6de043587e4ef6b85f572cc13c94fd85','Custom SQL (x2)','',NULL,'2.0.2'),('Ticket-15268-001','rbarrett','db/db.changelog-Ticket-15268.xml','2021-06-03 16:31:24',2413,'EXECUTED','3:9dd3711c4ce754e6a54a010e9e957858','Custom SQL','',NULL,'2.0.2'),('Ticket-15492-001','rbarrett','db/db.changelog-Ticket-15492.xml','2021-06-03 16:31:26',2471,'EXECUTED','3:0f2ce5eca6f84f899172019b51e6a0e2','Custom SQL','',NULL,'2.0.2'),('Ticket-15555-001','ctandy','db/db.changelog-Ticket-15555.xml','2021-06-03 16:31:26',2474,'EXECUTED','3:6a5b3beee51931b6f634bdde01f8def6','Custom SQL','',NULL,'2.0.2'),('Ticket-15617-001','gsmith','db/db.changelog-Ticket-15617.xml','2021-06-03 16:31:26',2473,'EXECUTED','3:4011655a725c66301a591fcf126437be','Custom SQL','',NULL,'2.0.2'),('Ticket-15948-001','cingram','db/db.changelog-Ticket-15948.xml','2021-06-03 16:31:26',2478,'EXECUTED','3:49276183915b64806d5a65b2058dc085','Custom SQL','',NULL,'2.0.2'),('Ticket-15948-002','cingram','db/db.changelog-Ticket-15948.xml','2021-06-03 16:31:26',2479,'EXECUTED','3:8f293cfeaf1a5043356b39603148607d','Custom SQL','',NULL,'2.0.2'),('Ticket-15948-003','cingram','db/db.changelog-Ticket-15948.xml','2021-06-03 16:31:26',2480,'EXECUTED','3:711643a2e36086aadd2e916b59a85ecc','Custom SQL','',NULL,'2.0.2'),('Ticket-15950-001','cingram','db/db.changelog-Ticket-15950.xml','2021-06-03 16:31:26',2481,'EXECUTED','3:db0b20522de95d0565d547cb369fc2a6','Custom SQL','',NULL,'2.0.2'),('Ticket-15950-002','cingram','db/db.changelog-Ticket-15950.xml','2021-06-03 16:31:26',2482,'EXECUTED','3:91b1ccdf802d8f54200a0db2c70ac20e','Custom SQL','',NULL,'2.0.2'),('Ticket-17141-001','gsmith','db/db.changelog-Ticket-17141.xml','2021-06-03 16:31:26',2491,'EXECUTED','3:2f486c9fa18794d17508ed3042e8686d','Custom SQL','',NULL,'2.0.2'),('Ticket-17141-002','gsmith','db/db.changelog-Ticket-17141.xml','2021-06-03 16:31:26',2492,'EXECUTED','3:3e8a8f1e4c995288f8b7e5b34771064c','Custom SQL','',NULL,'2.0.2'),('Ticket-17555-001','khundley','db/db.changelog-Ticket-17555.xml','2021-06-03 16:31:26',2494,'EXECUTED','3:d279c845e02b965e5fd0b635ccd96b4d','Insert Row','',NULL,'2.0.2'),('Ticket-17555-002','khundley','db/db.changelog-Ticket-17555.xml','2021-06-03 16:31:26',2495,'EXECUTED','3:f5974234ec3ed595956a660cda1fa287','Update Data','',NULL,'2.0.2'),('Ticket-17555-003','khundley','db/db.changelog-Ticket-17555.xml','2021-06-03 16:31:26',2496,'EXECUTED','3:6bf8813fbeff3101706226124ff25cb6','Update Data (x3)','',NULL,'2.0.2'),('Ticket-17555-004','khundley','db/db.changelog-Ticket-17555.xml','2021-06-03 16:31:26',2497,'EXECUTED','3:717d16261a7fd52c4f5eac6a8e586eaf','Update Data','',NULL,'2.0.2'),('Ticket-17647-001','gsmith','db/db.changelog-Ticket-17647.xml','2021-06-03 16:31:26',2498,'EXECUTED','3:afb133049e51a5b79b208ef47d4f7a06','Custom SQL','',NULL,'2.0.2'),('Ticket-17659','gsmith','db/db.changelog-Ticket-17659.xml','2021-06-03 16:31:26',2485,'EXECUTED','3:162533d143736b76bd82a768d3bbe4b9','Custom SQL','',NULL,'2.0.2'),('Ticket-19117','gsmith','db/db.changelog-Ticket-19117.xml','2021-06-03 16:31:07',2379,'EXECUTED','3:8b269c85a155b8366d7d70832e0efbe0','Custom SQL','',NULL,'2.0.2'),('Ticket-5565-001','qvanegeren','db/db.changelog-Ticket-5565.xml','2021-06-03 16:31:25',2450,'EXECUTED','3:b7c27cd0f3559d5f5c1a294089522269','Custom SQL','',NULL,'2.0.2'),('Ticket-649-001','gsmith','db/db.changelog-Ticket-649.xml','2021-06-03 16:31:24',2430,'EXECUTED','3:4a35a3644d8a1ba33fe806938479dee6','Custom SQL','',NULL,'2.0.2'),('Ticket-8677-001','cingram','db/db.changelog-Ticket-8677.xml','2021-06-03 16:31:23',2400,'EXECUTED','3:0b1ec37efbb555aef1952fd22b63c0e0','Custom SQL','',NULL,'2.0.2'),('Ticket-8677-002','cingram','db/db.changelog-Ticket-8677.xml','2021-06-03 16:31:23',2401,'EXECUTED','3:83b5988b3d61f3476ffc4f97238a151a','Custom SQL','',NULL,'2.0.2'),('Ticket-8677-003','cingram','db/db.changelog-Ticket-8677.xml','2021-06-03 16:31:23',2402,'EXECUTED','3:ffc247d2bbcbc8e891b22dc8abe999ad','Custom SQL','',NULL,'2.0.2'),('Ticket-8677-004','cingram','db/db.changelog-Ticket-8677.xml','2021-06-03 16:31:23',2403,'EXECUTED','3:9045c70bd9d04b528bf97f9c1ee7305e','Custom SQL','',NULL,'2.0.2'),('Ticket-8677-005','cingram','db/db.changelog-Ticket-8677.xml','2021-06-03 16:31:23',2404,'EXECUTED','3:1be89ce55139175242a0f550d7a5eac4','Custom SQL','',NULL,'2.0.2'),('Ticket-8677-006','cingram','db/db.changelog-Ticket-8677.xml','2021-06-03 16:31:23',2405,'EXECUTED','3:be3e50d7dadd2383aa2544f47ce1d9a3','Custom SQL','',NULL,'2.0.2'),('Ticket-8677-007','cingram','db/db.changelog-Ticket-8677.xml','2021-06-03 16:31:23',2406,'EXECUTED','3:0fe7e29bfb7cb014f81b1422ddc3de83','Custom SQL','',NULL,'2.0.2'),('Ticket-8677-008','cingram','db/db.changelog-Ticket-8677.xml','2021-06-03 16:31:24',2407,'EXECUTED','3:f2ca9f494bace12218658fe19b660bef','Custom SQL','',NULL,'2.0.2'),('Ticket-8677-009','cingram','db/db.changelog-Ticket-8677.xml','2021-06-03 16:31:24',2408,'EXECUTED','3:2c605139e589e701c06112150ecbbd51','Custom SQL','',NULL,'2.0.2'),('Ticket-8722','gsmith','db/db.changelog-Ticket-8722.xml','2021-06-03 16:31:06',2370,'EXECUTED','3:ee006f410cbef87551cd3ecb541cb3c9','Custom SQL','',NULL,'2.0.2'),('Ticket-8722-002','gsmith','db/db.changelog-Ticket-8722.xml','2021-06-03 16:31:07',2371,'EXECUTED','3:d73b5cce7274ba66bac3a445d615c429','Custom SQL','',NULL,'2.0.2'),('verif-batch-1','qvanegeren','db/db.changelog-2013-05-Release.xml','2021-06-03 16:02:25',175,'EXECUTED','3:d8ebbed979c734ebef191092071aa68d','Create Table, Add Foreign Key Constraint (x3), Create Table, Add Foreign Key Constraint (x2)','',NULL,'2.0.2'),('verif-batch-10','qvanegeren','db/db.changelog-2013-05-Release.xml','2021-06-03 16:02:27',184,'EXECUTED','3:890044fe46eadd3dfbd0f557b8ccdc6a','Add Column, Add Foreign Key Constraint (x2)','',NULL,'2.0.2'),('verif-batch-11','qvanegeren','db/db.changelog-2013-05-Release.xml','2021-06-03 16:02:27',185,'EXECUTED','3:b48302185a3ce25acca1832c22166214','Add Column, Add Foreign Key Constraint (x2)','',NULL,'2.0.2'),('verif-batch-12','qvanegeren','db/db.changelog-2013-05-Release.xml','2021-06-03 16:02:28',186,'EXECUTED','3:ceef18ad1462eb6b7ec9f0e70c634a53','Add Column, Add Foreign Key Constraint (x2)','',NULL,'2.0.2'),('verif-batch-13','qvanegeren','db/db.changelog-2013-05-Release.xml','2021-06-03 16:02:28',187,'EXECUTED','3:57606b72b5b5c3bfbdaf01ab774d1586','Add Column, Add Foreign Key Constraint (x2)','',NULL,'2.0.2'),('verif-batch-14','qvanegeren','db/db.changelog-2013-05-Release.xml','2021-06-03 16:02:29',188,'EXECUTED','3:ecb0383fc7bfc8a6de902718925e0d5f','Add Column, Add Foreign Key Constraint (x2)','',NULL,'2.0.2'),('verif-batch-15','qvanegeren','db/db.changelog-2013-05-Release.xml','2021-06-03 16:02:29',189,'EXECUTED','3:bd56d6adbce3247968cbaa7f64b829ac','Add Column, Add Foreign Key Constraint (x2)','',NULL,'2.0.2'),('verif-batch-16','qvanegeren','db/db.changelog-2013-05-Release.xml','2021-06-03 16:02:30',190,'EXECUTED','3:0a90f27456b8235a13ffac77ac7abf96','Add Column, Add Foreign Key Constraint (x2)','',NULL,'2.0.2'),('verif-batch-17','qvanegeren','db/db.changelog-2013-05-Release.xml','2021-06-03 16:02:30',191,'EXECUTED','3:06ead62ac28e30c26ecdf53feb718ba9','Add Column, Add Foreign Key Constraint (x2)','',NULL,'2.0.2'),('verif-batch-18','qvanegeren','db/db.changelog-2013-05-Release.xml','2021-06-03 16:02:30',192,'EXECUTED','3:2eb87edfa727632c3aec795634e11395','Add Column, Add Foreign Key Constraint (x2)','',NULL,'2.0.2'),('verif-batch-19','qvanegeren','db/db.changelog-2013-05-Release.xml','2021-06-03 16:02:30',193,'EXECUTED','3:b01a6c8b146f2c10628ea84d78aa383c','Add Column, Add Foreign Key Constraint (x2)','',NULL,'2.0.2'),('verif-batch-2','qvanegeren','db/db.changelog-2013-05-Release.xml','2021-06-03 16:02:25',176,'EXECUTED','3:b7397ff73ff6629ae84dbd7cc98fa4f9','Create Table','',NULL,'2.0.2'),('verif-batch-20','qvanegeren','db/db.changelog-2013-05-Release.xml','2021-06-03 16:02:31',194,'EXECUTED','3:bad4bd72b47afc9644f816f0db23d4f8','Add Column, Add Foreign Key Constraint (x2)','',NULL,'2.0.2'),('verif-batch-21','qvanegeren','db/db.changelog-2013-05-Release.xml','2021-06-03 16:02:31',195,'EXECUTED','3:62f333b08589c686a530106e6ad66ce5','Add Column, Add Foreign Key Constraint (x2)','',NULL,'2.0.2'),('verif-batch-22','qvanegeren','db/db.changelog-2013-05-Release.xml','2021-06-03 16:02:31',196,'EXECUTED','3:43a013a35570361c9be7940244ee5a04','Add Column','',NULL,'2.0.2'),('verif-batch-23','qvanegeren','db/db.changelog-2013-05-Release.xml','2021-06-03 16:02:32',197,'EXECUTED','3:4801ebfdb38ffb618bbda03b51589447','Add Column, Add Foreign Key Constraint (x2)','',NULL,'2.0.2'),('verif-batch-24','qvanegeren','db/db.changelog-2013-05-Release.xml','2021-06-03 16:02:32',198,'EXECUTED','3:2031544222e3696e1b6ade7bcb051d09','Add Column, Add Foreign Key Constraint (x2)','',NULL,'2.0.2'),('verif-batch-25','qvanegeren','db/db.changelog-2013-05-Release.xml','2021-06-03 16:02:32',199,'EXECUTED','3:ec08e589ffe4de44dcac54054b2726db','Add Column, Add Foreign Key Constraint (x2)','',NULL,'2.0.2'),('verif-batch-3','qvanegeren','db/db.changelog-2013-05-Release.xml','2021-06-03 16:02:25',177,'EXECUTED','3:b969eeffc770cffafc99100143a301f7','Add Foreign Key Constraint (x2)','',NULL,'2.0.2'),('verif-batch-4','qvanegeren','db/db.changelog-2013-05-Release.xml','2021-06-03 16:02:25',178,'EXECUTED','3:23871acbcd75965fe6f8b3a0fef8916c','Add Column, Add Foreign Key Constraint (x2)','',NULL,'2.0.2'),('verif-batch-5','qvanegeren','db/db.changelog-2013-05-Release.xml','2021-06-03 16:02:25',179,'EXECUTED','3:f3eb623e1fe047987b2eab96ba0dfcfe','Add Column, Add Foreign Key Constraint (x2)','',NULL,'2.0.2'),('verif-batch-6','qvanegeren','db/db.changelog-2013-05-Release.xml','2021-06-03 16:02:26',180,'EXECUTED','3:331cd0a8013f3ccaf264254ffd4e6201','Add Column, Add Foreign Key Constraint (x2)','',NULL,'2.0.2'),('verif-batch-7','qvanegeren','db/db.changelog-2013-05-Release.xml','2021-06-03 16:02:26',181,'EXECUTED','3:6a19eef57e17b7eca175dec4fc357d11','Add Column, Add Foreign Key Constraint (x2)','',NULL,'2.0.2'),('verif-batch-8','qvanegeren','db/db.changelog-2013-05-Release.xml','2021-06-03 16:02:26',182,'EXECUTED','3:f5a0bb28999d40d6c84d488001043e8c','Add Column, Add Foreign Key Constraint (x2)','',NULL,'2.0.2'),('verif-batch-9','qvanegeren','db/db.changelog-2013-05-Release.xml','2021-06-03 16:02:26',183,'EXECUTED','3:de460f4bc16cfc2ef3ea11967465bbac','Add Column, Add Foreign Key Constraint (x2)','',NULL,'2.0.2'),('verification-data-6','khundley','db/db.changelog-2013-05-Release.xml','2021-06-03 16:02:34',200,'EXECUTED','3:e71ca533b2553a0b099dc67cf3374161','Add Column','',NULL,'2.0.2'),('verification-data-7','khundley','db/db.changelog-2013-05-Release.xml','2021-06-03 16:02:34',201,'EXECUTED','3:167934dce58eab68bb163ae4ff751629','Add Column','',NULL,'2.0.2'),('verification-update-1','khundley','db/db.changelog-2013-06-Release.xml','2021-06-03 16:02:38',235,'EXECUTED','3:214ceca9fb6e8384547ff3e8fed26293','Add Column','',NULL,'2.0.2'),('verification-update-10','khundley','db/db.changelog-2013-06-Release.xml','2021-06-03 16:02:40',260,'EXECUTED','3:9ac32fae939b0972c34b6d97aa76ae7a','Add Column, Custom SQL','',NULL,'2.0.2'),('verification-update-11','khundley','db/db.changelog-2013-06-Release.xml','2021-06-03 16:02:40',261,'EXECUTED','3:dd6eb5788d3e2119d0e79a26827c6e6f','Custom SQL','',NULL,'2.0.2'),('verification-update-12','khundley','db/db.changelog-2013-06-Release.xml','2021-06-03 16:02:40',262,'EXECUTED','3:5c14cc5e9dfa7f9c2b8bfbdec7738941','Add Column, Update Data (x5)','',NULL,'2.0.2'),('verification-update-2','khundley','db/db.changelog-2013-06-Release.xml','2021-06-03 16:02:38',236,'EXECUTED','3:117cb290cecc43dc9b4c198c0b4a1955','Update Data (x2), Insert Row','',NULL,'2.0.2'),('verification-update-3','khundley','db/db.changelog-2013-06-Release.xml','2021-06-03 16:02:38',237,'EXECUTED','3:2ef625b24e85bf822c82ea90652019a8','Modify data type (x2)','',NULL,'2.0.2'),('verification-update-4','khundley','db/db.changelog-2013-06-Release.xml','2021-06-03 16:02:38',241,'EXECUTED','3:60d64fa27dd9d66369d451bee5dd36d1','Insert Row (x2), Custom SQL','',NULL,'2.0.2'),('verification-update-5','khundley','db/db.changelog-2013-06-Release.xml','2021-06-03 16:02:38',242,'EXECUTED','3:641e57308fac421b8a8f22b71418f5d6','Add Column','',NULL,'2.0.2'),('verification-update-6','khundley','db/db.changelog-2013-06-Release.xml','2021-06-03 16:02:39',243,'EXECUTED','3:0c9d6c8d80e28cd2746641a1c9eb28ac','Add Column, Rename Column, Add Foreign Key Constraint (x3)','',NULL,'2.0.2'),('verification-update-7','khundley','db/db.changelog-2013-06-Release.xml','2021-06-03 16:02:39',245,'EXECUTED','3:c8f65caee4d69466189cf3b00aebefae','Add Column, Add Foreign Key Constraint','',NULL,'2.0.2'),('verification-update-8','khundley','db/db.changelog-2013-06-Release.xml','2021-06-03 16:02:39',246,'EXECUTED','3:055a659654217672c74a76df9d60bb6e','Drop Column','',NULL,'2.0.2'),('verification-update-9','khundley','db/db.changelog-2013-06-Release.xml','2021-06-03 16:02:39',247,'EXECUTED','3:d2529552411b434e7d1dfbf58e5793f4','Insert Row (x2), Custom SQL','',NULL,'2.0.2');
/*!40000 ALTER TABLE `DATABASECHANGELOG` ENABLE KEYS */;
UNLOCK TABLES;

--
-- Table structure for table `DATABASECHANGELOGLOCK`
--

DROP TABLE IF EXISTS `DATABASECHANGELOGLOCK`;
/*!40101 SET @saved_cs_client     = @@character_set_client */;
/*!40101 SET character_set_client = utf8 */;
CREATE TABLE `DATABASECHANGELOGLOCK` (
  `ID` int(11) NOT NULL,
  `LOCKED` tinyint(1) NOT NULL,
  `LOCKGRANTED` datetime DEFAULT NULL,
  `LOCKEDBY` varchar(255) DEFAULT NULL,
  PRIMARY KEY (`ID`)
) ENGINE=InnoDB DEFAULT CHARSET=latin1;
/*!40101 SET character_set_client = @saved_cs_client */;

--
-- Dumping data for table `DATABASECHANGELOGLOCK`
--

LOCK TABLES `DATABASECHANGELOGLOCK` WRITE;
/*!40000 ALTER TABLE `DATABASECHANGELOGLOCK` DISABLE KEYS */;
INSERT INTO `DATABASECHANGELOGLOCK` VALUES (1,0,NULL,NULL);
/*!40000 ALTER TABLE `DATABASECHANGELOGLOCK` ENABLE KEYS */;
UNLOCK TABLES;

--
-- Table structure for table `SPRING_SESSION`
--

DROP TABLE IF EXISTS `SPRING_SESSION`;
/*!40101 SET @saved_cs_client     = @@character_set_client */;
/*!40101 SET character_set_client = utf8 */;
CREATE TABLE `SPRING_SESSION` (
  `PRIMARY_ID` char(36) NOT NULL,
  `SESSION_ID` char(36) NOT NULL,
  `CREATION_TIME` bigint(20) NOT NULL,
  `LAST_ACCESS_TIME` bigint(20) NOT NULL,
  `MAX_INACTIVE_INTERVAL` int(11) NOT NULL,
  `EXPIRY_TIME` bigint(20) NOT NULL,
  `PRINCIPAL_NAME` varchar(100) DEFAULT NULL,
  PRIMARY KEY (`PRIMARY_ID`),
  UNIQUE KEY `SPRING_SESSION_IX1` (`SESSION_ID`),
  KEY `SPRING_SESSION_IX2` (`EXPIRY_TIME`),
  KEY `SPRING_SESSION_IX3` (`PRINCIPAL_NAME`)
) ENGINE=InnoDB DEFAULT CHARSET=latin1 ROW_FORMAT=DYNAMIC;
/*!40101 SET character_set_client = @saved_cs_client */;

--
-- Dumping data for table `SPRING_SESSION`
--

LOCK TABLES `SPRING_SESSION` WRITE;
/*!40000 ALTER TABLE `SPRING_SESSION` DISABLE KEYS */;
INSERT INTO `SPRING_SESSION` VALUES ('68c3d16d-fad1-4263-88ff-7a466631f052','e23e8bd4-6265-4039-91a9-d1b41c3ce492',1623249513209,1623249513209,1800,1623251313209,NULL),('d5d413d8-6ff8-4e61-9eaa-2a72495ecf82','4accc364-27b3-48ac-ba58-9f49e836f084',1623249514572,1623249515118,1800,1623251315118,NULL);
/*!40000 ALTER TABLE `SPRING_SESSION` ENABLE KEYS */;
UNLOCK TABLES;

--
-- Table structure for table `SPRING_SESSION_ATTRIBUTES`
--

DROP TABLE IF EXISTS `SPRING_SESSION_ATTRIBUTES`;
/*!40101 SET @saved_cs_client     = @@character_set_client */;
/*!40101 SET character_set_client = utf8 */;
CREATE TABLE `SPRING_SESSION_ATTRIBUTES` (
  `SESSION_PRIMARY_ID` char(36) NOT NULL,
  `ATTRIBUTE_NAME` varchar(200) NOT NULL,
  `ATTRIBUTE_BYTES` longblob NOT NULL,
  PRIMARY KEY (`SESSION_PRIMARY_ID`,`ATTRIBUTE_NAME`),
  CONSTRAINT `SPRING_SESSION_ATTRIBUTES_FK` FOREIGN KEY (`SESSION_PRIMARY_ID`) REFERENCES `SPRING_SESSION` (`PRIMARY_ID`) ON DELETE CASCADE
) ENGINE=InnoDB DEFAULT CHARSET=latin1 ROW_FORMAT=DYNAMIC;
/*!40101 SET character_set_client = @saved_cs_client */;

--
-- Dumping data for table `SPRING_SESSION_ATTRIBUTES`
--

LOCK TABLES `SPRING_SESSION_ATTRIBUTES` WRITE;
/*!40000 ALTER TABLE `SPRING_SESSION_ATTRIBUTES` DISABLE KEYS */;
INSERT INTO `SPRING_SESSION_ATTRIBUTES` VALUES ('68c3d16d-fad1-4263-88ff-7a466631f052','browserName',_binary '\\0t\0UNKNOWN'),('68c3d16d-fad1-4263-88ff-7a466631f052','javax.servlet.jsp.jstl.fmt.request.charset',_binary '\\0t\0UTF-8'),('68c3d16d-fad1-4263-88ff-7a466631f052','org.springframework.security.web.csrf.HttpSessionCsrfTokenRepository.CSRF_TOKEN',_binary '\\0sr\06org.springframework.security.web.csrf.DefaultCsrfTokenZ\\/\\0L\0\nheaderNamet\0Ljava/lang/String;L\0\rparameterNameq\0~\0L\0tokenq\0~\0xpt\0X-CSRF-TOKENt\0_csrft\0$b326086e-a64d-42fe-9be2-13ee880db541'),('d5d413d8-6ff8-4e61-9eaa-2a72495ecf82','browserName',_binary '\\0t\0CHROME9'),('d5d413d8-6ff8-4e61-9eaa-2a72495ecf82','javax.servlet.jsp.jstl.fmt.request.charset',_binary '\\0t\0UTF-8'),('d5d413d8-6ff8-4e61-9eaa-2a72495ecf82','org.springframework.security.web.csrf.HttpSessionCsrfTokenRepository.CSRF_TOKEN',_binary '\\0sr\06org.springframework.security.web.csrf.DefaultCsrfTokenZ\\/\\0L\0\nheaderNamet\0Ljava/lang/String;L\0\rparameterNameq\0~\0L\0tokenq\0~\0xpt\0X-CSRF-TOKENt\0_csrft\0$28dd86bc-68b3-47ac-b1c7-dfca397a2dfd');
/*!40000 ALTER TABLE `SPRING_SESSION_ATTRIBUTES` ENABLE KEYS */;
UNLOCK TABLES;

--
-- Table structure for table `access_tokens`
--

DROP TABLE IF EXISTS `access_tokens`;
/*!40101 SET @saved_cs_client     = @@character_set_client */;
/*!40101 SET character_set_client = utf8 */;
CREATE TABLE `access_tokens` (
  `id` int(10) unsigned NOT NULL AUTO_INCREMENT,
  `user_id` int(10) unsigned DEFAULT NULL,
  `token` varchar(1024) DEFAULT NULL,
  `auth_scopes` varchar(50) NOT NULL,
  `expiration_time` datetime DEFAULT NULL,
  `date_created` datetime NOT NULL,
  `date_updated` datetime DEFAULT NULL,
  `account_id` int(10) unsigned DEFAULT NULL,
  PRIMARY KEY (`id`),
  KEY `idx_access_tokens_user_id` (`user_id`),
  KEY `idx_token` (`token`),
  KEY `idx_auth_scopes` (`auth_scopes`)
) ENGINE=InnoDB AUTO_INCREMENT=2 DEFAULT CHARSET=latin1;
/*!40101 SET character_set_client = @saved_cs_client */;

--
-- Dumping data for table `access_tokens`
--

LOCK TABLES `access_tokens` WRITE;
/*!40000 ALTER TABLE `access_tokens` DISABLE KEYS */;
INSERT INTO `access_tokens` VALUES (1,NULL,'1b98b21a-b24e-11e1-8140-4a3c4dd02b67','PublicMobileClient',NULL,'2012-06-27 14:39:33','2012-06-27 14:39:33',NULL);
/*!40000 ALTER TABLE `access_tokens` ENABLE KEYS */;
UNLOCK TABLES;

--
-- Table structure for table `account`
--

DROP TABLE IF EXISTS `account`;
/*!40101 SET @saved_cs_client     = @@character_set_client */;
/*!40101 SET character_set_client = utf8 */;
CREATE TABLE `account` (
  `id` int(10) unsigned NOT NULL AUTO_INCREMENT,
  `name` varchar(100) DEFAULT NULL,
  `facility` varchar(45) NOT NULL,
  `creation_date` datetime DEFAULT NULL,
  `label_width` float DEFAULT NULL,
  `label_height` float DEFAULT NULL,
  `margin_left` float DEFAULT NULL,
  `margin_right` float DEFAULT NULL,
  `margin_top` float DEFAULT NULL,
  `margin_bottom` float DEFAULT NULL,
  `font` int(11) DEFAULT NULL,
  `font_size` int(11) DEFAULT NULL,
  `font_style` int(11) DEFAULT NULL,
  `active` bit(1) NOT NULL DEFAULT b'1',
  `timeout_minutes` int(10) unsigned DEFAULT NULL,
  `last_updated_by` int(10) unsigned DEFAULT NULL,
  `last_updated_time` datetime DEFAULT NULL,
  `created_by` int(10) unsigned DEFAULT NULL,
  `created_time` datetime DEFAULT NULL,
  `timezone` varchar(64) DEFAULT NULL,
  `batch_lot_number` int(11) DEFAULT NULL,
  `demo_mode` bit(1) NOT NULL DEFAULT b'0',
  `allow_duplicate_ndc_mapping` bit(1) NOT NULL DEFAULT b'0',
  `api_url` varchar(255) DEFAULT NULL,
  `medboard_compatibility` bit(1) NOT NULL DEFAULT b'0',
  `manual_entry_flag_text` varchar(100) DEFAULT NULL,
  `network_id` int(11) DEFAULT NULL,
  `external_identifier` varchar(25) DEFAULT NULL,
  `central_formulary` bit(1) NOT NULL DEFAULT b'0',
  `dirty` bit(1) NOT NULL DEFAULT b'0',
  `use_new_scheduler` bit(1) NOT NULL DEFAULT b'0',
  `destination_changed_lookback_minutes` int(10) unsigned DEFAULT NULL,
  `can_exclude_activity_definitions_from_reports` bit(1) NOT NULL DEFAULT b'0',
  `enable_swisslog_fl` bit(1) DEFAULT b'0',
  `current_recipe_number` int(10) unsigned DEFAULT NULL,
  `ftp_url` varchar(100) DEFAULT NULL,
  `ftp_username` varchar(100) DEFAULT NULL,
  `ftp_password` varchar(100) DEFAULT NULL,
  `custom_forgot_password` longtext,
  `barcodes_invalid_ndc_message` longtext,
  `unprocessed_message_threshold` int(10) unsigned DEFAULT '100',
  `idp_id` varchar(64) DEFAULT NULL,
  `hl7_host_ip` varchar(128) DEFAULT NULL,
  `use_old_indictionary_mechanism_on_compound_save_fl` bit(1) DEFAULT b'0',
  `always_display_item_dictionary_name_on_match` bit(1) DEFAULT b'0',
  `address` varchar(500) DEFAULT '',
  `training_definition_version_id` int(10) unsigned DEFAULT NULL,
  `current_serialized_batch_sequence` int(10) unsigned DEFAULT '1',
  PRIMARY KEY (`id`),
  KEY `fk_account_lastUpdatedby` (`last_updated_by`),
  KEY `fk_account_createdby` (`created_by`),
  KEY `idx_account_facility` (`facility`),
  CONSTRAINT `fk_account_createdby` FOREIGN KEY (`created_by`) REFERENCES `users` (`id`),
  CONSTRAINT `fk_account_lastUpdatedby` FOREIGN KEY (`last_updated_by`) REFERENCES `users` (`id`)
) ENGINE=InnoDB AUTO_INCREMENT=3 DEFAULT CHARSET=latin1;
/*!40101 SET character_set_client = @saved_cs_client */;

--
-- Dumping data for table `account`
--

LOCK TABLES `account` WRITE;
/*!40000 ALTER TABLE `account` DISABLE KEYS */;
INSERT INTO `account` VALUES (1,'MedKeeper System Account','System','2012-03-26 22:01:05',NULL,NULL,NULL,NULL,NULL,NULL,NULL,NULL,NULL,_binary '',NULL,NULL,NULL,NULL,NULL,NULL,NULL,_binary '\0',_binary '\0',NULL,_binary '\0',NULL,NULL,NULL,_binary '\0',_binary '\0',_binary '\0',60,_binary '\0',_binary '\0',0,NULL,NULL,NULL,NULL,NULL,100,NULL,NULL,_binary '\0',_binary '\0','',NULL,1),(2,'MedKeeper Demo Account','Medkeeper','2012-03-26 22:01:05',NULL,NULL,NULL,NULL,NULL,NULL,NULL,NULL,NULL,_binary '',NULL,NULL,NULL,NULL,NULL,NULL,NULL,_binary '\0',_binary '\0',NULL,_binary '\0',NULL,NULL,NULL,_binary '\0',_binary '\0',_binary '\0',60,_binary '\0',_binary '\0',0,NULL,NULL,NULL,NULL,NULL,100,NULL,NULL,_binary '\0',_binary '\0','',NULL,1);
/*!40000 ALTER TABLE `account` ENABLE KEYS */;
UNLOCK TABLES;

--
-- Table structure for table `account_account_preference_detail`
--

DROP TABLE IF EXISTS `account_account_preference_detail`;
/*!40101 SET @saved_cs_client     = @@character_set_client */;
/*!40101 SET character_set_client = utf8 */;
CREATE TABLE `account_account_preference_detail` (
  `account_id` int(10) unsigned NOT NULL,
  `account_preference_detail_id` int(10) unsigned NOT NULL
) ENGINE=InnoDB DEFAULT CHARSET=latin1;
/*!40101 SET character_set_client = @saved_cs_client */;

--
-- Dumping data for table `account_account_preference_detail`
--

LOCK TABLES `account_account_preference_detail` WRITE;
/*!40000 ALTER TABLE `account_account_preference_detail` DISABLE KEYS */;
INSERT INTO `account_account_preference_detail` VALUES (1,1),(1,2),(1,3),(2,4),(2,5),(2,6);
/*!40000 ALTER TABLE `account_account_preference_detail` ENABLE KEYS */;
UNLOCK TABLES;

--
-- Table structure for table `account_barcode`
--

DROP TABLE IF EXISTS `account_barcode`;
/*!40101 SET @saved_cs_client     = @@character_set_client */;
/*!40101 SET character_set_client = utf8 */;
CREATE TABLE `account_barcode` (
  `account_id` int(10) unsigned DEFAULT NULL,
  `barcode_id` int(10) unsigned DEFAULT NULL,
  KEY `idx_account_id` (`account_id`)
) ENGINE=InnoDB DEFAULT CHARSET=latin1;
/*!40101 SET character_set_client = @saved_cs_client */;

--
-- Dumping data for table `account_barcode`
--

LOCK TABLES `account_barcode` WRITE;
/*!40000 ALTER TABLE `account_barcode` DISABLE KEYS */;
INSERT INTO `account_barcode` VALUES (1,11),(2,11);
/*!40000 ALTER TABLE `account_barcode` ENABLE KEYS */;
UNLOCK TABLES;

--
-- Table structure for table `account_camera_widget_option`
--

DROP TABLE IF EXISTS `account_camera_widget_option`;
/*!40101 SET @saved_cs_client     = @@character_set_client */;
/*!40101 SET character_set_client = utf8 */;
CREATE TABLE `account_camera_widget_option` (
  `id` int(10) unsigned NOT NULL AUTO_INCREMENT,
  `account_id` int(10) unsigned NOT NULL,
  `widget_id` int(10) unsigned NOT NULL,
  `sort_order` int(11) DEFAULT NULL,
  PRIMARY KEY (`id`),
  KEY `idx_account_camera_widget_option_account_id` (`account_id`)
) ENGINE=InnoDB DEFAULT CHARSET=latin1;
/*!40101 SET character_set_client = @saved_cs_client */;

--
-- Dumping data for table `account_camera_widget_option`
--

LOCK TABLES `account_camera_widget_option` WRITE;
/*!40000 ALTER TABLE `account_camera_widget_option` DISABLE KEYS */;
/*!40000 ALTER TABLE `account_camera_widget_option` ENABLE KEYS */;
UNLOCK TABLES;

--
-- Table structure for table `account_central_recipe`
--

DROP TABLE IF EXISTS `account_central_recipe`;
/*!40101 SET @saved_cs_client     = @@character_set_client */;
/*!40101 SET character_set_client = utf8 */;
CREATE TABLE `account_central_recipe` (
  `id` int(10) unsigned NOT NULL AUTO_INCREMENT,
  `account_id` int(10) unsigned NOT NULL,
  `recipe_id` int(10) unsigned NOT NULL,
  `workflow_id` int(10) unsigned DEFAULT NULL,
  `label_configuration_id` int(10) unsigned DEFAULT NULL,
  `central_version_deleted` bit(1) NOT NULL DEFAULT b'0',
  `last_updated_by` int(10) unsigned DEFAULT NULL,
  `last_updated_time` datetime DEFAULT NULL,
  `workflow_number` int(11) DEFAULT NULL,
  `default_workflow_type` varchar(64) DEFAULT NULL,
  PRIMARY KEY (`id`),
  KEY `idx_account_id` (`account_id`),
  KEY `idx_recipe_id` (`recipe_id`)
) ENGINE=InnoDB DEFAULT CHARSET=latin1;
/*!40101 SET character_set_client = @saved_cs_client */;

--
-- Dumping data for table `account_central_recipe`
--

LOCK TABLES `account_central_recipe` WRITE;
/*!40000 ALTER TABLE `account_central_recipe` DISABLE KEYS */;
/*!40000 ALTER TABLE `account_central_recipe` ENABLE KEYS */;
UNLOCK TABLES;

--
-- Table structure for table `account_central_recipe_bud`
--

DROP TABLE IF EXISTS `account_central_recipe_bud`;
/*!40101 SET @saved_cs_client     = @@character_set_client */;
/*!40101 SET character_set_client = utf8 */;
CREATE TABLE `account_central_recipe_bud` (
  `id` int(10) NOT NULL AUTO_INCREMENT,
  `account_id` int(10) NOT NULL,
  `recipe_id` int(10) NOT NULL,
  `active_fl` bit(1) NOT NULL DEFAULT b'1',
  `created_by` int(10) NOT NULL,
  `created_time` timestamp NOT NULL DEFAULT CURRENT_TIMESTAMP ON UPDATE CURRENT_TIMESTAMP,
  `last_updated_by` int(10) DEFAULT NULL,
  `last_updated_time` timestamp NULL DEFAULT NULL,
  `bud_shortcut_button_id` int(10) DEFAULT NULL,
  `requires_room_temp_beyond_use_fl` bit(1) DEFAULT b'0',
  `room_beyond_use_days` int(10) DEFAULT NULL,
  `room_beyond_use_hours` int(10) DEFAULT NULL,
  `requires_refrigerated_beyond_use_fl` bit(1) DEFAULT b'0',
  `refrigerated_beyond_use_days` int(10) DEFAULT NULL,
  `refrigerated_beyond_use_hours` int(10) DEFAULT NULL,
  `requires_freezing_beyond_use_fl` bit(1) DEFAULT b'0',
  `freezing_beyond_use_days` int(10) DEFAULT NULL,
  `freezing_beyond_use_hours` int(10) DEFAULT NULL,
  `bud_number` int(10) NOT NULL,
  `bud_version` int(10) NOT NULL,
  `approved_fl` bit(1) NOT NULL DEFAULT b'0',
  `approved_by` int(10) DEFAULT NULL,
  `approved_time` timestamp NULL DEFAULT NULL,
  `note` varchar(256) NOT NULL,
  PRIMARY KEY (`id`),
  KEY `idx_acrb_account_id` (`account_id`),
  KEY `idx_acrb_recipe_id` (`recipe_id`)
) ENGINE=InnoDB DEFAULT CHARSET=latin1;
/*!40101 SET character_set_client = @saved_cs_client */;

--
-- Dumping data for table `account_central_recipe_bud`
--

LOCK TABLES `account_central_recipe_bud` WRITE;
/*!40000 ALTER TABLE `account_central_recipe_bud` DISABLE KEYS */;
/*!40000 ALTER TABLE `account_central_recipe_bud` ENABLE KEYS */;
UNLOCK TABLES;

--
-- Table structure for table `account_data_management`
--

DROP TABLE IF EXISTS `account_data_management`;
/*!40101 SET @saved_cs_client     = @@character_set_client */;
/*!40101 SET character_set_client = utf8 */;
CREATE TABLE `account_data_management` (
  `id` int(10) unsigned NOT NULL AUTO_INCREMENT,
  `account_id` int(10) unsigned NOT NULL,
  `data_management_id` int(10) unsigned NOT NULL,
  `start_date` date NOT NULL,
  `active_fl` bit(1) DEFAULT NULL,
  `created_by` int(10) unsigned DEFAULT NULL,
  `created_time` datetime DEFAULT NULL,
  `last_updated_by` int(10) unsigned DEFAULT NULL,
  `last_updated_time` datetime DEFAULT NULL,
  PRIMARY KEY (`id`)
) ENGINE=InnoDB DEFAULT CHARSET=latin1;
/*!40101 SET character_set_client = @saved_cs_client */;

--
-- Dumping data for table `account_data_management`
--

LOCK TABLES `account_data_management` WRITE;
/*!40000 ALTER TABLE `account_data_management` DISABLE KEYS */;
/*!40000 ALTER TABLE `account_data_management` ENABLE KEYS */;
UNLOCK TABLES;

--
-- Table structure for table `account_data_request`
--

DROP TABLE IF EXISTS `account_data_request`;
/*!40101 SET @saved_cs_client     = @@character_set_client */;
/*!40101 SET character_set_client = utf8 */;
CREATE TABLE `account_data_request` (
  `id` int(10) unsigned NOT NULL AUTO_INCREMENT,
  `account_id` int(11) NOT NULL,
  `module_id` int(11) NOT NULL,
  `created_by` int(10) unsigned NOT NULL,
  `created_time` datetime NOT NULL,
  `email` varchar(100) NOT NULL,
  `start_date` datetime DEFAULT NULL,
  `end_date` datetime DEFAULT NULL,
  `url` varchar(500) DEFAULT NULL,
  `completed_time` datetime DEFAULT NULL,
  `completed` bit(1) NOT NULL DEFAULT b'0',
  `processed` bit(1) NOT NULL DEFAULT b'0',
  `error` varchar(255) DEFAULT NULL,
  `date_applied_to` varchar(100) DEFAULT NULL,
  `extract_type` varchar(100) DEFAULT NULL,
  PRIMARY KEY (`id`)
) ENGINE=InnoDB DEFAULT CHARSET=latin1;
/*!40101 SET character_set_client = @saved_cs_client */;

--
-- Dumping data for table `account_data_request`
--

LOCK TABLES `account_data_request` WRITE;
/*!40000 ALTER TABLE `account_data_request` DISABLE KEYS */;
/*!40000 ALTER TABLE `account_data_request` ENABLE KEYS */;
UNLOCK TABLES;

--
-- Table structure for table `account_ip_address`
--

DROP TABLE IF EXISTS `account_ip_address`;
/*!40101 SET @saved_cs_client     = @@character_set_client */;
/*!40101 SET character_set_client = utf8 */;
CREATE TABLE `account_ip_address` (
  `id` int(10) unsigned NOT NULL AUTO_INCREMENT,
  `account_id` int(10) unsigned NOT NULL,
  `ip_start_range` int(11) NOT NULL,
  `ip_end_range` int(11) NOT NULL,
  PRIMARY KEY (`id`)
) ENGINE=InnoDB DEFAULT CHARSET=latin1;
/*!40101 SET character_set_client = @saved_cs_client */;

--
-- Dumping data for table `account_ip_address`
--

LOCK TABLES `account_ip_address` WRITE;
/*!40000 ALTER TABLE `account_ip_address` DISABLE KEYS */;
/*!40000 ALTER TABLE `account_ip_address` ENABLE KEYS */;
UNLOCK TABLES;

--
-- Table structure for table `account_modules`
--

DROP TABLE IF EXISTS `account_modules`;
/*!40101 SET @saved_cs_client     = @@character_set_client */;
/*!40101 SET character_set_client = utf8 */;
CREATE TABLE `account_modules` (
  `account_id` int(10) unsigned NOT NULL,
  `module_id` int(10) unsigned NOT NULL,
  KEY `idx_account_modules_account_id` (`account_id`),
  KEY `idx_account_modules_module_id` (`module_id`)
) ENGINE=InnoDB DEFAULT CHARSET=latin1;
/*!40101 SET character_set_client = @saved_cs_client */;

--
-- Dumping data for table `account_modules`
--

LOCK TABLES `account_modules` WRITE;
/*!40000 ALTER TABLE `account_modules` DISABLE KEYS */;
INSERT INTO `account_modules` VALUES (2,1),(2,2),(2,3),(1,9);
/*!40000 ALTER TABLE `account_modules` ENABLE KEYS */;
UNLOCK TABLES;
ALTER DATABASE `pharmacy_keeper` CHARACTER SET latin1 COLLATE latin1_general_ci ;
/*!50003 SET @saved_cs_client      = @@character_set_client */ ;
/*!50003 SET @saved_cs_results     = @@character_set_results */ ;
/*!50003 SET @saved_col_connection = @@collation_connection */ ;
/*!50003 SET character_set_client  = latin1 */ ;
/*!50003 SET character_set_results = latin1 */ ;
/*!50003 SET collation_connection  = latin1_general_ci */ ;
/*!50003 SET @saved_sql_mode       = @@sql_mode */ ;
/*!50003 SET sql_mode              = 'ONLY_FULL_GROUP_BY,STRICT_TRANS_TABLES,NO_ZERO_IN_DATE,NO_ZERO_DATE,ERROR_FOR_DIVISION_BY_ZERO,NO_ENGINE_SUBSTITUTION' */ ;
DELIMITER ;;
/*!50003 CREATE*/ /*!50017 DEFINER=`root`@`localhost`*/ /*!50003 TRIGGER account_module_deletion
            AFTER DELETE ON account_modules FOR EACH ROW
            BEGIN
            INSERT INTO deletion_trail (primary_record_id, secondary_record_id, table_name, account_id,  primary_id_name, secondary_id_name, deletion_time)
            VALUES (OLD.account_id, OLD.module_id, "account_module", OLD.account_id, "account_id", "module_id", NOW());
            END */;;
DELIMITER ;
/*!50003 SET sql_mode              = @saved_sql_mode */ ;
/*!50003 SET character_set_client  = @saved_cs_client */ ;
/*!50003 SET character_set_results = @saved_cs_results */ ;
/*!50003 SET collation_connection  = @saved_col_connection */ ;
ALTER DATABASE `pharmacy_keeper` CHARACTER SET latin1 COLLATE latin1_swedish_ci ;

--
-- Table structure for table `account_network_training`
--

DROP TABLE IF EXISTS `account_network_training`;
/*!40101 SET @saved_cs_client     = @@character_set_client */;
/*!40101 SET character_set_client = utf8 */;
CREATE TABLE `account_network_training` (
  `id` int(10) unsigned NOT NULL AUTO_INCREMENT,
  `account_id` int(10) unsigned NOT NULL,
  `training_definition_id` int(10) unsigned NOT NULL,
  `network_version_inactive` bit(1) DEFAULT b'0',
  PRIMARY KEY (`id`),
  KEY `training_definition_id` (`training_definition_id`),
  KEY `idx_account_id` (`account_id`),
  CONSTRAINT `account_network_training_ibfk_1` FOREIGN KEY (`training_definition_id`) REFERENCES `training_definition` (`id`)
) ENGINE=InnoDB DEFAULT CHARSET=latin1;
/*!40101 SET character_set_client = @saved_cs_client */;

--
-- Dumping data for table `account_network_training`
--

LOCK TABLES `account_network_training` WRITE;
/*!40000 ALTER TABLE `account_network_training` DISABLE KEYS */;
/*!40000 ALTER TABLE `account_network_training` ENABLE KEYS */;
UNLOCK TABLES;

--
-- Table structure for table `account_password_rule`
--

DROP TABLE IF EXISTS `account_password_rule`;
/*!40101 SET @saved_cs_client     = @@character_set_client */;
/*!40101 SET character_set_client = utf8 */;
CREATE TABLE `account_password_rule` (
  `id` int(10) unsigned NOT NULL AUTO_INCREMENT,
  `account_id` int(10) unsigned NOT NULL,
  `password_rule_id` int(10) unsigned NOT NULL,
  `value` int(10) unsigned DEFAULT NULL,
  `created_by` int(10) unsigned DEFAULT NULL,
  `created_time` datetime DEFAULT NULL,
  `last_updated_by` int(10) unsigned DEFAULT NULL,
  `last_updated_time` datetime DEFAULT NULL,
  PRIMARY KEY (`id`),
  KEY `fk_apr_password_rule` (`password_rule_id`),
  KEY `fk_apr_lastUpdated_by` (`last_updated_by`),
  KEY `fk_apr_created_by` (`created_by`),
  KEY `idx_account_password_rule_account_id_password_rule_id` (`account_id`,`password_rule_id`),
  CONSTRAINT `fk_apr_account` FOREIGN KEY (`account_id`) REFERENCES `account` (`id`) ON DELETE NO ACTION ON UPDATE NO ACTION,
  CONSTRAINT `fk_apr_created_by` FOREIGN KEY (`created_by`) REFERENCES `users` (`id`) ON DELETE NO ACTION ON UPDATE NO ACTION,
  CONSTRAINT `fk_apr_lastUpdated_by` FOREIGN KEY (`last_updated_by`) REFERENCES `users` (`id`) ON DELETE NO ACTION ON UPDATE NO ACTION,
  CONSTRAINT `fk_apr_password_rule` FOREIGN KEY (`password_rule_id`) REFERENCES `password_rule` (`id`) ON DELETE NO ACTION ON UPDATE NO ACTION
) ENGINE=InnoDB DEFAULT CHARSET=latin1;
/*!40101 SET character_set_client = @saved_cs_client */;

--
-- Dumping data for table `account_password_rule`
--

LOCK TABLES `account_password_rule` WRITE;
/*!40000 ALTER TABLE `account_password_rule` DISABLE KEYS */;
/*!40000 ALTER TABLE `account_password_rule` ENABLE KEYS */;
UNLOCK TABLES;

--
-- Table structure for table `account_preference_detail`
--

DROP TABLE IF EXISTS `account_preference_detail`;
/*!40101 SET @saved_cs_client     = @@character_set_client */;
/*!40101 SET character_set_client = utf8 */;
CREATE TABLE `account_preference_detail` (
  `id` int(10) unsigned NOT NULL AUTO_INCREMENT,
  `account_preference_list_id` int(10) unsigned NOT NULL,
  `value` varchar(45) DEFAULT NULL,
  PRIMARY KEY (`id`)
) ENGINE=InnoDB AUTO_INCREMENT=7 DEFAULT CHARSET=latin1;
/*!40101 SET character_set_client = @saved_cs_client */;

--
-- Dumping data for table `account_preference_detail`
--

LOCK TABLES `account_preference_detail` WRITE;
/*!40000 ALTER TABLE `account_preference_detail` DISABLE KEYS */;
INSERT INTO `account_preference_detail` VALUES (1,1,'America/Denver'),(2,2,'true'),(3,3,'true'),(4,1,'America/Denver'),(5,2,'true'),(6,3,'true');
/*!40000 ALTER TABLE `account_preference_detail` ENABLE KEYS */;
UNLOCK TABLES;

--
-- Table structure for table `account_preference_list`
--

DROP TABLE IF EXISTS `account_preference_list`;
/*!40101 SET @saved_cs_client     = @@character_set_client */;
/*!40101 SET character_set_client = utf8 */;
CREATE TABLE `account_preference_list` (
  `id` int(10) unsigned NOT NULL AUTO_INCREMENT,
  `name` varchar(45) NOT NULL,
  `description` varchar(128) NOT NULL,
  `default` varchar(45) NOT NULL,
  PRIMARY KEY (`id`)
) ENGINE=InnoDB AUTO_INCREMENT=4 DEFAULT CHARSET=latin1;
/*!40101 SET character_set_client = @saved_cs_client */;

--
-- Dumping data for table `account_preference_list`
--

LOCK TABLES `account_preference_list` WRITE;
/*!40000 ALTER TABLE `account_preference_list` DISABLE KEYS */;
INSERT INTO `account_preference_list` VALUES (1,'Time Zone Offset','The timezone offset.  This must be one of the strings from the tz database','America/Denver'),(2,'Use Barcode Scanner','The site will be using a barcode scanner when filling trays','false'),(3,'Use Label Printing','The site will print labels as part of verification.','false');
/*!40000 ALTER TABLE `account_preference_list` ENABLE KEYS */;
UNLOCK TABLES;

--
-- Table structure for table `account_report_link`
--

DROP TABLE IF EXISTS `account_report_link`;
/*!40101 SET @saved_cs_client     = @@character_set_client */;
/*!40101 SET character_set_client = utf8 */;
CREATE TABLE `account_report_link` (
  `report_link_id` int(10) unsigned NOT NULL,
  `account_id` int(10) unsigned NOT NULL,
  KEY `idx_account_id` (`account_id`)
) ENGINE=InnoDB DEFAULT CHARSET=latin1;
/*!40101 SET character_set_client = @saved_cs_client */;

--
-- Dumping data for table `account_report_link`
--

LOCK TABLES `account_report_link` WRITE;
/*!40000 ALTER TABLE `account_report_link` DISABLE KEYS */;
/*!40000 ALTER TABLE `account_report_link` ENABLE KEYS */;
UNLOCK TABLES;

--
-- Table structure for table `account_security_question`
--

DROP TABLE IF EXISTS `account_security_question`;
/*!40101 SET @saved_cs_client     = @@character_set_client */;
/*!40101 SET character_set_client = utf8 */;
CREATE TABLE `account_security_question` (
  `account_id` int(10) unsigned NOT NULL,
  `security_question_id` int(10) unsigned NOT NULL,
  KEY `fk_account_account_sec_question` (`account_id`),
  KEY `fk_sec_question_account_sec_question` (`security_question_id`),
  CONSTRAINT `fk_account_account_sec_question` FOREIGN KEY (`account_id`) REFERENCES `account` (`id`) ON DELETE NO ACTION ON UPDATE NO ACTION,
  CONSTRAINT `fk_sec_question_account_sec_question` FOREIGN KEY (`security_question_id`) REFERENCES `security_question` (`id`) ON DELETE NO ACTION ON UPDATE NO ACTION
) ENGINE=InnoDB DEFAULT CHARSET=latin1;
/*!40101 SET character_set_client = @saved_cs_client */;

--
-- Dumping data for table `account_security_question`
--

LOCK TABLES `account_security_question` WRITE;
/*!40000 ALTER TABLE `account_security_question` DISABLE KEYS */;
/*!40000 ALTER TABLE `account_security_question` ENABLE KEYS */;
UNLOCK TABLES;

--
-- Table structure for table `account_sensor`
--

DROP TABLE IF EXISTS `account_sensor`;
/*!40101 SET @saved_cs_client     = @@character_set_client */;
/*!40101 SET character_set_client = utf8 */;
CREATE TABLE `account_sensor` (
  `id` int(10) NOT NULL AUTO_INCREMENT,
  `account_id` int(10) NOT NULL,
  `sensor_id` varchar(36) NOT NULL,
  `pharmacy_id` int(10) DEFAULT NULL,
  `equipment_id` int(10) DEFAULT NULL,
  `location_id` int(10) DEFAULT NULL,
  `in_use_fl` bit(1) DEFAULT b'1',
  `created_by` int(10) DEFAULT NULL,
  `created_time` timestamp NULL DEFAULT NULL,
  `updated_by` int(10) DEFAULT NULL,
  `updated_time` timestamp NULL DEFAULT NULL,
  PRIMARY KEY (`id`),
  KEY `account_sensor_account_index` (`account_id`),
  KEY `account_sensor_equipment_index` (`equipment_id`),
  KEY `account_sensor_pharmacy_index` (`pharmacy_id`)
) ENGINE=InnoDB DEFAULT CHARSET=latin1 COMMENT='join table to maintain sensors that account has chosen to use in PK';
/*!40101 SET character_set_client = @saved_cs_client */;

--
-- Dumping data for table `account_sensor`
--

LOCK TABLES `account_sensor` WRITE;
/*!40000 ALTER TABLE `account_sensor` DISABLE KEYS */;
/*!40000 ALTER TABLE `account_sensor` ENABLE KEYS */;
UNLOCK TABLES;

--
-- Table structure for table `account_setting`
--

DROP TABLE IF EXISTS `account_setting`;
/*!40101 SET @saved_cs_client     = @@character_set_client */;
/*!40101 SET character_set_client = utf8 */;
CREATE TABLE `account_setting` (
  `id` int(10) unsigned NOT NULL AUTO_INCREMENT,
  `account_id` int(10) unsigned DEFAULT NULL,
  `setting_id` int(10) unsigned DEFAULT NULL,
  `active_fl` bit(1) NOT NULL DEFAULT b'1',
  `last_updated_by` int(10) unsigned DEFAULT NULL,
  `last_updated_time` datetime DEFAULT NULL,
  `created_by` int(10) unsigned DEFAULT NULL,
  `created_time` datetime DEFAULT NULL,
  `value` varchar(256) DEFAULT NULL,
  `data_type` enum('Text','Date') DEFAULT NULL,
  PRIMARY KEY (`id`),
  KEY `fk_account_setting_account` (`account_id`),
  KEY `fk_account_setting_createuser` (`created_by`),
  KEY `fk_account_setting_lastuser` (`last_updated_by`),
  KEY `fk_account_setting_setting` (`setting_id`),
  CONSTRAINT `fk_account_setting_account` FOREIGN KEY (`account_id`) REFERENCES `account` (`id`) ON DELETE NO ACTION ON UPDATE NO ACTION,
  CONSTRAINT `fk_account_setting_createuser` FOREIGN KEY (`created_by`) REFERENCES `users` (`id`) ON DELETE NO ACTION ON UPDATE NO ACTION,
  CONSTRAINT `fk_account_setting_lastuser` FOREIGN KEY (`last_updated_by`) REFERENCES `users` (`id`) ON DELETE NO ACTION ON UPDATE NO ACTION,
  CONSTRAINT `fk_account_setting_setting` FOREIGN KEY (`setting_id`) REFERENCES `setting` (`id`) ON DELETE NO ACTION ON UPDATE NO ACTION
) ENGINE=InnoDB AUTO_INCREMENT=13 DEFAULT CHARSET=latin1;
/*!40101 SET character_set_client = @saved_cs_client */;

--
-- Dumping data for table `account_setting`
--

LOCK TABLES `account_setting` WRITE;
/*!40000 ALTER TABLE `account_setting` DISABLE KEYS */;
INSERT INTO `account_setting` VALUES (2,1,164,_binary '',NULL,NULL,1,'2021-06-03 16:03:27',NULL,NULL),(3,2,164,_binary '',NULL,NULL,1,'2021-06-03 16:03:27',NULL,NULL),(5,1,178,_binary '',NULL,NULL,NULL,NULL,NULL,NULL),(6,2,178,_binary '',NULL,NULL,NULL,NULL,NULL,NULL),(8,1,211,_binary '',1,'2021-06-03 16:04:34',1,'2021-06-03 16:04:34',NULL,NULL),(9,2,211,_binary '',1,'2021-06-03 16:04:34',1,'2021-06-03 16:04:34',NULL,NULL),(11,1,240,_binary '',NULL,NULL,1,'2021-06-03 16:30:15',NULL,NULL),(12,2,240,_binary '',NULL,NULL,1,'2021-06-03 16:30:15',NULL,NULL);
/*!40000 ALTER TABLE `account_setting` ENABLE KEYS */;
UNLOCK TABLES;

--
-- Table structure for table `activity_data`
--

DROP TABLE IF EXISTS `activity_data`;
/*!40101 SET @saved_cs_client     = @@character_set_client */;
/*!40101 SET character_set_client = utf8 */;
CREATE TABLE `activity_data` (
  `id` int(10) unsigned NOT NULL AUTO_INCREMENT,
  `account_id` int(10) unsigned NOT NULL,
  `activity_date` datetime DEFAULT NULL,
  `activity_definition_id` int(10) unsigned NOT NULL,
  `recorded_time` datetime DEFAULT NULL,
  `recorded_by` int(10) unsigned DEFAULT NULL,
  `recorded_by_user` varchar(100) DEFAULT NULL,
  `activity_completed_date` datetime DEFAULT NULL,
  `trouble_ticket_id` int(10) unsigned DEFAULT NULL,
  `is_complete` bit(1) NOT NULL DEFAULT b'0',
  `completed_by` int(10) unsigned DEFAULT NULL,
  `completed_by_user` varchar(100) DEFAULT NULL,
  `sample_time_taken` varchar(10) DEFAULT NULL,
  `sample_date_taken` datetime DEFAULT NULL,
  `sample_plate_lot` varchar(50) DEFAULT NULL,
  `sample_plate_expiration` date DEFAULT NULL,
  `notes` longtext,
  `reading_time_taken` varchar(10) DEFAULT NULL,
  `reading_date_taken` datetime DEFAULT NULL,
  `awaiting_approval` bit(1) NOT NULL DEFAULT b'0',
  `approved_by` int(10) unsigned DEFAULT NULL,
  `due_date` datetime DEFAULT NULL,
  `use_result_per_part_ui_fl` bit(1) DEFAULT b'0',
  `sampling_activity_status_id` int(10) unsigned DEFAULT NULL,
  `latest_sample_date_taken` datetime DEFAULT NULL,
  `latest_reading_date_taken` datetime DEFAULT NULL,
  PRIMARY KEY (`id`),
  KEY `fk_activity_data_user` (`recorded_by`),
  KEY `FKC23646DADEBE4857` (`activity_definition_id`),
  KEY `account_id_index` (`account_id`),
  KEY `fk_activity_data_completed_by` (`completed_by`),
  KEY `fk_activiy_data_trouble_ticket` (`trouble_ticket_id`),
  KEY `idx_activity_date` (`activity_date`),
  CONSTRAINT `fk_activity_data_completed_by` FOREIGN KEY (`completed_by`) REFERENCES `users` (`id`) ON DELETE NO ACTION ON UPDATE NO ACTION,
  CONSTRAINT `fk_activity_data_user` FOREIGN KEY (`recorded_by`) REFERENCES `users` (`id`) ON DELETE NO ACTION ON UPDATE NO ACTION,
  CONSTRAINT `fk_activiy_data_trouble_ticket` FOREIGN KEY (`trouble_ticket_id`) REFERENCES `trouble_ticket` (`id`)
) ENGINE=InnoDB AUTO_INCREMENT=3 DEFAULT CHARSET=latin1;
/*!40101 SET character_set_client = @saved_cs_client */;

--
-- Dumping data for table `activity_data`
--

LOCK TABLES `activity_data` WRITE;
/*!40000 ALTER TABLE `activity_data` DISABLE KEYS */;
INSERT INTO `activity_data` VALUES (1,2,'2013-04-21 00:00:00',1,NULL,NULL,NULL,NULL,NULL,_binary '\0',NULL,NULL,NULL,NULL,NULL,NULL,NULL,NULL,NULL,_binary '\0',NULL,NULL,_binary '\0',NULL,NULL,NULL),(2,2,'2013-04-21 00:00:00',2,NULL,NULL,NULL,NULL,NULL,_binary '\0',NULL,NULL,NULL,NULL,NULL,NULL,NULL,NULL,NULL,_binary '\0',NULL,NULL,_binary '\0',NULL,NULL,NULL);
/*!40000 ALTER TABLE `activity_data` ENABLE KEYS */;
UNLOCK TABLES;
ALTER DATABASE `pharmacy_keeper` CHARACTER SET latin1 COLLATE latin1_general_ci ;
/*!50003 SET @saved_cs_client      = @@character_set_client */ ;
/*!50003 SET @saved_cs_results     = @@character_set_results */ ;
/*!50003 SET @saved_col_connection = @@collation_connection */ ;
/*!50003 SET character_set_client  = latin1 */ ;
/*!50003 SET character_set_results = latin1 */ ;
/*!50003 SET collation_connection  = latin1_general_ci */ ;
/*!50003 SET @saved_sql_mode       = @@sql_mode */ ;
/*!50003 SET sql_mode              = 'ONLY_FULL_GROUP_BY,STRICT_TRANS_TABLES,NO_ZERO_IN_DATE,NO_ZERO_DATE,ERROR_FOR_DIVISION_BY_ZERO,NO_ENGINE_SUBSTITUTION' */ ;
DELIMITER ;;
/*!50003 CREATE*/ /*!50017 DEFINER=`root`@`localhost`*/ /*!50003 TRIGGER activity_data_deletion
            AFTER DELETE ON activity_data FOR EACH ROW
            BEGIN
            INSERT INTO deletion_trail (primary_record_id, secondary_record_id, table_name, account_id,  primary_id_name, secondary_id_name, deletion_time)
            VALUES (OLD.id, NULL, "activity_data", OLD.account_id, "id", NULL, NOW());
            END */;;
DELIMITER ;
/*!50003 SET sql_mode              = @saved_sql_mode */ ;
/*!50003 SET character_set_client  = @saved_cs_client */ ;
/*!50003 SET character_set_results = @saved_cs_results */ ;
/*!50003 SET collation_connection  = @saved_col_connection */ ;
ALTER DATABASE `pharmacy_keeper` CHARACTER SET latin1 COLLATE latin1_swedish_ci ;

--
-- Table structure for table `activity_data_external_content`
--

DROP TABLE IF EXISTS `activity_data_external_content`;
/*!40101 SET @saved_cs_client     = @@character_set_client */;
/*!40101 SET character_set_client = utf8 */;
CREATE TABLE `activity_data_external_content` (
  `id` int(10) unsigned NOT NULL AUTO_INCREMENT,
  `account_id` int(10) unsigned NOT NULL,
  `activity_data_id` int(10) unsigned NOT NULL,
  `name` varchar(256) NOT NULL,
  `location` varchar(2000) DEFAULT NULL,
  `file_name` varchar(128) DEFAULT NULL,
  `expiration_date` datetime DEFAULT NULL,
  `deleted` bit(1) NOT NULL DEFAULT b'1',
  `last_updated_by` int(10) unsigned DEFAULT NULL,
  `last_updated_time` datetime DEFAULT NULL,
  `created_by` int(10) unsigned DEFAULT NULL,
  `created_time` datetime DEFAULT NULL,
  PRIMARY KEY (`id`),
  KEY `idx_activity_data_id` (`activity_data_id`)
) ENGINE=InnoDB DEFAULT CHARSET=latin1;
/*!40101 SET character_set_client = @saved_cs_client */;

--
-- Dumping data for table `activity_data_external_content`
--

LOCK TABLES `activity_data_external_content` WRITE;
/*!40000 ALTER TABLE `activity_data_external_content` DISABLE KEYS */;
/*!40000 ALTER TABLE `activity_data_external_content` ENABLE KEYS */;
UNLOCK TABLES;

--
-- Table structure for table `activity_data_part`
--

DROP TABLE IF EXISTS `activity_data_part`;
/*!40101 SET @saved_cs_client     = @@character_set_client */;
/*!40101 SET character_set_client = utf8 */;
CREATE TABLE `activity_data_part` (
  `id` int(10) unsigned NOT NULL AUTO_INCREMENT,
  `account_id` int(10) unsigned NOT NULL,
  `activity_data_id` int(10) unsigned DEFAULT NULL,
  `activity_definition_part_id` int(10) unsigned NOT NULL,
  `recorded_value` varchar(20) DEFAULT NULL,
  `last_updated` datetime DEFAULT NULL,
  `status` varchar(20) DEFAULT NULL,
  `notes` longtext,
  `not_applicable_fl` bit(1) NOT NULL DEFAULT b'0',
  `sort_order` int(10) unsigned DEFAULT NULL,
  `sampling_location_id` int(10) unsigned DEFAULT NULL,
  PRIMARY KEY (`id`),
  KEY `idx_activity_data_id` (`activity_data_id`),
  KEY `idx_activity_definition_part_id` (`activity_definition_part_id`)
) ENGINE=InnoDB AUTO_INCREMENT=5 DEFAULT CHARSET=latin1;
/*!40101 SET character_set_client = @saved_cs_client */;

--
-- Dumping data for table `activity_data_part`
--

LOCK TABLES `activity_data_part` WRITE;
/*!40000 ALTER TABLE `activity_data_part` DISABLE KEYS */;
INSERT INTO `activity_data_part` VALUES (1,2,1,1,NULL,NULL,NULL,NULL,_binary '\0',NULL,NULL),(2,2,1,2,NULL,NULL,NULL,NULL,_binary '\0',NULL,NULL),(3,2,2,3,NULL,NULL,NULL,NULL,_binary '\0',NULL,NULL),(4,2,2,4,NULL,NULL,NULL,NULL,_binary '\0',NULL,NULL);
/*!40000 ALTER TABLE `activity_data_part` ENABLE KEYS */;
UNLOCK TABLES;
ALTER DATABASE `pharmacy_keeper` CHARACTER SET latin1 COLLATE latin1_general_ci ;
/*!50003 SET @saved_cs_client      = @@character_set_client */ ;
/*!50003 SET @saved_cs_results     = @@character_set_results */ ;
/*!50003 SET @saved_col_connection = @@collation_connection */ ;
/*!50003 SET character_set_client  = latin1 */ ;
/*!50003 SET character_set_results = latin1 */ ;
/*!50003 SET collation_connection  = latin1_general_ci */ ;
/*!50003 SET @saved_sql_mode       = @@sql_mode */ ;
/*!50003 SET sql_mode              = 'ONLY_FULL_GROUP_BY,STRICT_TRANS_TABLES,NO_ZERO_IN_DATE,NO_ZERO_DATE,ERROR_FOR_DIVISION_BY_ZERO,NO_ENGINE_SUBSTITUTION' */ ;
DELIMITER ;;
/*!50003 CREATE*/ /*!50017 DEFINER=`root`@`localhost`*/ /*!50003 TRIGGER activity_data_part_deletion
            AFTER DELETE ON activity_data_part FOR EACH ROW
            BEGIN
            INSERT INTO deletion_trail (primary_record_id, secondary_record_id, table_name, account_id,  primary_id_name, secondary_id_name, deletion_time)
            VALUES (OLD.id, NULL, "activity_data_part", OLD.account_id, "id", NULL, NOW());
            END */;;
DELIMITER ;
/*!50003 SET sql_mode              = @saved_sql_mode */ ;
/*!50003 SET character_set_client  = @saved_cs_client */ ;
/*!50003 SET character_set_results = @saved_cs_results */ ;
/*!50003 SET collation_connection  = @saved_col_connection */ ;
ALTER DATABASE `pharmacy_keeper` CHARACTER SET latin1 COLLATE latin1_swedish_ci ;

--
-- Table structure for table `activity_data_part_sampling`
--

DROP TABLE IF EXISTS `activity_data_part_sampling`;
/*!40101 SET @saved_cs_client     = @@character_set_client */;
/*!40101 SET character_set_client = utf8 */;
CREATE TABLE `activity_data_part_sampling` (
  `id` int(10) unsigned NOT NULL AUTO_INCREMENT,
  `activity_data_part_id` int(10) unsigned DEFAULT NULL,
  `sample_date_taken` datetime DEFAULT NULL,
  `sample_time_taken` varchar(10) DEFAULT NULL,
  `sample_plate_lot` varchar(50) DEFAULT NULL,
  `sample_plate_expiration` date DEFAULT NULL,
  `not_applicable_fl` bit(1) DEFAULT b'0',
  PRIMARY KEY (`id`),
  KEY `idx_activity_data_part_sampling_act_data_part_id` (`activity_data_part_id`),
  CONSTRAINT `activity_data_part_sampling_ibfk_1` FOREIGN KEY (`activity_data_part_id`) REFERENCES `activity_data_part` (`id`)
) ENGINE=InnoDB DEFAULT CHARSET=latin1;
/*!40101 SET character_set_client = @saved_cs_client */;

--
-- Dumping data for table `activity_data_part_sampling`
--

LOCK TABLES `activity_data_part_sampling` WRITE;
/*!40000 ALTER TABLE `activity_data_part_sampling` DISABLE KEYS */;
/*!40000 ALTER TABLE `activity_data_part_sampling` ENABLE KEYS */;
UNLOCK TABLES;

--
-- Table structure for table `activity_data_part_sampling_result`
--

DROP TABLE IF EXISTS `activity_data_part_sampling_result`;
/*!40101 SET @saved_cs_client     = @@character_set_client */;
/*!40101 SET character_set_client = utf8 */;
CREATE TABLE `activity_data_part_sampling_result` (
  `id` int(10) unsigned NOT NULL AUTO_INCREMENT,
  `activity_data_part_sampling_id` int(10) unsigned DEFAULT NULL,
  `incubation_number` varchar(20) NOT NULL,
  `recorded_by` int(10) unsigned DEFAULT NULL,
  `recorded_by_user` varchar(100) DEFAULT NULL,
  `recorded_value` varchar(20) DEFAULT NULL,
  `reading_date_taken` datetime DEFAULT NULL,
  `reading_time_taken` varchar(10) DEFAULT NULL,
  `status` varchar(20) DEFAULT NULL,
  `note` longtext,
  `not_applicable_fl` bit(1) DEFAULT b'0',
  `sampling_location_id` int(10) unsigned DEFAULT NULL,
  `last_updated` datetime DEFAULT NULL,
  PRIMARY KEY (`id`),
  KEY `activity_data_part_sampling_id` (`activity_data_part_sampling_id`),
  CONSTRAINT `activity_data_part_sampling_result_ibfk_1` FOREIGN KEY (`activity_data_part_sampling_id`) REFERENCES `activity_data_part_sampling` (`id`)
) ENGINE=InnoDB DEFAULT CHARSET=latin1;
/*!40101 SET character_set_client = @saved_cs_client */;

--
-- Dumping data for table `activity_data_part_sampling_result`
--

LOCK TABLES `activity_data_part_sampling_result` WRITE;
/*!40000 ALTER TABLE `activity_data_part_sampling_result` DISABLE KEYS */;
/*!40000 ALTER TABLE `activity_data_part_sampling_result` ENABLE KEYS */;
UNLOCK TABLES;

--
-- Table structure for table `activity_data_requirement`
--

DROP TABLE IF EXISTS `activity_data_requirement`;
/*!40101 SET @saved_cs_client     = @@character_set_client */;
/*!40101 SET character_set_client = utf8 */;
CREATE TABLE `activity_data_requirement` (
  `activity_data_id` int(10) unsigned NOT NULL,
  `requirement_id` int(10) unsigned NOT NULL,
  KEY `idx_activity_data_id` (`activity_data_id`)
) ENGINE=InnoDB DEFAULT CHARSET=latin1;
/*!40101 SET character_set_client = @saved_cs_client */;

--
-- Dumping data for table `activity_data_requirement`
--

LOCK TABLES `activity_data_requirement` WRITE;
/*!40000 ALTER TABLE `activity_data_requirement` DISABLE KEYS */;
/*!40000 ALTER TABLE `activity_data_requirement` ENABLE KEYS */;
UNLOCK TABLES;
ALTER DATABASE `pharmacy_keeper` CHARACTER SET latin1 COLLATE latin1_general_ci ;
/*!50003 SET @saved_cs_client      = @@character_set_client */ ;
/*!50003 SET @saved_cs_results     = @@character_set_results */ ;
/*!50003 SET @saved_col_connection = @@collation_connection */ ;
/*!50003 SET character_set_client  = latin1 */ ;
/*!50003 SET character_set_results = latin1 */ ;
/*!50003 SET collation_connection  = latin1_general_ci */ ;
/*!50003 SET @saved_sql_mode       = @@sql_mode */ ;
/*!50003 SET sql_mode              = 'ONLY_FULL_GROUP_BY,STRICT_TRANS_TABLES,NO_ZERO_IN_DATE,NO_ZERO_DATE,ERROR_FOR_DIVISION_BY_ZERO,NO_ENGINE_SUBSTITUTION' */ ;
DELIMITER ;;
/*!50003 CREATE*/ /*!50017 DEFINER=`root`@`localhost`*/ /*!50003 TRIGGER activity_data_requirement_deletion
            BEFORE DELETE ON activity_data_requirement FOR EACH ROW
            BEGIN
            INSERT INTO deletion_trail (primary_record_id, secondary_record_id, table_name, account_id,  primary_id_name, secondary_id_name, deletion_time)
            select adr.activity_data_id, adr.requirement_id, "activity_data_requirement", ad.account_id, "activity_data_id", "requirement_id", NOW()
            from activity_data_requirement adr,
            activity_data ad
            where adr.activity_data_id = OLD.activity_data_id
            and adr.requirement_id = OLD.requirement_id
            and ad.id = adr.activity_data_id;
            END */;;
DELIMITER ;
/*!50003 SET sql_mode              = @saved_sql_mode */ ;
/*!50003 SET character_set_client  = @saved_cs_client */ ;
/*!50003 SET character_set_results = @saved_cs_results */ ;
/*!50003 SET collation_connection  = @saved_col_connection */ ;
ALTER DATABASE `pharmacy_keeper` CHARACTER SET latin1 COLLATE latin1_swedish_ci ;

--
-- Table structure for table `activity_definition`
--

DROP TABLE IF EXISTS `activity_definition`;
/*!40101 SET @saved_cs_client     = @@character_set_client */;
/*!40101 SET character_set_client = utf8 */;
CREATE TABLE `activity_definition` (
  `id` int(10) unsigned NOT NULL AUTO_INCREMENT,
  `account_id` int(10) unsigned NOT NULL,
  `name` varchar(255) DEFAULT NULL,
  `type` varchar(25) DEFAULT NULL,
  `failure_notification_enabled` bit(1) NOT NULL DEFAULT b'0',
  `failure_notification_recipients` longtext,
  `start_date` datetime DEFAULT NULL,
  `end_date` datetime DEFAULT NULL,
  `repetition` varchar(20) DEFAULT NULL,
  `description` longtext,
  `subject_id` int(10) unsigned DEFAULT NULL,
  `location_id` int(10) unsigned DEFAULT NULL,
  `last_scheduled` datetime DEFAULT NULL,
  `active` bit(1) NOT NULL DEFAULT b'1',
  `multi_parts` bit(1) NOT NULL DEFAULT b'0',
  `incubation_hours` int(11) DEFAULT NULL,
  `requires_manager_approval` bit(1) NOT NULL DEFAULT b'0',
  `definition_type` varchar(20) NOT NULL DEFAULT 'activity',
  `use_new_scheduler` bit(1) NOT NULL DEFAULT b'0',
  `schedule_not_defined_fl` bit(1) NOT NULL DEFAULT b'0',
  `versioned_fl` bit(1) NOT NULL DEFAULT b'0',
  `previous_revision_id` int(10) unsigned DEFAULT NULL,
  `exclude_from_reports` bit(1) NOT NULL DEFAULT b'0',
  `network` bit(1) NOT NULL DEFAULT b'0',
  `network_allow_modifications` bit(1) NOT NULL DEFAULT b'0',
  `copied_from_network_activity_definition_id` int(10) unsigned DEFAULT NULL,
  `created_by` int(10) unsigned DEFAULT NULL,
  `created_time` datetime DEFAULT NULL,
  `last_updated_by` int(10) unsigned DEFAULT NULL,
  `last_updated_time` datetime DEFAULT NULL,
  `allow_child_sites_to_add_part_names_fl` bit(1) DEFAULT b'0',
  `allow_child_sites_to_create_parts_from_defined_descriptions_fl` bit(1) DEFAULT b'0',
  `enforce_scheduler_for_child_sites_fl` bit(1) DEFAULT b'0',
  `second_incubation_hours` int(11) unsigned DEFAULT NULL,
  `use_environmental_monitoring_fl` bit(1) NOT NULL DEFAULT b'0',
  PRIMARY KEY (`id`),
  KEY `FKCD9E6883B4B4E358` (`location_id`),
  KEY `FKCD9E6883B9E898BC` (`subject_id`),
  KEY `idx_versioned` (`versioned_fl`),
  KEY `idx_copied_from_network_activity_id` (`copied_from_network_activity_definition_id`)
) ENGINE=InnoDB AUTO_INCREMENT=3 DEFAULT CHARSET=latin1;
/*!40101 SET character_set_client = @saved_cs_client */;

--
-- Dumping data for table `activity_definition`
--

LOCK TABLES `activity_definition` WRITE;
/*!40000 ALTER TABLE `activity_definition` DISABLE KEYS */;
INSERT INTO `activity_definition` VALUES (1,2,'Test Pass/Fail','PassFail',_binary '\0',NULL,'2013-04-21 00:00:00',NULL,'Daily',NULL,NULL,NULL,NULL,_binary '',_binary '',NULL,_binary '\0','activity',_binary '\0',_binary '\0',_binary '\0',NULL,_binary '\0',_binary '\0',_binary '\0',NULL,NULL,NULL,NULL,NULL,_binary '\0',_binary '\0',_binary '\0',NULL,_binary '\0'),(2,2,'Test Range','Range',_binary '\0',NULL,'2013-04-21 00:00:00',NULL,'Daily',NULL,NULL,NULL,NULL,_binary '',_binary '',NULL,_binary '\0','activity',_binary '\0',_binary '\0',_binary '\0',NULL,_binary '\0',_binary '\0',_binary '\0',NULL,NULL,NULL,NULL,NULL,_binary '\0',_binary '\0',_binary '\0',NULL,_binary '\0');
/*!40000 ALTER TABLE `activity_definition` ENABLE KEYS */;
UNLOCK TABLES;
ALTER DATABASE `pharmacy_keeper` CHARACTER SET latin1 COLLATE latin1_general_ci ;
/*!50003 SET @saved_cs_client      = @@character_set_client */ ;
/*!50003 SET @saved_cs_results     = @@character_set_results */ ;
/*!50003 SET @saved_col_connection = @@collation_connection */ ;
/*!50003 SET character_set_client  = latin1 */ ;
/*!50003 SET character_set_results = latin1 */ ;
/*!50003 SET collation_connection  = latin1_general_ci */ ;
/*!50003 SET @saved_sql_mode       = @@sql_mode */ ;
/*!50003 SET sql_mode              = 'ONLY_FULL_GROUP_BY,STRICT_TRANS_TABLES,NO_ZERO_IN_DATE,NO_ZERO_DATE,ERROR_FOR_DIVISION_BY_ZERO,NO_ENGINE_SUBSTITUTION' */ ;
DELIMITER ;;
/*!50003 CREATE*/ /*!50017 DEFINER=`root`@`localhost`*/ /*!50003 TRIGGER activity_definition_deletion
            AFTER DELETE ON activity_definition FOR EACH ROW
            BEGIN
            INSERT INTO deletion_trail (primary_record_id, secondary_record_id, table_name, account_id,  primary_id_name, secondary_id_name, deletion_time)
            VALUES (OLD.id, NULL, "activity_definition", OLD.account_id, "id", NULL, NOW());
            END */;;
DELIMITER ;
/*!50003 SET sql_mode              = @saved_sql_mode */ ;
/*!50003 SET character_set_client  = @saved_cs_client */ ;
/*!50003 SET character_set_results = @saved_cs_results */ ;
/*!50003 SET collation_connection  = @saved_col_connection */ ;
ALTER DATABASE `pharmacy_keeper` CHARACTER SET latin1 COLLATE latin1_swedish_ci ;

--
-- Table structure for table `activity_definition_part`
--

DROP TABLE IF EXISTS `activity_definition_part`;
/*!40101 SET @saved_cs_client     = @@character_set_client */;
/*!40101 SET character_set_client = utf8 */;
CREATE TABLE `activity_definition_part` (
  `id` int(10) unsigned NOT NULL AUTO_INCREMENT,
  `low_value` varchar(20) DEFAULT NULL,
  `high_value` varchar(20) DEFAULT NULL,
  `description` longtext,
  `activity_definition_id` int(10) unsigned DEFAULT NULL,
  `sort_order` int(10) unsigned DEFAULT NULL,
  `name` varchar(256) DEFAULT NULL,
  `parent_activity_definition_id` int(10) unsigned DEFAULT NULL,
  `network_activity_definition_part_id` int(10) unsigned DEFAULT NULL,
  `copied_from_activity_definition_part_id` int(10) unsigned DEFAULT NULL,
  `account_sensor_id` int(10) DEFAULT NULL,
  `sensor_data_type` varchar(100) DEFAULT NULL,
  PRIMARY KEY (`id`),
  KEY `idx_activity_definition_id` (`activity_definition_id`)
) ENGINE=InnoDB AUTO_INCREMENT=5 DEFAULT CHARSET=latin1;
/*!40101 SET character_set_client = @saved_cs_client */;

--
-- Dumping data for table `activity_definition_part`
--

LOCK TABLES `activity_definition_part` WRITE;
/*!40000 ALTER TABLE `activity_definition_part` DISABLE KEYS */;
INSERT INTO `activity_definition_part` VALUES (1,'','','Part 1',1,NULL,NULL,NULL,NULL,NULL,NULL,NULL),(2,'','','Part 2',1,NULL,NULL,NULL,NULL,NULL,NULL,NULL),(3,'5','10','Part 1',2,NULL,NULL,NULL,NULL,NULL,NULL,NULL),(4,'10','15','Part 2',2,NULL,NULL,NULL,NULL,NULL,NULL,NULL);
/*!40000 ALTER TABLE `activity_definition_part` ENABLE KEYS */;
UNLOCK TABLES;
ALTER DATABASE `pharmacy_keeper` CHARACTER SET latin1 COLLATE latin1_general_ci ;
/*!50003 SET @saved_cs_client      = @@character_set_client */ ;
/*!50003 SET @saved_cs_results     = @@character_set_results */ ;
/*!50003 SET @saved_col_connection = @@collation_connection */ ;
/*!50003 SET character_set_client  = latin1 */ ;
/*!50003 SET character_set_results = latin1 */ ;
/*!50003 SET collation_connection  = latin1_general_ci */ ;
/*!50003 SET @saved_sql_mode       = @@sql_mode */ ;
/*!50003 SET sql_mode              = 'ONLY_FULL_GROUP_BY,STRICT_TRANS_TABLES,NO_ZERO_IN_DATE,NO_ZERO_DATE,ERROR_FOR_DIVISION_BY_ZERO,NO_ENGINE_SUBSTITUTION' */ ;
DELIMITER ;;
/*!50003 CREATE*/ /*!50017 DEFINER=`root`@`localhost`*/ /*!50003 TRIGGER activity_definition_part_deletion
            BEFORE DELETE ON activity_definition_part FOR EACH ROW
            BEGIN
            INSERT INTO deletion_trail (primary_record_id, secondary_record_id, table_name, account_id,  primary_id_name, secondary_id_name, deletion_time)
            select adp.id, NULL, "activity_definition_part", ad.account_id, "id", NULL, NOW()
            from activity_definition_part adp,
            activity_definition ad
            where adp.id = OLD.id
            and ad.id = adp.activity_definition_id;
            END */;;
DELIMITER ;
/*!50003 SET sql_mode              = @saved_sql_mode */ ;
/*!50003 SET character_set_client  = @saved_cs_client */ ;
/*!50003 SET character_set_results = @saved_cs_results */ ;
/*!50003 SET collation_connection  = @saved_col_connection */ ;
ALTER DATABASE `pharmacy_keeper` CHARACTER SET latin1 COLLATE latin1_swedish_ci ;

--
-- Table structure for table `activity_definition_requirement`
--

DROP TABLE IF EXISTS `activity_definition_requirement`;
/*!40101 SET @saved_cs_client     = @@character_set_client */;
/*!40101 SET character_set_client = utf8 */;
CREATE TABLE `activity_definition_requirement` (
  `activity_definition_id` int(10) unsigned NOT NULL,
  `requirement_id` int(10) unsigned NOT NULL,
  KEY `idx_activity_definition_id` (`activity_definition_id`)
) ENGINE=InnoDB DEFAULT CHARSET=latin1;
/*!40101 SET character_set_client = @saved_cs_client */;

--
-- Dumping data for table `activity_definition_requirement`
--

LOCK TABLES `activity_definition_requirement` WRITE;
/*!40000 ALTER TABLE `activity_definition_requirement` DISABLE KEYS */;
/*!40000 ALTER TABLE `activity_definition_requirement` ENABLE KEYS */;
UNLOCK TABLES;
ALTER DATABASE `pharmacy_keeper` CHARACTER SET latin1 COLLATE latin1_general_ci ;
/*!50003 SET @saved_cs_client      = @@character_set_client */ ;
/*!50003 SET @saved_cs_results     = @@character_set_results */ ;
/*!50003 SET @saved_col_connection = @@collation_connection */ ;
/*!50003 SET character_set_client  = latin1 */ ;
/*!50003 SET character_set_results = latin1 */ ;
/*!50003 SET collation_connection  = latin1_general_ci */ ;
/*!50003 SET @saved_sql_mode       = @@sql_mode */ ;
/*!50003 SET sql_mode              = 'ONLY_FULL_GROUP_BY,STRICT_TRANS_TABLES,NO_ZERO_IN_DATE,NO_ZERO_DATE,ERROR_FOR_DIVISION_BY_ZERO,NO_ENGINE_SUBSTITUTION' */ ;
DELIMITER ;;
/*!50003 CREATE*/ /*!50017 DEFINER=`root`@`localhost`*/ /*!50003 TRIGGER activity_definition_requirement_deletion
            BEFORE DELETE ON activity_definition_requirement FOR EACH ROW
            BEGIN
            INSERT INTO deletion_trail (primary_record_id, secondary_record_id, table_name, account_id,  primary_id_name, secondary_id_name, deletion_time)
            select adr.activity_definition_id, adr.requirement_id, "activity_definition_requirement", ad.account_id, "activity_definition_id", "requirement_id", NOW()
            from activity_definition_requirement adr,
            activity_definition ad
            where adr.activity_definition_id = OLD.activity_definition_id
            and adr.requirement_id = OLD.requirement_id
            and ad.id = adr.activity_definition_id;
            END */;;
DELIMITER ;
/*!50003 SET sql_mode              = @saved_sql_mode */ ;
/*!50003 SET character_set_client  = @saved_cs_client */ ;
/*!50003 SET character_set_results = @saved_cs_results */ ;
/*!50003 SET collation_connection  = @saved_col_connection */ ;
ALTER DATABASE `pharmacy_keeper` CHARACTER SET latin1 COLLATE latin1_swedish_ci ;

--
-- Table structure for table `activity_definition_sampling_location`
--

DROP TABLE IF EXISTS `activity_definition_sampling_location`;
/*!40101 SET @saved_cs_client     = @@character_set_client */;
/*!40101 SET character_set_client = utf8 */;
CREATE TABLE `activity_definition_sampling_location` (
  `activity_definition_id` int(10) unsigned NOT NULL,
  `sampling_location_id` int(10) unsigned NOT NULL
) ENGINE=InnoDB DEFAULT CHARSET=latin1;
/*!40101 SET character_set_client = @saved_cs_client */;

--
-- Dumping data for table `activity_definition_sampling_location`
--

LOCK TABLES `activity_definition_sampling_location` WRITE;
/*!40000 ALTER TABLE `activity_definition_sampling_location` DISABLE KEYS */;
/*!40000 ALTER TABLE `activity_definition_sampling_location` ENABLE KEYS */;
UNLOCK TABLES;

--
-- Table structure for table `activity_history`
--

DROP TABLE IF EXISTS `activity_history`;
/*!40101 SET @saved_cs_client     = @@character_set_client */;
/*!40101 SET character_set_client = utf8 */;
CREATE TABLE `activity_history` (
  `id` int(10) unsigned NOT NULL AUTO_INCREMENT,
  `account_id` int(10) unsigned NOT NULL,
  `activity_data_id` int(10) unsigned NOT NULL,
  `activity_definition_id` int(10) unsigned NOT NULL,
  `activity_date` date DEFAULT NULL,
  `recorded_time` datetime DEFAULT NULL,
  `recorded_by` int(10) unsigned DEFAULT NULL,
  `recorded_by_user` varchar(100) DEFAULT NULL,
  `activity_completed_date` date DEFAULT NULL,
  `is_complete_fl` bit(1) DEFAULT NULL,
  `completed_by` int(10) unsigned DEFAULT NULL,
  `sample_time_taken` varchar(10) DEFAULT NULL,
  `sample_date_taken` datetime DEFAULT NULL,
  `reading_time_taken` varchar(10) DEFAULT NULL,
  `reading_date_taken` datetime DEFAULT NULL,
  `sample_plate_lot` varchar(40) DEFAULT NULL,
  `sample_plate_expiration` datetime DEFAULT NULL,
  `awaiting_approval_fl` bit(1) DEFAULT NULL,
  `approved_by` int(10) unsigned DEFAULT NULL,
  `due_date` datetime DEFAULT NULL,
  `notes` varchar(4000) DEFAULT NULL,
  `inserted_by` int(10) unsigned DEFAULT NULL,
  `insert_time` datetime DEFAULT NULL,
  `activity_definition_name` varchar(100) NOT NULL,
  `sampling_activity_status_id` int(10) unsigned DEFAULT NULL,
  PRIMARY KEY (`id`),
  KEY `idx_activity_data_id` (`activity_data_id`)
) ENGINE=InnoDB DEFAULT CHARSET=latin1;
/*!40101 SET character_set_client = @saved_cs_client */;

--
-- Dumping data for table `activity_history`
--

LOCK TABLES `activity_history` WRITE;
/*!40000 ALTER TABLE `activity_history` DISABLE KEYS */;
/*!40000 ALTER TABLE `activity_history` ENABLE KEYS */;
UNLOCK TABLES;
ALTER DATABASE `pharmacy_keeper` CHARACTER SET latin1 COLLATE latin1_general_ci ;
/*!50003 SET @saved_cs_client      = @@character_set_client */ ;
/*!50003 SET @saved_cs_results     = @@character_set_results */ ;
/*!50003 SET @saved_col_connection = @@collation_connection */ ;
/*!50003 SET character_set_client  = latin1 */ ;
/*!50003 SET character_set_results = latin1 */ ;
/*!50003 SET collation_connection  = latin1_general_ci */ ;
/*!50003 SET @saved_sql_mode       = @@sql_mode */ ;
/*!50003 SET sql_mode              = 'ONLY_FULL_GROUP_BY,STRICT_TRANS_TABLES,NO_ZERO_IN_DATE,NO_ZERO_DATE,ERROR_FOR_DIVISION_BY_ZERO,NO_ENGINE_SUBSTITUTION' */ ;
DELIMITER ;;
/*!50003 CREATE*/ /*!50017 DEFINER=`root`@`localhost`*/ /*!50003 TRIGGER activity_history_deletion
            AFTER DELETE ON activity_history FOR EACH ROW
            BEGIN
            INSERT INTO deletion_trail (primary_record_id, secondary_record_id, table_name, account_id,  primary_id_name, secondary_id_name, deletion_time)
            VALUES (OLD.id, NULL, "activity_history", OLD.account_id, "id", NULL, NOW());
            END */;;
DELIMITER ;
/*!50003 SET sql_mode              = @saved_sql_mode */ ;
/*!50003 SET character_set_client  = @saved_cs_client */ ;
/*!50003 SET character_set_results = @saved_cs_results */ ;
/*!50003 SET collation_connection  = @saved_col_connection */ ;
ALTER DATABASE `pharmacy_keeper` CHARACTER SET latin1 COLLATE latin1_swedish_ci ;

--
-- Table structure for table `activity_history_external_content`
--

DROP TABLE IF EXISTS `activity_history_external_content`;
/*!40101 SET @saved_cs_client     = @@character_set_client */;
/*!40101 SET character_set_client = utf8 */;
CREATE TABLE `activity_history_external_content` (
  `id` int(10) unsigned NOT NULL AUTO_INCREMENT,
  `account_id` int(10) unsigned NOT NULL,
  `activity_history_id` int(10) unsigned NOT NULL,
  `name` varchar(256) NOT NULL,
  `location` varchar(2000) DEFAULT NULL,
  `file_name` varchar(128) DEFAULT NULL,
  `deleted` bit(1) NOT NULL DEFAULT b'1',
  `inserted_by` int(10) unsigned NOT NULL,
  `insert_time` datetime NOT NULL,
  PRIMARY KEY (`id`),
  KEY `idx_activity_history_id` (`activity_history_id`)
) ENGINE=InnoDB DEFAULT CHARSET=latin1;
/*!40101 SET character_set_client = @saved_cs_client */;

--
-- Dumping data for table `activity_history_external_content`
--

LOCK TABLES `activity_history_external_content` WRITE;
/*!40000 ALTER TABLE `activity_history_external_content` DISABLE KEYS */;
/*!40000 ALTER TABLE `activity_history_external_content` ENABLE KEYS */;
UNLOCK TABLES;

--
-- Table structure for table `activity_history_part`
--

DROP TABLE IF EXISTS `activity_history_part`;
/*!40101 SET @saved_cs_client     = @@character_set_client */;
/*!40101 SET character_set_client = utf8 */;
CREATE TABLE `activity_history_part` (
  `id` int(10) unsigned NOT NULL AUTO_INCREMENT,
  `account_id` int(10) unsigned NOT NULL,
  `activity_history_id` int(10) unsigned NOT NULL,
  `activity_definition_part_id` int(10) unsigned NOT NULL,
  `recorded_value` varchar(1000) DEFAULT NULL,
  `last_updated` datetime DEFAULT NULL,
  `last_updated_by` int(10) unsigned DEFAULT NULL,
  `status` varchar(40) DEFAULT NULL,
  `notes` varchar(4000) DEFAULT NULL,
  `not_applicable_fl` bit(1) DEFAULT NULL,
  `sort_order` int(11) DEFAULT NULL,
  `inserted_by` int(10) unsigned DEFAULT NULL,
  `insert_time` datetime DEFAULT NULL,
  PRIMARY KEY (`id`),
  KEY `idx_activity_history_id` (`activity_history_id`)
) ENGINE=InnoDB DEFAULT CHARSET=latin1;
/*!40101 SET character_set_client = @saved_cs_client */;

--
-- Dumping data for table `activity_history_part`
--

LOCK TABLES `activity_history_part` WRITE;
/*!40000 ALTER TABLE `activity_history_part` DISABLE KEYS */;
/*!40000 ALTER TABLE `activity_history_part` ENABLE KEYS */;
UNLOCK TABLES;
ALTER DATABASE `pharmacy_keeper` CHARACTER SET latin1 COLLATE latin1_general_ci ;
/*!50003 SET @saved_cs_client      = @@character_set_client */ ;
/*!50003 SET @saved_cs_results     = @@character_set_results */ ;
/*!50003 SET @saved_col_connection = @@collation_connection */ ;
/*!50003 SET character_set_client  = latin1 */ ;
/*!50003 SET character_set_results = latin1 */ ;
/*!50003 SET collation_connection  = latin1_general_ci */ ;
/*!50003 SET @saved_sql_mode       = @@sql_mode */ ;
/*!50003 SET sql_mode              = 'ONLY_FULL_GROUP_BY,STRICT_TRANS_TABLES,NO_ZERO_IN_DATE,NO_ZERO_DATE,ERROR_FOR_DIVISION_BY_ZERO,NO_ENGINE_SUBSTITUTION' */ ;
DELIMITER ;;
/*!50003 CREATE*/ /*!50017 DEFINER=`root`@`localhost`*/ /*!50003 TRIGGER activity_history_part_deletion
            AFTER DELETE ON activity_history_part FOR EACH ROW
            BEGIN
            INSERT INTO deletion_trail (primary_record_id, secondary_record_id, table_name, account_id,  primary_id_name, secondary_id_name, deletion_time)
            VALUES (OLD.id, NULL, "activity_history_part", OLD.account_id, "id", NULL, NOW());
            END */;;
DELIMITER ;
/*!50003 SET sql_mode              = @saved_sql_mode */ ;
/*!50003 SET character_set_client  = @saved_cs_client */ ;
/*!50003 SET character_set_results = @saved_cs_results */ ;
/*!50003 SET collation_connection  = @saved_col_connection */ ;
ALTER DATABASE `pharmacy_keeper` CHARACTER SET latin1 COLLATE latin1_swedish_ci ;

--
-- Table structure for table `activity_history_part_sampling`
--

DROP TABLE IF EXISTS `activity_history_part_sampling`;
/*!40101 SET @saved_cs_client     = @@character_set_client */;
/*!40101 SET character_set_client = utf8 */;
CREATE TABLE `activity_history_part_sampling` (
  `id` int(10) unsigned NOT NULL AUTO_INCREMENT,
  `activity_history_part_id` int(10) unsigned DEFAULT NULL,
  `sample_date_taken` datetime DEFAULT NULL,
  `sample_time_taken` varchar(10) DEFAULT NULL,
  `sample_plate_lot` varchar(50) DEFAULT NULL,
  `sample_plate_expiration` date DEFAULT NULL,
  `not_applicable_fl` bit(1) DEFAULT b'0',
  PRIMARY KEY (`id`),
  KEY `activity_history_part_id` (`activity_history_part_id`),
  CONSTRAINT `activity_history_part_sampling_ibfk_1` FOREIGN KEY (`activity_history_part_id`) REFERENCES `activity_history_part` (`id`)
) ENGINE=InnoDB DEFAULT CHARSET=latin1;
/*!40101 SET character_set_client = @saved_cs_client */;

--
-- Dumping data for table `activity_history_part_sampling`
--

LOCK TABLES `activity_history_part_sampling` WRITE;
/*!40000 ALTER TABLE `activity_history_part_sampling` DISABLE KEYS */;
/*!40000 ALTER TABLE `activity_history_part_sampling` ENABLE KEYS */;
UNLOCK TABLES;

--
-- Table structure for table `activity_history_part_sampling_result`
--

DROP TABLE IF EXISTS `activity_history_part_sampling_result`;
/*!40101 SET @saved_cs_client     = @@character_set_client */;
/*!40101 SET character_set_client = utf8 */;
CREATE TABLE `activity_history_part_sampling_result` (
  `id` int(10) unsigned NOT NULL AUTO_INCREMENT,
  `activity_history_part_sampling_id` int(10) unsigned DEFAULT NULL,
  `incubation_number` varchar(20) NOT NULL,
  `recorded_by` int(10) unsigned DEFAULT NULL,
  `recorded_by_user` varchar(100) DEFAULT NULL,
  `recorded_value` varchar(20) DEFAULT NULL,
  `reading_date_taken` datetime DEFAULT NULL,
  `reading_time_taken` varchar(10) DEFAULT NULL,
  `status` varchar(20) DEFAULT NULL,
  `note` longtext,
  `not_applicable_fl` bit(1) DEFAULT b'0',
  `sampling_location_id` int(10) unsigned DEFAULT NULL,
  `last_updated` datetime DEFAULT NULL,
  PRIMARY KEY (`id`),
  KEY `activity_history_part_sampling_id` (`activity_history_part_sampling_id`),
  CONSTRAINT `activity_history_part_sampling_result_ibfk_1` FOREIGN KEY (`activity_history_part_sampling_id`) REFERENCES `activity_history_part_sampling` (`id`)
) ENGINE=InnoDB DEFAULT CHARSET=latin1;
/*!40101 SET character_set_client = @saved_cs_client */;

--
-- Dumping data for table `activity_history_part_sampling_result`
--

LOCK TABLES `activity_history_part_sampling_result` WRITE;
/*!40000 ALTER TABLE `activity_history_part_sampling_result` DISABLE KEYS */;
/*!40000 ALTER TABLE `activity_history_part_sampling_result` ENABLE KEYS */;
UNLOCK TABLES;

--
-- Table structure for table `activity_history_requirement`
--

DROP TABLE IF EXISTS `activity_history_requirement`;
/*!40101 SET @saved_cs_client     = @@character_set_client */;
/*!40101 SET character_set_client = utf8 */;
CREATE TABLE `activity_history_requirement` (
  `id` int(10) unsigned NOT NULL AUTO_INCREMENT,
  `account_id` int(10) unsigned NOT NULL,
  `activity_history_id` int(10) unsigned NOT NULL,
  `name` varchar(400) DEFAULT NULL,
  `active_fl` bit(1) DEFAULT NULL,
  `last_updated_by` int(10) unsigned DEFAULT NULL,
  `last_updated_time` datetime DEFAULT NULL,
  `created_by` int(10) unsigned DEFAULT NULL,
  `created_time` datetime DEFAULT NULL,
  `inserted_by` int(10) unsigned DEFAULT NULL,
  `insert_time` datetime DEFAULT NULL,
  PRIMARY KEY (`id`),
  KEY `idx_activity_history_id` (`activity_history_id`)
) ENGINE=InnoDB DEFAULT CHARSET=latin1;
/*!40101 SET character_set_client = @saved_cs_client */;

--
-- Dumping data for table `activity_history_requirement`
--

LOCK TABLES `activity_history_requirement` WRITE;
/*!40000 ALTER TABLE `activity_history_requirement` DISABLE KEYS */;
/*!40000 ALTER TABLE `activity_history_requirement` ENABLE KEYS */;
UNLOCK TABLES;
ALTER DATABASE `pharmacy_keeper` CHARACTER SET latin1 COLLATE latin1_general_ci ;
/*!50003 SET @saved_cs_client      = @@character_set_client */ ;
/*!50003 SET @saved_cs_results     = @@character_set_results */ ;
/*!50003 SET @saved_col_connection = @@collation_connection */ ;
/*!50003 SET character_set_client  = latin1 */ ;
/*!50003 SET character_set_results = latin1 */ ;
/*!50003 SET collation_connection  = latin1_general_ci */ ;
/*!50003 SET @saved_sql_mode       = @@sql_mode */ ;
/*!50003 SET sql_mode              = 'ONLY_FULL_GROUP_BY,STRICT_TRANS_TABLES,NO_ZERO_IN_DATE,NO_ZERO_DATE,ERROR_FOR_DIVISION_BY_ZERO,NO_ENGINE_SUBSTITUTION' */ ;
DELIMITER ;;
/*!50003 CREATE*/ /*!50017 DEFINER=`root`@`localhost`*/ /*!50003 TRIGGER activity_history_requirement_deletion
            AFTER DELETE ON activity_history_requirement FOR EACH ROW
            BEGIN
            INSERT INTO deletion_trail (primary_record_id, secondary_record_id, table_name, account_id,  primary_id_name, secondary_id_name, deletion_time)
            VALUES (OLD.id, NULL, "activity_history_requirement", OLD.account_id, "id", NULL, NOW());
            END */;;
DELIMITER ;
/*!50003 SET sql_mode              = @saved_sql_mode */ ;
/*!50003 SET character_set_client  = @saved_cs_client */ ;
/*!50003 SET character_set_results = @saved_cs_results */ ;
/*!50003 SET collation_connection  = @saved_col_connection */ ;
ALTER DATABASE `pharmacy_keeper` CHARACTER SET latin1 COLLATE latin1_swedish_ci ;

--
-- Table structure for table `admin_link`
--

DROP TABLE IF EXISTS `admin_link`;
/*!40101 SET @saved_cs_client     = @@character_set_client */;
/*!40101 SET character_set_client = utf8 */;
CREATE TABLE `admin_link` (
  `id` int(10) unsigned NOT NULL AUTO_INCREMENT,
  `link_name` varchar(255) NOT NULL,
  `link_url` varchar(255) NOT NULL,
  `module_id` int(10) unsigned DEFAULT NULL,
  `required_setting` varchar(300) DEFAULT NULL,
  `hide_setting` varchar(300) DEFAULT NULL,
  `require_super_user` bit(1) NOT NULL DEFAULT b'1',
  PRIMARY KEY (`id`)
) ENGINE=InnoDB AUTO_INCREMENT=126 DEFAULT CHARSET=latin1;
/*!40101 SET character_set_client = @saved_cs_client */;

--
-- Dumping data for table `admin_link`
--

LOCK TABLES `admin_link` WRITE;
/*!40000 ALTER TABLE `admin_link` DISABLE KEYS */;
INSERT INTO `admin_link` VALUES (1,'Items','admin/items',2,NULL,'PKV_NOW_HIDE_DASHBOARD_BUTTONS_AND_LINKS',_binary '\0'),(2,'Labels','admin/labels',2,NULL,NULL,_binary '\0'),(3,'Label Values','admin/labelValues',2,NULL,'PKV_NOW_HIDE_DASHBOARD_BUTTONS_AND_LINKS',_binary '\0'),(4,'Locations','admin/locations',2,NULL,NULL,_binary '\0'),(5,'Statuses','admin/statuses',2,NULL,'PKV_NOW_HIDE_DASHBOARD_BUTTONS_AND_LINKS',_binary '\0'),(6,'Priorities','admin/priorities',2,NULL,NULL,_binary '\0'),(7,'Delivery Containers','admin/verification_v2/deliveryContainers',2,NULL,'PKV_NOW_HIDE_DASHBOARD_BUTTONS_AND_LINKS',_binary '\0'),(8,'Manage Delivery Containers','verification/v2/manageDeliveryContainers/Admin',2,NULL,'PKV_NOW_HIDE_DASHBOARD_BUTTONS_AND_LINKS',_binary '\0'),(9,'Feed Processing Instructions','admin/feedProcessingInstructions',2,'USE_NORMALIZED_WORKFLOW_DECISIONING',NULL,_binary '\0'),(10,'Feed Recipe Mappings','admin/feedRecipeMappings',2,'ALLOW_MAP_INCOMING_FEEDS_TO_RECIPE',NULL,_binary '\0'),(11,'Groups','admin/groups',2,NULL,NULL,_binary '\0'),(12,'Recipes','admin/recipes/standard',2,NULL,'PKV_NOW_HIDE_DASHBOARD_BUTTONS_AND_LINKS',_binary '\0'),(13,'External Content','admin/externalContent',2,'VERIFICATION_ADD_EXTERNAL_CONTENT',NULL,_binary '\0'),(14,'Map External Content to Recipes','admin/recipes/mapExternalContent',2,'VERIFICATION_ADD_EXTERNAL_CONTENT',NULL,_binary '\0'),(15,'Pharmacies','admin/pharmacies',2,NULL,NULL,_binary '\0'),(16,'Printers','admin/printers',2,NULL,'PKV_NOW_HIDE_DASHBOARD_BUTTONS_AND_LINKS',_binary '\0'),(17,'Print Queue','admin/printQueue',2,NULL,'PKV_NOW_HIDE_DASHBOARD_BUTTONS_AND_LINKS',_binary '\0'),(18,'Reject Reasons','admin/verification_v2/rejectReasons',2,NULL,NULL,_binary '\0'),(19,'Copy Order Reasons','admin/verification_v2/copyOrderReasons',2,NULL,NULL,_binary '\0'),(20,'Shifts','admin/shifts',2,NULL,'PKV_NOW_HIDE_DASHBOARD_BUTTONS_AND_LINKS',_binary '\0'),(21,'Views','admin/views',2,NULL,NULL,_binary '\0'),(22,'Barcodes','admin/barcodes',2,NULL,'PKV_NOW_HIDE_DASHBOARD_BUTTONS_AND_LINKS',_binary '\0'),(23,'Item Overrides','admin/itemDictionaryOverrides',2,NULL,'USE_NON_GSDD_ITEM_DICTIONARY,PKV_NOW_HIDE_DASHBOARD_BUTTONS_AND_LINKS',_binary '\0'),(24,'Workflow Management','admin/workflows',2,NULL,NULL,_binary '\0'),(25,'Generate State Labels','admin/stateLabels',2,NULL,'PKV_NOW_HIDE_DASHBOARD_BUTTONS_AND_LINKS',_binary '\0'),(26,'Analytics Workflow Mappings','admin/analyticsMapping',2,NULL,'PKV_NOW_HIDE_DASHBOARD_BUTTONS_AND_LINKS',_binary '\0'),(27,'Accounts','admin/accounts',NULL,NULL,NULL,_binary ''),(29,'Networks','admin/networks',NULL,NULL,NULL,_binary ''),(30,'LDAP Configuration','admin/ldapConfiguration',NULL,'USE_LDAP_FOR_AUTHENTICATION',NULL,_binary '\0'),(31,'Users','admin/users',NULL,NULL,NULL,_binary '\0'),(32,'Security Questions','admin/securityQuestions',NULL,'USE_SECURITY_QUESTIONS',NULL,_binary '\0'),(33,'Manage Allowed IP Addresses','admin/ipAddresses',NULL,'USE_IP_AUTHENTICATION',NULL,_binary '\0'),(34,'Password Rules','admin/passwordRules',NULL,NULL,NULL,_binary '\0'),(35,'Carts','admin/carts/carts',1,NULL,NULL,_binary '\0'),(36,'Templates','admin/carts/trayTemplates',1,NULL,NULL,_binary '\0'),(37,'Trays','admin/carts/trays',1,NULL,NULL,_binary '\0'),(38,'Alerts','admin/alerts',1,NULL,NULL,_binary '\0'),(39,'Items','admin/items',1,NULL,NULL,_binary '\0'),(40,'Labels','admin/labels',1,NULL,NULL,_binary '\0'),(41,'Locations','admin/locations',1,NULL,NULL,_binary '\0'),(42,'Views','admin/views',1,NULL,NULL,_binary '\0'),(43,'Barcodes','admin/barcodes',1,NULL,NULL,_binary '\0'),(44,'Migrate Item Dictionary to GSDD','admin/gsddMigration',1,NULL,NULL,_binary '\0'),(45,'Activities','admin/activities/activities',4,NULL,NULL,_binary '\0'),(46,'Alerts','admin/alerts',4,NULL,NULL,_binary '\0'),(47,'Locations','admin/locations',4,NULL,NULL,_binary '\0'),(48,'Subjects','admin/subjects',4,NULL,NULL,_binary '\0'),(49,'Groups','admin/groups',4,NULL,NULL,_binary '\0'),(50,'Sampling Activities','admin/activities/samplingActivities',4,NULL,NULL,_binary '\0'),(51,'Activity Requirements','admin/activities/requirements',4,NULL,NULL,_binary '\0'),(52,'Views','admin/views',4,NULL,NULL,_binary '\0'),(54,'Inspections','admin/inspections/inspections',3,NULL,NULL,_binary '\0'),(55,'Inspection Templates','admin/inspections/templates',3,NULL,NULL,_binary '\0'),(56,'Alerts','admin/alerts',3,NULL,NULL,_binary '\0'),(57,'Locations','admin/locations',3,NULL,NULL,_binary '\0'),(58,'Groups','admin/groups',3,NULL,NULL,_binary '\0'),(59,'Acknowledgement/Signoffs','admin/inspections/approvalNotifications',3,NULL,NULL,_binary '\0'),(60,'Create Bulk Inspections','admin/inspections/bulkinspections',3,NULL,NULL,_binary ''),(61,'Views','admin/views',3,NULL,NULL,_binary '\0'),(62,'Training Templates','admin/training/templates',9,NULL,NULL,_binary '\0'),(63,'Training Groups','admin/training/groups',9,NULL,NULL,_binary '\0'),(64,'Training Scheduling','admin/training/scheduling',9,NULL,NULL,_binary '\0'),(65,'Alerts','admin/alerts',9,NULL,NULL,_binary '\0'),(66,'External Content','admin/externalContent',9,NULL,NULL,_binary '\0'),(67,'Views','admin/views',9,NULL,NULL,_binary '\0'),(68,'Labels','admin/labels',10,NULL,NULL,_binary '\0'),(70,'Locations','admin/locations',10,NULL,NULL,_binary '\0'),(71,'Statuses','admin/statuses',10,NULL,NULL,_binary '\0'),(73,'Delivery Containers','admin/verification_v2/deliveryContainers',10,NULL,NULL,_binary '\0'),(74,'Manage Delivery Containers','verification/v2/manageDeliveryContainers/Admin',10,NULL,NULL,_binary '\0'),(75,'Groups','admin/groups',10,NULL,NULL,_binary '\0'),(76,'Pharmacies','admin/pharmacies',10,NULL,NULL,_binary '\0'),(77,'Printers','admin/printers',10,NULL,NULL,_binary '\0'),(78,'Print Queue','admin/printQueue',10,NULL,NULL,_binary '\0'),(79,'Shifts','admin/shifts',10,NULL,NULL,_binary '\0'),(80,'Generate State Labels','admin/stateLabels',10,NULL,NULL,_binary '\0'),(81,'Analytics Workflow Mappings','admin/analyticsMapping',10,NULL,NULL,_binary '\0'),(82,'Views','admin/views',10,NULL,NULL,_binary '\0'),(83,'Priorities','admin/priorities',10,NULL,NULL,_binary '\0'),(84,'Barcodes','admin/barcodes',10,NULL,NULL,_binary '\0'),(85,'Print a Sheet of Labels','admin/printSheetOfLabels',2,'USE_SERIALIZATION_STAMPS',NULL,_binary '\0'),(86,'System Message','admin/systemMessage',NULL,NULL,NULL,_binary ''),(87,'Data Management Jobs','admin/siteDataManagement/list',NULL,NULL,NULL,_binary ''),(88,'Equipment','admin/verification_v2/equipment',2,NULL,NULL,_binary '\0'),(89,'Groups','admin/groups',9,NULL,NULL,_binary '\0'),(90,'Convert Schedules to Universal Scheduler','admin/convertToUniversal',NULL,NULL,NULL,_binary ''),(91,'Manually Run Scheduler (Dev use ONLY)','admin/manuallyRunScheduler',NULL,NULL,NULL,_binary ''),(92,'User Roles','admin/userRoles',NULL,NULL,NULL,_binary '\0'),(95,'Gravimetric Items','admin/gravimetricItems',2,'ENABLE_GRAVIMETRICS',NULL,_binary '\0'),(96,'Volumetric Configurations','admin/volumetricConfigurations',2,'ENABLE_GRAVIMETRICS',NULL,_binary '\0'),(97,'Print Hands Free Mode Camera QR Codes','admin/verification/printHandsFreeModeQRCodes',2,NULL,NULL,_binary '\0'),(98,'Views','admin/views',12,NULL,NULL,_binary '\0'),(99,'Barcodes','admin/barcodes',12,NULL,NULL,_binary '\0'),(100,'Locations','admin/locations',12,NULL,NULL,_binary '\0'),(101,'Gravimetric Override Reasons','admin/verification_v2/gravimetricRejectReasons',2,'ENABLE_GRAVIMETRICS',NULL,_binary '\0'),(102,'Sampling Locations','admin/activities/samplingLocations',4,'ADD_STANDARDIZED_SAMPLING_LOCATIONS',NULL,_binary '\0'),(103,'Upload Recipe Mappings (Dev use ONLY)','admin/feedRecipeMappings/uploadRecipeMappings',2,'ALLOW_MAP_INCOMING_FEEDS_TO_RECIPE',NULL,_binary ''),(104,'Views','admin/views',13,NULL,NULL,_binary '\0'),(105,'External Systems','admin/barcodes/barcodesExternalSystems',13,NULL,NULL,_binary '\0'),(106,'Groups','admin/groups',12,NULL,NULL,_binary '\0'),(108,'Alerts','admin/alerts',13,NULL,NULL,_binary '\0'),(109,'EPIC Outbound Translations','admin/outboundTranslations',2,'SEND_LIGHTWEIGHT_OUTBOUND_EPIC_MESSAGE',NULL,_binary '\0'),(111,'BUD Shortcut Buttons','admin/verification_v2/budShortcutButtons',2,NULL,NULL,_binary '\0'),(112,'Quick BUD update','admin/verification_v2/budShortcutButtons/recipe_only',2,NULL,'PKV_NOW_HIDE_DASHBOARD_BUTTONS_AND_LINKS',_binary '\0'),(113,'Manufacturers','admin/manufacturers',2,NULL,NULL,_binary ''),(114,'Migrate Recipes','admin/migrateRecipes',2,'MAP_FEED_ORDERS_USING_RECIPE_ITEMS',NULL,_binary ''),(115,'QA Checklist','admin/QAChecklist',2,NULL,NULL,_binary '\0'),(116,'Amount Waste Reasons','admin/verification_v2/amountWasteReasons',2,NULL,'PKV_NOW_HIDE_DASHBOARD_BUTTONS_AND_LINKS',_binary '\0'),(117,'Camera Widget Configuration','admin/cameraWidgetConfiguration',2,NULL,NULL,_binary '\0'),(118,'Create Bulk Trainings','admin/training/bulkTrainingSchedule',9,NULL,NULL,_binary '\0'),(119,'Return Reasons','admin/verification_v2/returnReasons',2,NULL,'PKV_NOW_HIDE_DASHBOARD_BUTTONS_AND_LINKS',_binary '\0'),(120,'Units','admin/units',2,'ENABLE_FILL_FROM_BULK_DILUTIONS,ENABLE_BATCH_VARIABLE_RECIPES,ENABLE_GRAVIMETRICS,SEND_OUTBOUND_EPIC_MESSAGE',NULL,_binary '\0'),(121,'OCR Label Configuration','admin/ocrLabelConfiguration',2,'ENABLE_OCR_LABEL_INTERFACE',NULL,_binary '\0'),(122,'Views','admin/views',16,NULL,NULL,_binary '\0'),(123,'User Profile Configuration','admin/userProfileConfiguration',NULL,'ENABLE_AUTO_PROVISIONING_USERS_SCIM',NULL,_binary '\0'),(124,'Sensors','admin/sensors/loadSensors',2,'ENVIRONMENTAL_MONITORING',NULL,_binary '\0'),(125,'Sensors','admin/sensors/loadSensors',4,'ENVIRONMENTAL_MONITORING',NULL,_binary '\0');
/*!40000 ALTER TABLE `admin_link` ENABLE KEYS */;
UNLOCK TABLES;

--
-- Table structure for table `admin_link_permission`
--

DROP TABLE IF EXISTS `admin_link_permission`;
/*!40101 SET @saved_cs_client     = @@character_set_client */;
/*!40101 SET character_set_client = utf8 */;
CREATE TABLE `admin_link_permission` (
  `admin_link_id` int(10) unsigned NOT NULL,
  `permission_id` int(10) unsigned NOT NULL,
  KEY `idx_admin_link_id` (`admin_link_id`)
) ENGINE=InnoDB DEFAULT CHARSET=latin1;
/*!40101 SET character_set_client = @saved_cs_client */;

--
-- Dumping data for table `admin_link_permission`
--

LOCK TABLES `admin_link_permission` WRITE;
/*!40000 ALTER TABLE `admin_link_permission` DISABLE KEYS */;
INSERT INTO `admin_link_permission` VALUES (110,56),(118,38),(118,57),(118,61),(121,15);
/*!40000 ALTER TABLE `admin_link_permission` ENABLE KEYS */;
UNLOCK TABLES;

--
-- Table structure for table `admin_link_role`
--

DROP TABLE IF EXISTS `admin_link_role`;
/*!40101 SET @saved_cs_client     = @@character_set_client */;
/*!40101 SET character_set_client = utf8 */;
CREATE TABLE `admin_link_role` (
  `admin_link_id` int(10) unsigned NOT NULL,
  `role_id` int(10) unsigned NOT NULL,
  KEY `idx_admin_link_role_admin_link_id` (`admin_link_id`)
) ENGINE=InnoDB DEFAULT CHARSET=latin1;
/*!40101 SET character_set_client = @saved_cs_client */;

--
-- Dumping data for table `admin_link_role`
--

LOCK TABLES `admin_link_role` WRITE;
/*!40000 ALTER TABLE `admin_link_role` DISABLE KEYS */;
INSERT INTO `admin_link_role` VALUES (27,5),(29,5),(30,5),(30,4),(31,5),(31,4),(32,5),(32,4),(33,5),(33,4),(34,5),(34,4),(86,5),(87,5),(90,5),(91,5),(92,5),(92,4),(35,3),(36,3),(37,3),(38,3),(39,3),(40,3),(41,3),(42,3),(43,3),(44,3),(35,5),(36,5),(37,5),(38,5),(39,5),(40,5),(41,5),(42,5),(43,5),(44,5),(1,8),(2,8),(3,8),(4,8),(5,8),(6,8),(7,8),(8,8),(9,8),(10,8),(11,8),(12,8),(15,8),(16,8),(17,8),(18,8),(19,8),(20,8),(21,8),(22,8),(23,8),(24,8),(25,8),(26,8),(85,8),(88,8),(95,8),(96,8),(97,8),(101,8),(109,8),(111,8),(112,8),(113,5),(114,5),(103,5),(13,8),(14,8),(13,5),(14,5),(1,5),(2,5),(3,5),(4,5),(5,5),(6,5),(7,5),(8,5),(9,5),(10,5),(11,5),(12,5),(15,5),(16,5),(17,5),(18,5),(19,5),(20,5),(21,5),(22,5),(23,5),(24,5),(25,5),(26,5),(85,5),(88,5),(95,5),(96,5),(97,5),(101,5),(109,5),(111,5),(112,5),(54,10),(55,10),(56,10),(57,10),(58,10),(59,10),(60,5),(61,10),(54,5),(55,5),(56,5),(57,5),(58,5),(59,5),(61,5),(45,16),(45,39),(46,16),(47,16),(48,16),(49,16),(50,16),(50,39),(51,16),(52,16),(102,16),(45,5),(46,5),(47,5),(48,5),(49,5),(50,5),(51,5),(52,5),(102,5),(62,24),(62,38),(63,24),(64,24),(64,38),(65,24),(66,24),(67,24),(89,24),(62,5),(63,5),(64,5),(65,5),(66,5),(67,5),(89,5),(68,25),(70,25),(71,25),(73,25),(74,25),(75,25),(76,25),(77,25),(78,25),(79,25),(80,25),(81,25),(82,25),(83,25),(84,25),(68,5),(70,5),(71,5),(73,5),(74,5),(75,5),(76,5),(77,5),(78,5),(79,5),(80,5),(81,5),(82,5),(83,5),(84,5),(98,30),(99,30),(100,30),(106,30),(98,5),(99,5),(100,5),(106,5),(104,32),(105,32),(108,32),(104,5),(105,5),(108,5),(115,8),(116,8),(116,5),(117,8),(117,5),(118,24),(118,38),(118,42),(31,3),(31,8),(31,10),(31,16),(31,24),(31,25),(31,30),(31,32),(92,3),(92,8),(92,10),(92,16),(92,24),(92,25),(92,30),(92,32),(34,3),(34,8),(34,10),(34,16),(34,24),(34,25),(34,30),(34,32),(119,8),(119,5),(120,5),(120,8),(121,8),(121,37),(122,46),(122,5),(123,4),(123,5),(124,8),(125,16),(31,48),(92,48);
/*!40000 ALTER TABLE `admin_link_role` ENABLE KEYS */;
UNLOCK TABLES;

--
-- Table structure for table `adtmessage`
--

DROP TABLE IF EXISTS `adtmessage`;
/*!40101 SET @saved_cs_client     = @@character_set_client */;
/*!40101 SET character_set_client = utf8 */;
CREATE TABLE `adtmessage` (
  `AdtID` int(10) unsigned NOT NULL AUTO_INCREMENT,
  `FacilityID` int(11) NOT NULL,
  `Processed` bit(1) DEFAULT b'0',
  `ProcessCode` varchar(255) DEFAULT NULL,
  `LogDateTime` timestamp NOT NULL DEFAULT CURRENT_TIMESTAMP,
  `MessageDateTime` datetime DEFAULT NULL,
  `PatientNumber` varchar(255) DEFAULT NULL,
  `Delivery` varchar(255) DEFAULT NULL,
  `Room` varchar(255) DEFAULT NULL,
  `Bed` varchar(255) DEFAULT NULL,
  `pk_processed` bit(1) NOT NULL DEFAULT b'0',
  PRIMARY KEY (`AdtID`),
  KEY `idx_adt_pk_processed` (`pk_processed`),
  KEY `idx_adt_processed` (`FacilityID`,`Processed`),
  KEY `idx_adt_searching` (`FacilityID`,`MessageDateTime`,`PatientNumber`),
  KEY `idx_adtmessage_logdatetime` (`LogDateTime`)
) ENGINE=InnoDB DEFAULT CHARSET=latin1;
/*!40101 SET character_set_client = @saved_cs_client */;

--
-- Dumping data for table `adtmessage`
--

LOCK TABLES `adtmessage` WRITE;
/*!40000 ALTER TABLE `adtmessage` DISABLE KEYS */;
/*!40000 ALTER TABLE `adtmessage` ENABLE KEYS */;
UNLOCK TABLES;

--
-- Table structure for table `alert_definition`
--

DROP TABLE IF EXISTS `alert_definition`;
/*!40101 SET @saved_cs_client     = @@character_set_client */;
/*!40101 SET character_set_client = utf8 */;
CREATE TABLE `alert_definition` (
  `id` int(10) unsigned NOT NULL AUTO_INCREMENT,
  `account_id` int(10) unsigned NOT NULL,
  `module_id` int(10) unsigned DEFAULT NULL,
  `name` varchar(100) DEFAULT NULL,
  `description` longtext,
  `failure_notification` bit(1) DEFAULT NULL,
  `failure_notification_prior_days` int(10) unsigned DEFAULT NULL,
  `failure_notification_immediate` bit(1) DEFAULT NULL,
  `complete_notification` bit(1) DEFAULT NULL,
  `complete_notification_prior_days` int(10) unsigned DEFAULT NULL,
  `complete_notification_immediate` bit(1) DEFAULT NULL,
  `past_due_notification` bit(1) DEFAULT NULL,
  `past_due_notification_prior_days` int(10) unsigned DEFAULT NULL,
  `upcoming_notification` bit(1) DEFAULT NULL,
  `upcoming_notification_future_days` int(10) unsigned DEFAULT NULL,
  `emails` longtext,
  `hide_today` bit(1) DEFAULT NULL,
  `active` bit(1) NOT NULL DEFAULT b'1',
  `minimum_compliance_percentage` int(10) unsigned DEFAULT NULL,
  `notify_on_scheduling` bit(1) NOT NULL DEFAULT b'0',
  `analytics_report` bit(1) DEFAULT b'0',
  `analytics_report_lookback_days` int(10) unsigned DEFAULT NULL,
  `analytics_report_lookback_months` int(10) unsigned DEFAULT NULL,
  `summary_notification` bit(1) DEFAULT b'0',
  `analytics_report_type` varchar(55) DEFAULT NULL,
  `use_new_scheduler` bit(1) NOT NULL DEFAULT b'0',
  `include_current_day_in_past_due` bit(1) DEFAULT b'0',
  `rejected_barcodes_notification` bit(1) DEFAULT b'0',
  `rejected_barcodes_notification_immediate` bit(1) DEFAULT b'0',
  `rejected_barcodes_notification_prior_days` int(11) DEFAULT NULL,
  `send_individual_emails_to_trainees` bit(1) DEFAULT b'0',
  `network_activity_daily_digest_notification` bit(1) DEFAULT b'0',
  PRIMARY KEY (`id`)
) ENGINE=InnoDB DEFAULT CHARSET=latin1;
/*!40101 SET character_set_client = @saved_cs_client */;

--
-- Dumping data for table `alert_definition`
--

LOCK TABLES `alert_definition` WRITE;
/*!40000 ALTER TABLE `alert_definition` DISABLE KEYS */;
/*!40000 ALTER TABLE `alert_definition` ENABLE KEYS */;
UNLOCK TABLES;

--
-- Table structure for table `alert_definition_activity_definition`
--

DROP TABLE IF EXISTS `alert_definition_activity_definition`;
/*!40101 SET @saved_cs_client     = @@character_set_client */;
/*!40101 SET character_set_client = utf8 */;
CREATE TABLE `alert_definition_activity_definition` (
  `alert_definition_id` int(10) unsigned DEFAULT NULL,
  `activity_definition_id` int(10) unsigned DEFAULT NULL,
  KEY `idx_alert_definition_id` (`alert_definition_id`)
) ENGINE=InnoDB DEFAULT CHARSET=latin1;
/*!40101 SET character_set_client = @saved_cs_client */;

--
-- Dumping data for table `alert_definition_activity_definition`
--

LOCK TABLES `alert_definition_activity_definition` WRITE;
/*!40000 ALTER TABLE `alert_definition_activity_definition` DISABLE KEYS */;
/*!40000 ALTER TABLE `alert_definition_activity_definition` ENABLE KEYS */;
UNLOCK TABLES;

--
-- Table structure for table `alert_definition_cart_location`
--

DROP TABLE IF EXISTS `alert_definition_cart_location`;
/*!40101 SET @saved_cs_client     = @@character_set_client */;
/*!40101 SET character_set_client = utf8 */;
CREATE TABLE `alert_definition_cart_location` (
  `alert_definition_id` int(10) unsigned DEFAULT NULL,
  `location_id` int(10) unsigned DEFAULT NULL,
  KEY `idx_alert_definition_id` (`alert_definition_id`)
) ENGINE=InnoDB DEFAULT CHARSET=latin1;
/*!40101 SET character_set_client = @saved_cs_client */;

--
-- Dumping data for table `alert_definition_cart_location`
--

LOCK TABLES `alert_definition_cart_location` WRITE;
/*!40000 ALTER TABLE `alert_definition_cart_location` DISABLE KEYS */;
/*!40000 ALTER TABLE `alert_definition_cart_location` ENABLE KEYS */;
UNLOCK TABLES;

--
-- Table structure for table `alert_definition_inspection`
--

DROP TABLE IF EXISTS `alert_definition_inspection`;
/*!40101 SET @saved_cs_client     = @@character_set_client */;
/*!40101 SET character_set_client = utf8 */;
CREATE TABLE `alert_definition_inspection` (
  `alert_definition_id` int(10) unsigned DEFAULT NULL,
  `inspection_id` int(10) unsigned DEFAULT NULL,
  `id` int(10) unsigned NOT NULL AUTO_INCREMENT,
  `summary_completed_prior_days` int(10) unsigned DEFAULT NULL,
  `summary_completed_minimum_compliance_percentage` int(10) unsigned DEFAULT NULL,
  `summary_upcoming_future_days` int(10) unsigned DEFAULT NULL,
  `summary_past_due_prior_days` int(10) unsigned DEFAULT NULL,
  `last_updated_by` int(10) unsigned DEFAULT NULL,
  `last_updated_time` datetime DEFAULT NULL,
  `created_by` int(10) unsigned DEFAULT NULL,
  `created_time` datetime DEFAULT NULL,
  PRIMARY KEY (`id`),
  KEY `fk_alert_definition_inspection_ad` (`alert_definition_id`),
  KEY `fk_alert_definition_inspection_ins` (`inspection_id`),
  CONSTRAINT `fk_alert_definition_inspection_ad` FOREIGN KEY (`alert_definition_id`) REFERENCES `alert_definition` (`id`) ON DELETE NO ACTION ON UPDATE NO ACTION,
  CONSTRAINT `fk_alert_definition_inspection_ins` FOREIGN KEY (`inspection_id`) REFERENCES `inspection` (`id`) ON DELETE NO ACTION ON UPDATE NO ACTION
) ENGINE=InnoDB DEFAULT CHARSET=latin1;
/*!40101 SET character_set_client = @saved_cs_client */;

--
-- Dumping data for table `alert_definition_inspection`
--

LOCK TABLES `alert_definition_inspection` WRITE;
/*!40000 ALTER TABLE `alert_definition_inspection` DISABLE KEYS */;
/*!40000 ALTER TABLE `alert_definition_inspection` ENABLE KEYS */;
UNLOCK TABLES;

--
-- Table structure for table `alert_definition_training_definition_schedule`
--

DROP TABLE IF EXISTS `alert_definition_training_definition_schedule`;
/*!40101 SET @saved_cs_client     = @@character_set_client */;
/*!40101 SET character_set_client = utf8 */;
CREATE TABLE `alert_definition_training_definition_schedule` (
  `alert_definition_id` int(10) unsigned DEFAULT NULL,
  `training_definition_schedule_id` int(10) unsigned DEFAULT NULL,
  KEY `idx_alert_definition_id` (`alert_definition_id`)
) ENGINE=InnoDB DEFAULT CHARSET=latin1;
/*!40101 SET character_set_client = @saved_cs_client */;

--
-- Dumping data for table `alert_definition_training_definition_schedule`
--

LOCK TABLES `alert_definition_training_definition_schedule` WRITE;
/*!40000 ALTER TABLE `alert_definition_training_definition_schedule` DISABLE KEYS */;
/*!40000 ALTER TABLE `alert_definition_training_definition_schedule` ENABLE KEYS */;
UNLOCK TABLES;

--
-- Table structure for table `alert_definition_training_trainee`
--

DROP TABLE IF EXISTS `alert_definition_training_trainee`;
/*!40101 SET @saved_cs_client     = @@character_set_client */;
/*!40101 SET character_set_client = utf8 */;
CREATE TABLE `alert_definition_training_trainee` (
  `alert_definition_id` int(10) unsigned DEFAULT NULL,
  `user_id` int(10) unsigned DEFAULT NULL,
  KEY `idx_alert_definition_id` (`alert_definition_id`)
) ENGINE=InnoDB DEFAULT CHARSET=latin1;
/*!40101 SET character_set_client = @saved_cs_client */;

--
-- Dumping data for table `alert_definition_training_trainee`
--

LOCK TABLES `alert_definition_training_trainee` WRITE;
/*!40000 ALTER TABLE `alert_definition_training_trainee` DISABLE KEYS */;
/*!40000 ALTER TABLE `alert_definition_training_trainee` ENABLE KEYS */;
UNLOCK TABLES;

--
-- Table structure for table `alert_defintion_users`
--

DROP TABLE IF EXISTS `alert_defintion_users`;
/*!40101 SET @saved_cs_client     = @@character_set_client */;
/*!40101 SET character_set_client = utf8 */;
CREATE TABLE `alert_defintion_users` (
  `alert_definition_id` int(10) unsigned DEFAULT NULL,
  `user_id` int(10) unsigned DEFAULT NULL,
  KEY `idx_alert_definition_id` (`alert_definition_id`)
) ENGINE=InnoDB DEFAULT CHARSET=latin1;
/*!40101 SET character_set_client = @saved_cs_client */;

--
-- Dumping data for table `alert_defintion_users`
--

LOCK TABLES `alert_defintion_users` WRITE;
/*!40000 ALTER TABLE `alert_defintion_users` DISABLE KEYS */;
/*!40000 ALTER TABLE `alert_defintion_users` ENABLE KEYS */;
UNLOCK TABLES;

--
-- Table structure for table `amount_unit`
--

DROP TABLE IF EXISTS `amount_unit`;
/*!40101 SET @saved_cs_client     = @@character_set_client */;
/*!40101 SET character_set_client = utf8 */;
CREATE TABLE `amount_unit` (
  `id` int(10) unsigned NOT NULL AUTO_INCREMENT,
  `account_id` int(10) unsigned DEFAULT NULL,
  `name` varchar(32) NOT NULL,
  `value` varchar(32) NOT NULL,
  `active_fl` bit(1) NOT NULL DEFAULT b'1',
  `type` varchar(50) NOT NULL DEFAULT 'STANDARD',
  `last_updated_by` int(10) unsigned DEFAULT NULL,
  `last_updated_time` datetime DEFAULT NULL,
  `created_by` int(10) unsigned DEFAULT NULL,
  `created_time` datetime DEFAULT NULL,
  PRIMARY KEY (`id`)
) ENGINE=InnoDB AUTO_INCREMENT=29 DEFAULT CHARSET=latin1;
/*!40101 SET character_set_client = @saved_cs_client */;

--
-- Dumping data for table `amount_unit`
--

LOCK TABLES `amount_unit` WRITE;
/*!40000 ALTER TABLE `amount_unit` DISABLE KEYS */;
INSERT INTO `amount_unit` VALUES (1,NULL,'g','g',_binary '','STANDARD',NULL,NULL,NULL,NULL),(2,NULL,'mg','mg',_binary '','STANDARD',NULL,NULL,NULL,NULL),(3,NULL,'mL','mL',_binary '','STANDARD',NULL,NULL,NULL,NULL),(4,NULL,'units','units',_binary '','STANDARD',NULL,NULL,NULL,NULL),(5,NULL,'each','each',_binary '','STANDARD',NULL,NULL,NULL,NULL),(6,NULL,'bag','bag',_binary '','STANDARD',NULL,NULL,NULL,NULL),(7,NULL,'vial','vial',_binary '','STANDARD',NULL,NULL,NULL,NULL),(8,NULL,'mEq','mEq',_binary '','STANDARD',NULL,NULL,NULL,NULL),(9,NULL,'mmol','mmol',_binary '','STANDARD',NULL,NULL,NULL,NULL),(10,NULL,'mu','mu',_binary '','STANDARD',NULL,NULL,NULL,NULL),(11,NULL,'L','L',_binary '','STANDARD',NULL,NULL,NULL,NULL),(12,NULL,'mg/mL','mg/mL',_binary '','CONCENTRATION',NULL,NULL,NULL,NULL),(13,NULL,'mmol/mL','mmol/mL',_binary '','CONCENTRATION',NULL,NULL,NULL,NULL),(14,NULL,'mEq/mL','mEq/mL',_binary '','CONCENTRATION',NULL,NULL,NULL,NULL),(15,NULL,'mcg/mL','mcg/mL',_binary '','CONCENTRATION',NULL,NULL,NULL,NULL),(16,NULL,'mcg','mcg',_binary '','STANDARD',NULL,NULL,NULL,NULL),(17,2,'g','g',_binary '','STANDARD',NULL,NULL,NULL,NULL),(18,2,'mg','mg',_binary '','STANDARD',NULL,NULL,NULL,NULL),(19,2,'mL','mL',_binary '','STANDARD',NULL,NULL,NULL,NULL),(20,2,'units','units',_binary '','STANDARD',NULL,NULL,NULL,NULL),(21,2,'each','each',_binary '','STANDARD',NULL,NULL,NULL,NULL),(22,2,'bag','bag',_binary '','STANDARD',NULL,NULL,NULL,NULL),(23,2,'vial','vial',_binary '','STANDARD',NULL,NULL,NULL,NULL),(24,2,'mEq','mEq',_binary '','STANDARD',NULL,NULL,NULL,NULL),(25,2,'mmol','mmol',_binary '','STANDARD',NULL,NULL,NULL,NULL),(26,2,'mu','mu',_binary '','STANDARD',NULL,NULL,NULL,NULL),(27,2,'L','L',_binary '','STANDARD',NULL,NULL,NULL,NULL),(28,2,'mcg','mcg',_binary '','STANDARD',NULL,NULL,NULL,NULL);
/*!40000 ALTER TABLE `amount_unit` ENABLE KEYS */;
UNLOCK TABLES;

--
-- Table structure for table `amount_waste_reason`
--

DROP TABLE IF EXISTS `amount_waste_reason`;
/*!40101 SET @saved_cs_client     = @@character_set_client */;
/*!40101 SET character_set_client = utf8 */;
CREATE TABLE `amount_waste_reason` (
  `id` int(10) unsigned NOT NULL AUTO_INCREMENT,
  `account_id` int(11) NOT NULL,
  `name` varchar(255) NOT NULL,
  `active` bit(1) NOT NULL DEFAULT b'1',
  `last_updated_by` int(10) unsigned DEFAULT NULL,
  `last_updated_time` datetime DEFAULT NULL,
  `created_by` int(10) unsigned DEFAULT NULL,
  `created_time` datetime DEFAULT NULL,
  PRIMARY KEY (`id`)
) ENGINE=InnoDB DEFAULT CHARSET=latin1;
/*!40101 SET character_set_client = @saved_cs_client */;

--
-- Dumping data for table `amount_waste_reason`
--

LOCK TABLES `amount_waste_reason` WRITE;
/*!40000 ALTER TABLE `amount_waste_reason` DISABLE KEYS */;
/*!40000 ALTER TABLE `amount_waste_reason` ENABLE KEYS */;
UNLOCK TABLES;

--
-- Table structure for table `analytics_bucket_statuses`
--

DROP TABLE IF EXISTS `analytics_bucket_statuses`;
/*!40101 SET @saved_cs_client     = @@character_set_client */;
/*!40101 SET character_set_client = utf8 */;
CREATE TABLE `analytics_bucket_statuses` (
  `id` int(10) unsigned NOT NULL AUTO_INCREMENT,
  `analytics_bucket_id` int(11) DEFAULT NULL,
  `start_status_id` int(11) DEFAULT NULL,
  `end_status_id` int(11) DEFAULT NULL,
  `account_id` int(11) DEFAULT NULL,
  `workflow_id` int(11) DEFAULT NULL,
  `outlier_cutoff_time` int(11) DEFAULT NULL,
  `created_time` datetime DEFAULT NULL,
  `active_fl` bit(1) NOT NULL DEFAULT b'1',
  PRIMARY KEY (`id`)
) ENGINE=InnoDB DEFAULT CHARSET=latin1;
/*!40101 SET character_set_client = @saved_cs_client */;

--
-- Dumping data for table `analytics_bucket_statuses`
--

LOCK TABLES `analytics_bucket_statuses` WRITE;
/*!40000 ALTER TABLE `analytics_bucket_statuses` DISABLE KEYS */;
/*!40000 ALTER TABLE `analytics_bucket_statuses` ENABLE KEYS */;
UNLOCK TABLES;

--
-- Table structure for table `analytics_bucket_workflow_steps`
--

DROP TABLE IF EXISTS `analytics_bucket_workflow_steps`;
/*!40101 SET @saved_cs_client     = @@character_set_client */;
/*!40101 SET character_set_client = utf8 */;
CREATE TABLE `analytics_bucket_workflow_steps` (
  `id` int(10) unsigned NOT NULL AUTO_INCREMENT,
  `analytics_bucket_id` int(10) unsigned DEFAULT NULL,
  `workflow_start_step_id` int(10) unsigned DEFAULT NULL,
  `workflow_end_step_id` int(10) unsigned DEFAULT NULL,
  `account_id` int(10) unsigned DEFAULT NULL,
  `workflow_id` int(10) unsigned DEFAULT NULL,
  `outlier_cutoff_time` int(10) unsigned DEFAULT NULL,
  `created_time` datetime DEFAULT NULL,
  `active_fl` bit(1) NOT NULL DEFAULT b'1',
  PRIMARY KEY (`id`)
) ENGINE=InnoDB DEFAULT CHARSET=latin1;
/*!40101 SET character_set_client = @saved_cs_client */;

--
-- Dumping data for table `analytics_bucket_workflow_steps`
--

LOCK TABLES `analytics_bucket_workflow_steps` WRITE;
/*!40000 ALTER TABLE `analytics_bucket_workflow_steps` DISABLE KEYS */;
/*!40000 ALTER TABLE `analytics_bucket_workflow_steps` ENABLE KEYS */;
UNLOCK TABLES;

--
-- Table structure for table `analytics_buckets`
--

DROP TABLE IF EXISTS `analytics_buckets`;
/*!40101 SET @saved_cs_client     = @@character_set_client */;
/*!40101 SET character_set_client = utf8 */;
CREATE TABLE `analytics_buckets` (
  `id` int(10) unsigned NOT NULL AUTO_INCREMENT,
  `system_bucket_fl` bit(1) DEFAULT b'0',
  `module_id` int(10) unsigned DEFAULT NULL,
  `account_id` int(10) unsigned DEFAULT NULL,
  `name` varchar(255) DEFAULT NULL,
  `display_name` varchar(255) DEFAULT NULL,
  PRIMARY KEY (`id`)
) ENGINE=InnoDB AUTO_INCREMENT=5 DEFAULT CHARSET=latin1;
/*!40101 SET character_set_client = @saved_cs_client */;

--
-- Dumping data for table `analytics_buckets`
--

LOCK TABLES `analytics_buckets` WRITE;
/*!40000 ALTER TABLE `analytics_buckets` DISABLE KEYS */;
INSERT INTO `analytics_buckets` VALUES (1,_binary '',2,NULL,'componentCheck','Component Check'),(2,_binary '',2,NULL,'prepare','Prepare'),(3,_binary '',2,NULL,'approve','Approve'),(4,_binary '',2,NULL,'secondaryApproval','Secondary Approval');
/*!40000 ALTER TABLE `analytics_buckets` ENABLE KEYS */;
UNLOCK TABLES;

--
-- Table structure for table `application_configuration`
--

DROP TABLE IF EXISTS `application_configuration`;
/*!40101 SET @saved_cs_client     = @@character_set_client */;
/*!40101 SET character_set_client = utf8 */;
CREATE TABLE `application_configuration` (
  `id` int(10) unsigned NOT NULL AUTO_INCREMENT,
  `name` varchar(200) NOT NULL,
  `value` varchar(200) NOT NULL,
  `description` varchar(500) DEFAULT NULL,
  `last_updated_by` int(10) unsigned DEFAULT NULL,
  `last_updated_time` datetime DEFAULT NULL,
  `created_by` int(10) unsigned DEFAULT NULL,
  `created_time` datetime DEFAULT NULL,
  PRIMARY KEY (`id`)
) ENGINE=InnoDB AUTO_INCREMENT=79 DEFAULT CHARSET=latin1;
/*!40101 SET character_set_client = @saved_cs_client */;

--
-- Dumping data for table `application_configuration`
--

LOCK TABLES `application_configuration` WRITE;
/*!40000 ALTER TABLE `application_configuration` DISABLE KEYS */;
INSERT INTO `application_configuration` VALUES (1,'uploadedImagesPath','/tmp/pk_images','Temp Location of PK images before they are moved to S3',NULL,NULL,NULL,NULL),(2,'verificationImagesS3Bucket','verification/images','Location of verification images bucket on S3',NULL,NULL,NULL,NULL),(3,'inspectionsImagesS3Bucket','inspections/images','Location of inspections images bucket on S3',NULL,NULL,NULL,NULL),(4,'inspectionsSignaturesS3Bucket','inspections/signatures','Location of inspections signatures bucket on S3',NULL,NULL,NULL,NULL),(5,'sendAlerts','FALSE','Boolean value whether or not to send alerts',NULL,NULL,NULL,NULL),(6,'environment','dev','Name of the environment',NULL,NULL,NULL,NULL),(7,'testEmailAddress','quenten.vanegeren@medkeeper.com','Test email address to use for all emails',NULL,NULL,NULL,NULL),(8,'labelConfigurationBarcodeImagePath','/tmp/pk_barcodes','',NULL,NULL,NULL,NULL),(9,'notificationServerUrl','https://cp.pushwoosh.com/json/1.3/createMessage','',NULL,NULL,NULL,NULL),(10,'notificationServerApplicationCode','C69AA-0CF1A','',NULL,NULL,NULL,NULL),(11,'notificationServerAuthToken','m9PLh474AQDrkyxWRwdcMXALp0ZwixLoT3IksjVlEtA53VjH1VnIwOz1FjT8c2Zsfg6z75nG2Ok4/JttYq0+','',NULL,NULL,NULL,NULL),(12,'inspectionHistoryUrl','http://localhost:8080/pk/app/inspections/performInspection/historyFromExternal/','',NULL,NULL,NULL,NULL),(13,'scheduleAlerts','FALSE','Whether or not to run the scheduler to send alert events',NULL,NULL,NULL,NULL),(14,'baseBucketUrl','pharmacykeeper_dev','Base Bucket URL used for S3',NULL,NULL,NULL,NULL),(15,'inspectionsAnalyticsUrl','http://54.236.217.120/pentaho/content/pentaho-cdf-dd/Render?solution=Inspections_Demo&path=&file=Inspections+Analytics+Dashboard.wcdf','Inspections Analytics URL',NULL,NULL,NULL,NULL),(16,'storeUserContentLocally','FALSE','Whether or not to use S3 or local file system for file\n            storage',NULL,NULL,NULL,NULL),(17,'localhostFilePath','/opt/tomcat6/pk_files','File location on localhost',NULL,NULL,NULL,NULL),(18,'localhostServerPath','http://localhost:8080/images','Server:port/mapped image path from server.xml',NULL,NULL,NULL,NULL),(19,'uploadedSpreadsheetsPath','/tmp/pk_spreadsheets','Temp Location of uploaded spreadsheets',NULL,NULL,NULL,NULL),(20,'allowableRemoteIps','0:0:0:0:0:0:0:1%0,10.91.91.125,10.91.91.59','IPs that are allowed remote access into certain web services.',NULL,NULL,NULL,NULL),(21,'deploymentType','SAAS','How was the application deployed (SAAS, ENTERPRISE)',NULL,NULL,NULL,NULL),(22,'refreshProcessorAccountCache','true','Let the Scan and Feed processors know if they should refresh the Account cache.',NULL,NULL,NULL,NULL),(23,'verificationAnalyticsUrl','http://54.236.217.120/pentaho/content/pentaho-cdf-dd/Render?solution=Verification&path=&file=Verification+Analytics+Dashboard.wcdf','Verification Analytics URL',NULL,NULL,NULL,NULL),(24,'activitiesAnalyticsUrl','http://54.236.217.120/pentaho/content/pentaho-cdf-dd/Render?solution=PKActivities&path=&file=Activities+Analytics+Summary.wcdf','Activities Analytics URL',NULL,NULL,NULL,NULL),(25,'inspectionsNetworkAnalyticsUrl','http://54.236.217.120/pentaho/content/pentaho-cdf-dd/Render?solution=Inspections&path=&file=Network+Analytics+Summary.wcdf','Verification Analytics URL',NULL,NULL,NULL,NULL),(26,'activitiesNetworkAnalyticsUrl','http://54.236.217.120/pentaho/content/pentaho-cdf-dd/Render?solution=PKActivities&path=&file=Network+Analytics+Summary.wcdf','Verification Analytics URL',NULL,NULL,NULL,NULL),(27,'pharmacyKeeperWikiUrl','http://wiki.pharmacykeeper.com/wiki','Pharmacy Keeper Wiki URL',NULL,NULL,NULL,NULL),(28,'baseAddress','localhost:8080/pk','Base address used by the application',NULL,NULL,NULL,NULL),(29,'windowsPrintPath','C:/tmp/pk_print','Temp pdf location for windows auto printing',NULL,NULL,NULL,NULL),(30,'externalContentS3Bucket','external_content','Temp pdf location for windows auto printing',NULL,NULL,NULL,NULL),(31,'uploadedExternalContentPath','/usr/share/tomcat6/pk_external_content','Temp pdf location for windows auto printing',NULL,NULL,NULL,NULL),(32,'localhostExternalContentPath','/opt/tomcat6/pk_external_content','Temp pdf location for windows auto printing',NULL,NULL,NULL,NULL),(33,'localhostExternalContentServerPath','http://localhost:8080/content','Server:port/mapped external content path from server.xml',NULL,NULL,NULL,NULL),(34,'scheduledInspectionUrl','https://suite.pharmacykeeper.com/pharmacykeeper/app/inspections/performInspection/scheduledInspectionFromExternal/','External scheduled inspection URL',NULL,NULL,NULL,NULL),(35,'databaseExtractS3Bucket','database_extract','File location for account database extract by module',NULL,NULL,NULL,NULL),(36,'tmpDatabaseExtractFilePath','/tmp/database_extract','Temp file location for account database extract by module before uploading to AWS',NULL,NULL,NULL,NULL),(37,'localhostDatabaseExtractFilePath','/usr/share/tomcat6/database_extract','File location for account database extract by module',NULL,NULL,NULL,NULL),(38,'localhostDatabaseExtractServerPath','http://localhost:8080/databaseExtract','Server path where database extract files are located',NULL,NULL,NULL,NULL),(39,'pkReportUsername','pharmacykeeper','Username for the PDF style reports through pentaho/',NULL,NULL,NULL,NULL),(40,'pkReportPassword','pkreports','Password for the PDF style reports through pentaho',NULL,NULL,NULL,NULL),(41,'phantomJSPath','/usr/share/tomcat6/pk_reports/bin/phantomjs','Full path to the phantomJS application',NULL,NULL,NULL,NULL),(42,'phantomJSScriptPath','/usr/share/tomcat6/pk_reports/js/getPageAsPdf.js','Full path to the script that PhaontomJS runs to render a web page as PDF',NULL,NULL,NULL,NULL),(43,'phantomJSPDFDirectory','/usr/share/tomcat6/pk_reports/output/','Full path to the directory phantomJS will output to',NULL,NULL,NULL,NULL),(44,'activityContentS3Bucket','activity/content','Location of activity content bucket on S3',NULL,NULL,NULL,NULL),(45,'activityContentFilePath','/usr/share/tomcat6/pk_activity_content','File location for activity content',NULL,NULL,NULL,NULL),(46,'activityContentLocalhostServerPath','http://localhost:8080/activity/content','Activity content local server path used for ENTERPRISE accounts',NULL,NULL,NULL,NULL),(47,'pkReportHost','https://report.pharmacykeeper.com','Host for the new Pentaho reports',NULL,NULL,NULL,NULL),(48,'protocol','https','Protocol used in the url. Change to \'http\' for enterprise not using ssl.',NULL,NULL,NULL,NULL),(49,'barcodesItemImagesS3Bucket','barcodes/images','Location of Barcodes images bucket on S3',NULL,NULL,NULL,NULL),(50,'baseBucketRegion','us-east-1','AWS region valid values: us-east-1, us-east-2, us-west-1, us-west-2, ca-central-1',NULL,NULL,NULL,NULL),(51,'lockAddNewAccounts','FALSE','Remove the add new account button from the ui',NULL,NULL,NULL,NULL),(52,'htmlTagsWhitelist','p','html tags to be whitelisted for Jsoup string cleaning for xss prevention',NULL,NULL,NULL,NULL),(53,'htmlAttributesWhitelist','border,cellpadding,cellspacing,style','html attributes to be whitelisted for Jsoup string cleaning for xss prevention',NULL,NULL,NULL,NULL),(54,'scheduledTrainingContentS3Bucket','training/content','Location of training content bucket on S3',NULL,NULL,NULL,NULL),(55,'scheduledTrainingContentFilePath','/usr/share/tomcat8/pk_training_content','File location for training content',NULL,NULL,NULL,NULL),(56,'scheduledTrainingContentLocalhostServerPath','http://localhost:8080/training/content','Training content local server path used for ENTERPRISE accounts',NULL,NULL,NULL,NULL),(57,'mobileAppVersion','2.6.0','Current Mobile Application Version',NULL,NULL,NULL,NULL),(58,'trackingAppVersion','1.5.0','Current Tracking Application Version',NULL,NULL,NULL,NULL),(59,'dataDumpRowSetSize','10000','Number of rows to reach before outputting to file',NULL,NULL,NULL,NULL),(60,'reportsFilePath','/usr/share/tomcat8/reports','Path to store reports on the file system (both before shipping to s3 when not storing files locally, and where the reports will be stored when storing locally)',NULL,NULL,NULL,NULL),(61,'reportsS3Bucket','reports','S3 path to upload reports to',NULL,NULL,NULL,NULL),(62,'reportsLocalhostServerPath','http://localhost:8080/report_files','URL to load reports from when storing user content locally',NULL,NULL,NULL,NULL),(63,'useJumpCloudAuthentication','TRUE','Use JumpCloud authentication for super users in SaaS environments only',NULL,NULL,NULL,NULL),(64,'jumpCloudLastLoginThreshold','24','When JumpCloud is down we will only locally login users within hours specified from last login threshold',NULL,NULL,NULL,NULL),(65,'allSupportedLocales','en,es','All supported locale languages',NULL,NULL,NULL,NULL),(66,'systemDocumentsBucket','medkeeper-published-documents-prod','Bucket name of the S3 bucket that the Documents module will use to look for System Documents in.',NULL,NULL,NULL,NULL),(67,'compoundContentS3Directory','verification/compounds','Location of compounds content bucket on S3',NULL,NULL,NULL,NULL),(68,'compoundContentFilePath','/usr/share/tomcat8/pk_compound_content','File location for compounds content',NULL,NULL,NULL,NULL),(69,'compoundContentLocalhostServerPath','http://localhost:8080/compounds/content','Compounds content local server path used for ENTERPRISE accounts',NULL,NULL,NULL,NULL),(70,'sessionCountLimit','10','The limit of non-expiring sessions per user',NULL,NULL,NULL,NULL),(71,'googleCloudCredentialFilePath','/usr/share/tomcat8/PharmacyKeeper-ba853ad4c69a.json','Path of the json file containing the google cloud credentials for the PK service user',NULL,NULL,NULL,NULL),(72,'matchingLogicVersion','1','Version number of the barcode matching logic to use',NULL,NULL,NULL,NULL),(73,'matchingLogicVersionToTest','1.1','Version number of the barcode matching logic to run in shadow mode and compare to the live version',NULL,NULL,NULL,NULL),(74,'ocrPrependSpaceCharacterList',',.!\"\'?_~:;\\/-)]','Character list used when construction sentences from words.  These characters will not get a space added *before* them.  Has default values if not supplied',NULL,NULL,NULL,NULL),(75,'ocrAppendSpaceCharacterList','\"\'#%&[(-/\\.,','Character list used when construction sentences from words.  These characters will not get a space added *after* them.  Has default values if not supplied',NULL,NULL,NULL,NULL),(76,'GS1AIMIDsSupported',']d2,]C1,]e0,]Q3,]J1,[GS]','List of supported GS1 barcode AIM IDs',NULL,NULL,NULL,NULL),(77,'barcodeAIMIDsToRemove',']d1,[GS]','List of AIM IDs to remove from barcodes',NULL,NULL,NULL,NULL),(78,'trcRxSelectUrl','https://rxselectsc.therapeuticresearch.com/Home/RXSC/?referer=medkeeper/desktop.urls','TRC RxSelect URL',NULL,NULL,NULL,NULL);
/*!40000 ALTER TABLE `application_configuration` ENABLE KEYS */;
UNLOCK TABLES;

--
-- Table structure for table `approval_notification`
--

DROP TABLE IF EXISTS `approval_notification`;
/*!40101 SET @saved_cs_client     = @@character_set_client */;
/*!40101 SET character_set_client = utf8 */;
CREATE TABLE `approval_notification` (
  `id` int(10) unsigned NOT NULL AUTO_INCREMENT,
  `account_id` int(10) unsigned NOT NULL,
  `module_id` int(10) unsigned NOT NULL,
  `name` varchar(100) NOT NULL,
  `description` longtext,
  `active` bit(1) NOT NULL DEFAULT b'1',
  `emails` longtext,
  `last_updated_by` int(10) unsigned DEFAULT NULL,
  `last_updated_time` datetime DEFAULT NULL,
  `created_by` int(10) unsigned DEFAULT NULL,
  `created_time` datetime DEFAULT NULL,
  PRIMARY KEY (`id`),
  KEY `idx_account_id_module_id` (`account_id`,`module_id`)
) ENGINE=InnoDB DEFAULT CHARSET=latin1;
/*!40101 SET character_set_client = @saved_cs_client */;

--
-- Dumping data for table `approval_notification`
--

LOCK TABLES `approval_notification` WRITE;
/*!40000 ALTER TABLE `approval_notification` DISABLE KEYS */;
/*!40000 ALTER TABLE `approval_notification` ENABLE KEYS */;
UNLOCK TABLES;
ALTER DATABASE `pharmacy_keeper` CHARACTER SET latin1 COLLATE latin1_general_ci ;
/*!50003 SET @saved_cs_client      = @@character_set_client */ ;
/*!50003 SET @saved_cs_results     = @@character_set_results */ ;
/*!50003 SET @saved_col_connection = @@collation_connection */ ;
/*!50003 SET character_set_client  = latin1 */ ;
/*!50003 SET character_set_results = latin1 */ ;
/*!50003 SET collation_connection  = latin1_general_ci */ ;
/*!50003 SET @saved_sql_mode       = @@sql_mode */ ;
/*!50003 SET sql_mode              = 'ONLY_FULL_GROUP_BY,STRICT_TRANS_TABLES,NO_ZERO_IN_DATE,NO_ZERO_DATE,ERROR_FOR_DIVISION_BY_ZERO,NO_ENGINE_SUBSTITUTION' */ ;
DELIMITER ;;
/*!50003 CREATE*/ /*!50017 DEFINER=`root`@`localhost`*/ /*!50003 TRIGGER approval_notification_deletion
            AFTER DELETE ON approval_notification FOR EACH ROW
            BEGIN
            INSERT INTO deletion_trail (primary_record_id, secondary_record_id, table_name, account_id,  primary_id_name, secondary_id_name, deletion_time)
            VALUES (OLD.id, NULL, "approval_notification", OLD.account_id, "id", NULL, NOW());
            END */;;
DELIMITER ;
/*!50003 SET sql_mode              = @saved_sql_mode */ ;
/*!50003 SET character_set_client  = @saved_cs_client */ ;
/*!50003 SET character_set_results = @saved_cs_results */ ;
/*!50003 SET collation_connection  = @saved_col_connection */ ;
ALTER DATABASE `pharmacy_keeper` CHARACTER SET latin1 COLLATE latin1_swedish_ci ;

--
-- Table structure for table `approval_notification_inspection`
--

DROP TABLE IF EXISTS `approval_notification_inspection`;
/*!40101 SET @saved_cs_client     = @@character_set_client */;
/*!40101 SET character_set_client = utf8 */;
CREATE TABLE `approval_notification_inspection` (
  `approval_notification_id` int(10) unsigned NOT NULL,
  `inspection_id` int(10) unsigned NOT NULL
) ENGINE=InnoDB DEFAULT CHARSET=latin1;
/*!40101 SET character_set_client = @saved_cs_client */;

--
-- Dumping data for table `approval_notification_inspection`
--

LOCK TABLES `approval_notification_inspection` WRITE;
/*!40000 ALTER TABLE `approval_notification_inspection` DISABLE KEYS */;
/*!40000 ALTER TABLE `approval_notification_inspection` ENABLE KEYS */;
UNLOCK TABLES;
ALTER DATABASE `pharmacy_keeper` CHARACTER SET latin1 COLLATE latin1_general_ci ;
/*!50003 SET @saved_cs_client      = @@character_set_client */ ;
/*!50003 SET @saved_cs_results     = @@character_set_results */ ;
/*!50003 SET @saved_col_connection = @@collation_connection */ ;
/*!50003 SET character_set_client  = latin1 */ ;
/*!50003 SET character_set_results = latin1 */ ;
/*!50003 SET collation_connection  = latin1_general_ci */ ;
/*!50003 SET @saved_sql_mode       = @@sql_mode */ ;
/*!50003 SET sql_mode              = 'ONLY_FULL_GROUP_BY,STRICT_TRANS_TABLES,NO_ZERO_IN_DATE,NO_ZERO_DATE,ERROR_FOR_DIVISION_BY_ZERO,NO_ENGINE_SUBSTITUTION' */ ;
DELIMITER ;;
/*!50003 CREATE*/ /*!50017 DEFINER=`root`@`localhost`*/ /*!50003 TRIGGER approval_notification_inspection_deletion
            BEFORE DELETE ON approval_notification_inspection FOR EACH ROW
            BEGIN
            INSERT INTO deletion_trail (primary_record_id, secondary_record_id, table_name, account_id,  primary_id_name, secondary_id_name, deletion_time)
            select ani.approval_notification_id, ani.inspection_id, "approval_notification_inspection", an.account_id, "approval_notification_id", "inspection_id", NOW()
            from approval_notification_inspection ani,
            approval_notification an
            where ani.approval_notification_id = OLD.approval_notification_id
            and ani.inspection_id = OLD.inspection_id
            and an.id = ani.approval_notification_id;
            END */;;
DELIMITER ;
/*!50003 SET sql_mode              = @saved_sql_mode */ ;
/*!50003 SET character_set_client  = @saved_cs_client */ ;
/*!50003 SET character_set_results = @saved_cs_results */ ;
/*!50003 SET collation_connection  = @saved_col_connection */ ;
ALTER DATABASE `pharmacy_keeper` CHARACTER SET latin1 COLLATE latin1_swedish_ci ;

--
-- Table structure for table `approval_notification_users`
--

DROP TABLE IF EXISTS `approval_notification_users`;
/*!40101 SET @saved_cs_client     = @@character_set_client */;
/*!40101 SET character_set_client = utf8 */;
CREATE TABLE `approval_notification_users` (
  `approval_notification_id` int(10) unsigned NOT NULL,
  `user_id` int(10) unsigned NOT NULL
) ENGINE=InnoDB DEFAULT CHARSET=latin1;
/*!40101 SET character_set_client = @saved_cs_client */;

--
-- Dumping data for table `approval_notification_users`
--

LOCK TABLES `approval_notification_users` WRITE;
/*!40000 ALTER TABLE `approval_notification_users` DISABLE KEYS */;
/*!40000 ALTER TABLE `approval_notification_users` ENABLE KEYS */;
UNLOCK TABLES;
ALTER DATABASE `pharmacy_keeper` CHARACTER SET latin1 COLLATE latin1_general_ci ;
/*!50003 SET @saved_cs_client      = @@character_set_client */ ;
/*!50003 SET @saved_cs_results     = @@character_set_results */ ;
/*!50003 SET @saved_col_connection = @@collation_connection */ ;
/*!50003 SET character_set_client  = latin1 */ ;
/*!50003 SET character_set_results = latin1 */ ;
/*!50003 SET collation_connection  = latin1_general_ci */ ;
/*!50003 SET @saved_sql_mode       = @@sql_mode */ ;
/*!50003 SET sql_mode              = 'ONLY_FULL_GROUP_BY,STRICT_TRANS_TABLES,NO_ZERO_IN_DATE,NO_ZERO_DATE,ERROR_FOR_DIVISION_BY_ZERO,NO_ENGINE_SUBSTITUTION' */ ;
DELIMITER ;;
/*!50003 CREATE*/ /*!50017 DEFINER=`root`@`localhost`*/ /*!50003 TRIGGER approval_notification_users_deletion
            BEFORE DELETE ON approval_notification_users FOR EACH ROW
            BEGIN
            INSERT INTO deletion_trail (primary_record_id, secondary_record_id, table_name, account_id,  primary_id_name, secondary_id_name, deletion_time)
            select anu.approval_notification_id, anu.user_id, "approval_notification_users", an.account_id, "approval_notification_id", "user_id", NOW()
            from approval_notification_users anu,
            approval_notification an
            where anu.approval_notification_id = OLD.approval_notification_id
            and anu.user_id = OLD.user_id
            and an.id = anu.approval_notification_id;
            END */;;
DELIMITER ;
/*!50003 SET sql_mode              = @saved_sql_mode */ ;
/*!50003 SET character_set_client  = @saved_cs_client */ ;
/*!50003 SET character_set_results = @saved_cs_results */ ;
/*!50003 SET collation_connection  = @saved_col_connection */ ;
ALTER DATABASE `pharmacy_keeper` CHARACTER SET latin1 COLLATE latin1_swedish_ci ;

--
-- Table structure for table `audit_log`
--

DROP TABLE IF EXISTS `audit_log`;
/*!40101 SET @saved_cs_client     = @@character_set_client */;
/*!40101 SET character_set_client = utf8 */;
CREATE TABLE `audit_log` (
  `id` int(10) unsigned NOT NULL AUTO_INCREMENT,
  `account_id` int(10) unsigned NOT NULL,
  `user_iduser` int(10) unsigned NOT NULL,
  `status_id` int(10) unsigned NOT NULL,
  `activity_date` datetime DEFAULT NULL,
  `info` longtext,
  `item_type` varchar(255) DEFAULT NULL,
  `item_id` int(10) unsigned NOT NULL,
  `additional_identifier` varchar(50) DEFAULT NULL,
  `notes` longtext,
  `expiration` datetime DEFAULT NULL,
  PRIMARY KEY (`id`),
  KEY `ItemAndId` (`item_type`,`item_id`)
) ENGINE=InnoDB DEFAULT CHARSET=latin1;
/*!40101 SET character_set_client = @saved_cs_client */;

--
-- Dumping data for table `audit_log`
--

LOCK TABLES `audit_log` WRITE;
/*!40000 ALTER TABLE `audit_log` DISABLE KEYS */;
/*!40000 ALTER TABLE `audit_log` ENABLE KEYS */;
UNLOCK TABLES;

--
-- Table structure for table `audit_log_items`
--

DROP TABLE IF EXISTS `audit_log_items`;
/*!40101 SET @saved_cs_client     = @@character_set_client */;
/*!40101 SET character_set_client = utf8 */;
CREATE TABLE `audit_log_items` (
  `id` int(10) unsigned NOT NULL AUTO_INCREMENT,
  `audit_log_id` int(10) unsigned NOT NULL,
  `item_name` varchar(128) NOT NULL,
  `status_id` int(10) unsigned NOT NULL,
  `serialization` varchar(128) DEFAULT NULL,
  `lot` varchar(45) DEFAULT NULL,
  `quantity` double DEFAULT NULL,
  `expiration` datetime DEFAULT NULL,
  PRIMARY KEY (`id`)
) ENGINE=InnoDB DEFAULT CHARSET=latin1;
/*!40101 SET character_set_client = @saved_cs_client */;

--
-- Dumping data for table `audit_log_items`
--

LOCK TABLES `audit_log_items` WRITE;
/*!40000 ALTER TABLE `audit_log_items` DISABLE KEYS */;
/*!40000 ALTER TABLE `audit_log_items` ENABLE KEYS */;
UNLOCK TABLES;

--
-- Table structure for table `audit_revision`
--

DROP TABLE IF EXISTS `audit_revision`;
/*!40101 SET @saved_cs_client     = @@character_set_client */;
/*!40101 SET character_set_client = utf8 */;
CREATE TABLE `audit_revision` (
  `id` int(10) unsigned NOT NULL AUTO_INCREMENT,
  `user_id` int(10) unsigned DEFAULT NULL,
  `created_time` datetime DEFAULT NULL,
  PRIMARY KEY (`id`)
) ENGINE=InnoDB DEFAULT CHARSET=latin1;
/*!40101 SET character_set_client = @saved_cs_client */;

--
-- Dumping data for table `audit_revision`
--

LOCK TABLES `audit_revision` WRITE;
/*!40000 ALTER TABLE `audit_revision` DISABLE KEYS */;
/*!40000 ALTER TABLE `audit_revision` ENABLE KEYS */;
UNLOCK TABLES;

--
-- Table structure for table `audit_trail`
--

DROP TABLE IF EXISTS `audit_trail`;
/*!40101 SET @saved_cs_client     = @@character_set_client */;
/*!40101 SET character_set_client = utf8 */;
CREATE TABLE `audit_trail` (
  `id` int(10) unsigned NOT NULL AUTO_INCREMENT,
  `entity_id` int(10) unsigned NOT NULL,
  `entity_name` varchar(200) DEFAULT NULL,
  `entity_property` varchar(200) DEFAULT NULL,
  `old_value` longtext,
  `new_value` longtext,
  `operation_type` varchar(50) DEFAULT NULL,
  `user_id` int(10) unsigned DEFAULT NULL,
  `log_creation_time` datetime NOT NULL,
  PRIMARY KEY (`id`)
) ENGINE=InnoDB DEFAULT CHARSET=latin1;
/*!40101 SET character_set_client = @saved_cs_client */;

--
-- Dumping data for table `audit_trail`
--

LOCK TABLES `audit_trail` WRITE;
/*!40000 ALTER TABLE `audit_trail` DISABLE KEYS */;
/*!40000 ALTER TABLE `audit_trail` ENABLE KEYS */;
UNLOCK TABLES;

--
-- Table structure for table `badge_name_association`
--

DROP TABLE IF EXISTS `badge_name_association`;
/*!40101 SET @saved_cs_client     = @@character_set_client */;
/*!40101 SET character_set_client = utf8 */;
CREATE TABLE `badge_name_association` (
  `id` int(10) unsigned NOT NULL AUTO_INCREMENT,
  `account_id` int(10) unsigned NOT NULL,
  `name` varchar(100) NOT NULL,
  `badge` varchar(60) NOT NULL,
  `last_updated_by` int(10) unsigned DEFAULT NULL,
  `last_updated_time` datetime DEFAULT NULL,
  `created_by` int(10) unsigned DEFAULT NULL,
  `created_time` datetime DEFAULT NULL,
  PRIMARY KEY (`id`)
) ENGINE=InnoDB DEFAULT CHARSET=latin1;
/*!40101 SET character_set_client = @saved_cs_client */;

--
-- Dumping data for table `badge_name_association`
--

LOCK TABLES `badge_name_association` WRITE;
/*!40000 ALTER TABLE `badge_name_association` DISABLE KEYS */;
/*!40000 ALTER TABLE `badge_name_association` ENABLE KEYS */;
UNLOCK TABLES;

--
-- Table structure for table `barcode`
--

DROP TABLE IF EXISTS `barcode`;
/*!40101 SET @saved_cs_client     = @@character_set_client */;
/*!40101 SET character_set_client = utf8 */;
CREATE TABLE `barcode` (
  `id` int(10) unsigned NOT NULL AUTO_INCREMENT,
  `account_id` int(10) unsigned DEFAULT NULL,
  `name` varchar(100) DEFAULT NULL,
  `regular_expression` varchar(1000) DEFAULT NULL,
  `type` enum('Delimited','Complex') NOT NULL,
  `separator` varchar(10) DEFAULT NULL,
  `last_updated_by` int(10) unsigned DEFAULT NULL,
  `last_updated_time` datetime DEFAULT NULL,
  `created_by` int(10) unsigned DEFAULT NULL,
  `created_time` datetime DEFAULT NULL,
  `active_fl` bit(1) NOT NULL DEFAULT b'1',
  `backend_provider_fl` bit(1) NOT NULL DEFAULT b'0',
  `module_id` int(10) unsigned DEFAULT NULL,
  `use_alt_dc_processing_fl` bit(1) NOT NULL DEFAULT b'0',
  `description` text,
  PRIMARY KEY (`id`),
  KEY `fk_barcodetype_lastuser` (`last_updated_by`),
  KEY `fk_barcodetype_createuser` (`created_by`),
  KEY `fk_barcode_module` (`module_id`),
  CONSTRAINT `fk_barcode_module` FOREIGN KEY (`module_id`) REFERENCES `modules` (`id`) ON DELETE NO ACTION ON UPDATE NO ACTION,
  CONSTRAINT `fk_barcodetype_createuser` FOREIGN KEY (`created_by`) REFERENCES `users` (`id`) ON DELETE NO ACTION ON UPDATE NO ACTION,
  CONSTRAINT `fk_barcodetype_lastuser` FOREIGN KEY (`last_updated_by`) REFERENCES `users` (`id`) ON DELETE NO ACTION ON UPDATE NO ACTION
) ENGINE=InnoDB AUTO_INCREMENT=41 DEFAULT CHARSET=latin1;
/*!40101 SET character_set_client = @saved_cs_client */;

--
-- Dumping data for table `barcode`
--

LOCK TABLES `barcode` WRITE;
/*!40000 ALTER TABLE `barcode` DISABLE KEYS */;
INSERT INTO `barcode` VALUES (1,NULL,'Smart Barcode','([a-fA-F0-9]{8}-[a-fA-F0-9]{4}-[a-fA-F0-9]{4}-[a-fA-F0-9]{4}-[a-fA-F0-9]{12})','Complex',NULL,NULL,NULL,NULL,NULL,_binary '',_binary '\0',2,_binary '\0',NULL),(2,NULL,'Pocket Barcode','PK\\|Pocket\\|(.*)','Complex',NULL,NULL,NULL,NULL,NULL,_binary '',_binary '\0',1,_binary '\0',NULL),(3,NULL,'Cerner Barcode','T0(.*)','Complex',NULL,NULL,NULL,NULL,NULL,_binary '',_binary '',2,_binary '',NULL),(4,NULL,'Epic Barcode','JZ(.*)-(.*)\\d\\d(.{1})','Complex',NULL,NULL,NULL,NULL,NULL,_binary '',_binary '',2,_binary '\0',NULL),(5,NULL,'State Label Barcode','PK\\|State\\|(.*)\\|(.*)\\|(.*)','Complex',NULL,NULL,NULL,NULL,NULL,_binary '',_binary '\0',2,_binary '\0',NULL),(6,NULL,'Delivery Container Barcode','PK\\|DeliveryContainer\\|(.*)\\|(.*)\\|(.*)','Complex',NULL,NULL,NULL,NULL,NULL,_binary '',_binary '\0',2,_binary '\0',NULL),(7,NULL,'Return Barcode','PK\\|Return\\|(.*)','Complex',NULL,NULL,NULL,NULL,NULL,_binary '',_binary '\0',2,_binary '\0',NULL),(8,NULL,'Meditech','([aA-zZ\\d]*)/(.*)','Complex',NULL,NULL,NULL,NULL,NULL,_binary '',_binary '',2,_binary '\0',NULL),(9,NULL,'Epic Barcode UW','JZ(.*)-(.*)\\d\\d(.{1})\\|(?s)[\\s\\S]*MSH(.*)','Complex',NULL,NULL,NULL,NULL,NULL,_binary '',_binary '',2,_binary '\0',NULL),(10,NULL,'Meditech Colon Seperator','([aA-zZ\\d]*):(.*)','Complex',NULL,NULL,NULL,NULL,NULL,_binary '',_binary '',2,_binary '\0',NULL),(11,NULL,'Smart Barcode','([a-fA-F0-9]{8}-[a-fA-F0-9]{4}-[a-fA-F0-9]{4}-[a-fA-F0-9]{4}-[a-fA-F0-9]{12})','Complex',NULL,NULL,NULL,NULL,NULL,_binary '',_binary '\0',1,_binary '\0',NULL),(12,NULL,'Batch Smart Barcode','PK\\|BatchSmart\\|([a-fA-F0-9]{8}-[a-fA-F0-9]{4}-[a-fA-F0-9]{4}-[a-fA-F0-9]{4}-[a-fA-F0-9]{12})','Complex',NULL,NULL,NULL,NULL,NULL,_binary '',_binary '\0',2,_binary '\0',NULL),(13,NULL,'McKesson-IV','T0(.{7})(\\d{3})','Complex',NULL,NULL,NULL,NULL,NULL,_binary '',_binary '',2,_binary '\0',NULL),(14,NULL,'McKesson-PiggyBack','I9(.*)','Complex',NULL,NULL,NULL,NULL,NULL,_binary '',_binary '',2,_binary '\0',NULL),(15,NULL,'Epic Barcode No Leading Character','(.[^JZ-]*)-(.[^-]*)','Complex',NULL,NULL,NULL,NULL,NULL,_binary '',_binary '',2,_binary '\0',NULL),(16,NULL,'Epic Barcode No DoseNumber','JZ(.[^-]*)(.{1})','Complex',NULL,NULL,NULL,NULL,NULL,_binary '',_binary '',2,_binary '\0',NULL),(17,NULL,'Epic Barcode with Slashes','\\\\(.*)\\\\','Complex',NULL,NULL,NULL,NULL,NULL,_binary '',_binary '',1,_binary '\0',NULL),(18,NULL,'AutoPharm','MEDTRACKER-(.*)-(.*)','Complex',NULL,NULL,NULL,NULL,NULL,_binary '',_binary '\0',2,_binary '\0',NULL),(19,NULL,'AllScripts','(.[^-]*)-(.[^-]*)','Complex',NULL,NULL,NULL,NULL,NULL,_binary '',_binary '',2,_binary '\0',NULL),(20,NULL,'Cerner T only','T(.*)','Complex',NULL,NULL,NULL,NULL,NULL,_binary '',_binary '',2,_binary '',NULL),(21,NULL,'Pre-Printed Label','PK([0-9]{8})','Complex',NULL,NULL,NULL,NULL,NULL,_binary '',_binary '\0',2,_binary '\0',NULL),(22,NULL,'Siemens','0(\\d{13})(\\d{3})(\\d{3})','Complex',NULL,NULL,NULL,NULL,NULL,_binary '',_binary '',2,_binary '\0',NULL),(23,NULL,'GE Centricity','\\d{13,17}','Complex',NULL,NULL,NULL,NULL,NULL,_binary '',_binary '',2,_binary '\0',NULL),(24,NULL,'AllScripts M','M(?!EDTRACKER)(.*)-(.*)','Complex',NULL,NULL,NULL,NULL,NULL,_binary '',_binary '\0',2,_binary '\0',NULL),(25,NULL,'Talyst','(?i)MEDTRACKER-M(.*)-(.*)','Complex',NULL,NULL,NULL,NULL,NULL,_binary '',_binary '\0',2,_binary '\0',NULL),(26,NULL,'Epic Barcode','JZ(.*)-(.*)\\d\\d(.{1})','Complex',NULL,NULL,NULL,NULL,NULL,_binary '',_binary '',12,_binary '\0',NULL),(27,NULL,'Epic Barcode No Leading Character','(.[^JZ-]*)-(.[^-]*)','Complex',NULL,NULL,NULL,NULL,NULL,_binary '',_binary '',12,_binary '\0',NULL),(28,NULL,'Epic Barcode No DoseNumber','JZ(.[^-]*)(.{1})','Complex',NULL,NULL,NULL,NULL,NULL,_binary '',_binary '',12,_binary '\0',NULL),(29,NULL,'Meditech Space Separator (deprecated, use Meditech Multiple Space Separator)','([aA-zZ\\d]*) (.*)','Complex',NULL,NULL,NULL,NULL,NULL,_binary '',_binary '',2,_binary '\0',NULL),(30,NULL,'Cerner Barcode With Spaces','T[ ]+(.*)\\.00','Complex',NULL,NULL,NULL,NULL,NULL,_binary '',_binary '',2,_binary '',NULL),(31,NULL,'Allscripts At Symbol','(.*)@(.*)','Complex',NULL,NULL,NULL,NULL,NULL,_binary '',_binary '',2,_binary '\0',NULL),(32,NULL,'Meditech GUID No Dashes','([a-zA-Z0-9]{32})','Complex',NULL,NULL,NULL,NULL,NULL,_binary '',_binary '\0',2,_binary '\0',NULL),(33,NULL,'TPN FF prepended Barcode','FF(.*)','Complex',NULL,NULL,NULL,NULL,NULL,_binary '',_binary '\0',2,_binary '\0',NULL),(34,NULL,'Allscripts Underscore','(.*)_(.*)','Complex',NULL,NULL,NULL,NULL,NULL,_binary '',_binary '\0',2,_binary '\0',NULL),(35,NULL,'Meditech Multiple Space Separator','([aA-zZ\\d]*) +(.*)','Complex',NULL,NULL,NULL,NULL,NULL,_binary '',_binary '',2,_binary '\0',NULL),(36,NULL,'Meditech GUID No Dashes Strip Spaces','\\s*([a-zA-Z0-9]{32})\\s*','Complex',NULL,NULL,NULL,NULL,NULL,_binary '',_binary '\0',2,_binary '\0',NULL),(37,NULL,'Soarian 16 digit','(?=^\\d{16}$)0*(.+).{3}','Complex',NULL,NULL,NULL,NULL,NULL,_binary '',_binary '',2,_binary '\0','Matches 16 digit numeric barcodes. The last three digits are ignored, leading 0s are ignored, and the remainder is parsed as the order number.'),(38,NULL,'Soarian 20 digit','(?=^\\d{20}$)0*(.+).{3}(.{3})','Complex',NULL,NULL,NULL,NULL,NULL,_binary '',_binary '',2,_binary '\0','Matches 20 digit numeric barcodes. The last three digits are the dose number, the preceding three digits are ignored, leading 0s are ignored, and the remainder is parsed as the order number.'),(39,NULL,'Cerner T Barcode With Period and Spaces','T\\.[ ]+(.*)\\.00','Complex',NULL,NULL,NULL,NULL,NULL,_binary '',_binary '',2,_binary '\0',NULL),(40,NULL,'Soarian 20 digit With Trailing Zeros','(?=^\\d{20}$)0*(.+)(.{3}).{3}','Complex',NULL,NULL,NULL,NULL,NULL,_binary '',_binary '',2,_binary '\0','Matches 20 digit numeric barcodes. The last three digits are ignored, the preceding three digits are the dose number, leading 0s are ignored, and the remainder is parsed as the order number.');
/*!40000 ALTER TABLE `barcode` ENABLE KEYS */;
UNLOCK TABLES;

--
-- Table structure for table `barcode_token`
--

DROP TABLE IF EXISTS `barcode_token`;
/*!40101 SET @saved_cs_client     = @@character_set_client */;
/*!40101 SET character_set_client = utf8 */;
CREATE TABLE `barcode_token` (
  `id` int(10) unsigned NOT NULL AUTO_INCREMENT,
  `barcode_id` int(10) unsigned NOT NULL,
  `type` enum('prescriptionNumber','doseNumber','drug','uuid','patientAccount','patientName','patientLocation','statusId','locationId','priorityId','cartId','meditechDueDate','ndc') DEFAULT NULL,
  `sort_order` int(11) NOT NULL,
  `part_of_unique_tuple_fl` bit(1) DEFAULT NULL,
  `last_updated_by` int(10) unsigned DEFAULT NULL,
  `last_updated_time` datetime DEFAULT NULL,
  `created_by` int(10) unsigned DEFAULT NULL,
  `created_time` datetime DEFAULT NULL,
  `part_of_alternate_tuple_fl` bit(1) NOT NULL DEFAULT b'0',
  `use_value_in_create_fl` bit(1) NOT NULL DEFAULT b'0',
  PRIMARY KEY (`id`),
  KEY `fk_barcodetoken_lastuser` (`last_updated_by`),
  KEY `fk_barcodetoken_createuser` (`created_by`),
  KEY `fk_barcodetoken_barcode` (`barcode_id`),
  CONSTRAINT `fk_barcodetoken_barcode` FOREIGN KEY (`barcode_id`) REFERENCES `barcode` (`id`) ON DELETE NO ACTION ON UPDATE NO ACTION,
  CONSTRAINT `fk_barcodetoken_createuser` FOREIGN KEY (`created_by`) REFERENCES `users` (`id`) ON DELETE NO ACTION ON UPDATE NO ACTION,
  CONSTRAINT `fk_barcodetoken_lastuser` FOREIGN KEY (`last_updated_by`) REFERENCES `users` (`id`) ON DELETE NO ACTION ON UPDATE NO ACTION
) ENGINE=InnoDB AUTO_INCREMENT=68 DEFAULT CHARSET=latin1;
/*!40101 SET character_set_client = @saved_cs_client */;

--
-- Dumping data for table `barcode_token`
--

LOCK TABLES `barcode_token` WRITE;
/*!40000 ALTER TABLE `barcode_token` DISABLE KEYS */;
INSERT INTO `barcode_token` VALUES (1,1,'uuid',1,_binary '',NULL,NULL,NULL,NULL,_binary '\0',_binary '\0'),(2,2,'uuid',1,_binary '',NULL,NULL,NULL,NULL,_binary '\0',_binary '\0'),(3,3,'prescriptionNumber',1,_binary '',NULL,NULL,NULL,NULL,_binary '\0',_binary '\0'),(4,4,'prescriptionNumber',1,_binary '',NULL,NULL,NULL,NULL,_binary '',_binary '\0'),(5,4,'doseNumber',2,_binary '',NULL,NULL,NULL,NULL,_binary '\0',_binary ''),(6,5,'statusId',1,_binary '',NULL,NULL,NULL,NULL,_binary '\0',_binary '\0'),(7,5,'locationId',2,_binary '',NULL,NULL,NULL,NULL,_binary '\0',_binary '\0'),(8,5,'priorityId',3,_binary '',NULL,NULL,NULL,NULL,_binary '\0',_binary '\0'),(10,6,'statusId',1,_binary '',NULL,NULL,NULL,NULL,_binary '\0',_binary '\0'),(11,6,'cartId',2,_binary '',NULL,NULL,NULL,NULL,_binary '\0',_binary '\0'),(12,6,'priorityId',3,_binary '',NULL,NULL,NULL,NULL,_binary '\0',_binary '\0'),(14,7,'locationId',1,_binary '',NULL,NULL,NULL,NULL,_binary '\0',_binary '\0'),(16,8,'prescriptionNumber',1,_binary '',NULL,NULL,NULL,NULL,_binary '',_binary '\0'),(17,8,'doseNumber',2,_binary '',NULL,NULL,NULL,NULL,_binary '\0',_binary ''),(18,9,'prescriptionNumber',1,_binary '',NULL,NULL,NULL,NULL,_binary '',_binary '\0'),(19,9,'doseNumber',2,_binary '',NULL,NULL,NULL,NULL,_binary '\0',_binary ''),(20,10,'prescriptionNumber',1,_binary '',NULL,NULL,NULL,NULL,_binary '',_binary '\0'),(21,10,'doseNumber',2,_binary '',NULL,NULL,NULL,NULL,_binary '\0',_binary ''),(22,11,'uuid',1,_binary '',NULL,NULL,NULL,NULL,_binary '\0',_binary '\0'),(23,12,'uuid',1,_binary '',NULL,NULL,NULL,NULL,_binary '\0',_binary '\0'),(24,13,'prescriptionNumber',1,_binary '',NULL,NULL,NULL,NULL,_binary '',_binary '\0'),(25,13,'doseNumber',2,_binary '',NULL,NULL,NULL,NULL,_binary '\0',_binary ''),(26,14,'prescriptionNumber',1,_binary '',NULL,NULL,NULL,NULL,_binary '\0',_binary '\0'),(27,15,'prescriptionNumber',1,_binary '',NULL,NULL,NULL,NULL,_binary '',_binary '\0'),(28,15,'doseNumber',2,_binary '',NULL,NULL,NULL,NULL,_binary '\0',_binary ''),(29,16,'prescriptionNumber',1,_binary '',NULL,NULL,NULL,NULL,_binary '\0',_binary '\0'),(30,17,'ndc',1,_binary '',NULL,NULL,NULL,NULL,_binary '',_binary '\0'),(31,18,'prescriptionNumber',1,_binary '',NULL,NULL,NULL,NULL,_binary '',_binary '\0'),(32,18,'doseNumber',2,_binary '',NULL,NULL,NULL,NULL,_binary '\0',_binary ''),(33,19,'prescriptionNumber',1,_binary '',NULL,NULL,NULL,NULL,_binary '',_binary '\0'),(34,19,'doseNumber',2,_binary '',NULL,NULL,NULL,NULL,_binary '\0',_binary ''),(35,20,'prescriptionNumber',1,_binary '',NULL,NULL,NULL,NULL,_binary '\0',_binary '\0'),(36,21,'uuid',1,_binary '',NULL,NULL,NULL,NULL,_binary '\0',_binary '\0'),(37,22,'prescriptionNumber',1,_binary '',NULL,NULL,NULL,NULL,_binary '',_binary '\0'),(38,22,NULL,2,_binary '\0',NULL,NULL,NULL,NULL,_binary '\0',_binary '\0'),(39,22,'doseNumber',3,_binary '',NULL,NULL,NULL,NULL,_binary '\0',_binary ''),(40,23,'prescriptionNumber',0,_binary '',NULL,NULL,NULL,NULL,_binary '\0',_binary '\0'),(41,24,'prescriptionNumber',1,_binary '',NULL,NULL,NULL,NULL,_binary '',_binary '\0'),(42,24,'doseNumber',2,_binary '',NULL,NULL,NULL,NULL,_binary '\0',_binary ''),(43,25,'prescriptionNumber',1,_binary '',NULL,NULL,NULL,NULL,_binary '',_binary '\0'),(44,25,'doseNumber',2,_binary '',NULL,NULL,NULL,NULL,_binary '\0',_binary ''),(45,26,'prescriptionNumber',1,_binary '',NULL,NULL,NULL,NULL,_binary '',_binary '\0'),(46,26,'doseNumber',2,_binary '',NULL,NULL,NULL,NULL,_binary '\0',_binary ''),(47,27,'prescriptionNumber',1,_binary '',NULL,NULL,NULL,NULL,_binary '',_binary '\0'),(48,27,'doseNumber',2,_binary '',NULL,NULL,NULL,NULL,_binary '\0',_binary ''),(49,28,'prescriptionNumber',1,_binary '',NULL,NULL,NULL,NULL,_binary '\0',_binary '\0'),(50,29,'prescriptionNumber',1,_binary '',NULL,NULL,NULL,NULL,_binary '',_binary '\0'),(51,29,'doseNumber',2,_binary '',NULL,NULL,NULL,NULL,_binary '\0',_binary ''),(52,30,'prescriptionNumber',1,_binary '',NULL,NULL,NULL,NULL,_binary '\0',_binary '\0'),(53,31,'prescriptionNumber',1,_binary '',NULL,NULL,NULL,NULL,_binary '',_binary '\0'),(54,31,'doseNumber',2,_binary '',NULL,NULL,NULL,NULL,_binary '\0',_binary ''),(55,32,'uuid',1,_binary '',NULL,NULL,NULL,NULL,_binary '',_binary '\0'),(56,33,'prescriptionNumber',1,_binary '',NULL,NULL,NULL,NULL,_binary '\0',_binary '\0'),(57,34,'prescriptionNumber',1,_binary '',NULL,NULL,NULL,NULL,_binary '',_binary '\0'),(58,34,'doseNumber',2,_binary '',NULL,NULL,NULL,NULL,_binary '\0',_binary ''),(59,35,'prescriptionNumber',1,_binary '',NULL,NULL,NULL,NULL,_binary '',_binary '\0'),(60,35,'doseNumber',2,_binary '',NULL,NULL,NULL,NULL,_binary '\0',_binary ''),(61,36,'uuid',1,_binary '',NULL,NULL,NULL,NULL,_binary '\0',_binary '\0'),(62,37,'prescriptionNumber',1,_binary '',NULL,NULL,NULL,NULL,_binary '',_binary '\0'),(63,38,'prescriptionNumber',1,_binary '',NULL,NULL,NULL,NULL,_binary '',_binary '\0'),(64,38,'doseNumber',2,_binary '',NULL,NULL,NULL,NULL,_binary '\0',_binary ''),(65,39,'prescriptionNumber',1,_binary '',NULL,NULL,NULL,NULL,_binary '\0',_binary '\0'),(66,40,'prescriptionNumber',1,_binary '',NULL,NULL,NULL,NULL,_binary '',_binary '\0'),(67,40,'doseNumber',2,_binary '',NULL,NULL,NULL,NULL,_binary '\0',_binary '');
/*!40000 ALTER TABLE `barcode_token` ENABLE KEYS */;
UNLOCK TABLES;

--
-- Table structure for table `barcodes_dictionary`
--

DROP TABLE IF EXISTS `barcodes_dictionary`;
/*!40101 SET @saved_cs_client     = @@character_set_client */;
/*!40101 SET character_set_client = utf8 */;
CREATE TABLE `barcodes_dictionary` (
  `id` int(10) unsigned NOT NULL AUTO_INCREMENT,
  `account_id` int(10) unsigned NOT NULL,
  `name` varchar(512) DEFAULT NULL,
  `medical_identifier` varchar(100) NOT NULL,
  `ndc` varchar(20) NOT NULL,
  `active_fl` bit(1) NOT NULL DEFAULT b'0',
  `last_updated_by` int(10) unsigned DEFAULT NULL,
  `last_updated_time` datetime DEFAULT NULL,
  `created_by` int(10) unsigned DEFAULT NULL,
  `created_time` datetime DEFAULT NULL,
  PRIMARY KEY (`id`)
) ENGINE=InnoDB DEFAULT CHARSET=latin1;
/*!40101 SET character_set_client = @saved_cs_client */;

--
-- Dumping data for table `barcodes_dictionary`
--

LOCK TABLES `barcodes_dictionary` WRITE;
/*!40000 ALTER TABLE `barcodes_dictionary` DISABLE KEYS */;
/*!40000 ALTER TABLE `barcodes_dictionary` ENABLE KEYS */;
UNLOCK TABLES;

--
-- Table structure for table `barcodes_external_system`
--

DROP TABLE IF EXISTS `barcodes_external_system`;
/*!40101 SET @saved_cs_client     = @@character_set_client */;
/*!40101 SET character_set_client = utf8 */;
CREATE TABLE `barcodes_external_system` (
  `id` int(10) unsigned NOT NULL AUTO_INCREMENT,
  `account_id` int(10) unsigned NOT NULL,
  `name` varchar(100) NOT NULL,
  `sort_order` int(11) NOT NULL,
  `photo_required_fl` bit(1) NOT NULL DEFAULT b'0',
  `active_fl` bit(1) NOT NULL DEFAULT b'0',
  `last_updated_by` int(10) unsigned DEFAULT NULL,
  `last_updated_time` datetime DEFAULT NULL,
  `created_by` int(10) unsigned DEFAULT NULL,
  `created_time` datetime DEFAULT NULL,
  `deleted_fl` bit(1) NOT NULL DEFAULT b'0',
  PRIMARY KEY (`id`)
) ENGINE=InnoDB DEFAULT CHARSET=latin1;
/*!40101 SET character_set_client = @saved_cs_client */;

--
-- Dumping data for table `barcodes_external_system`
--

LOCK TABLES `barcodes_external_system` WRITE;
/*!40000 ALTER TABLE `barcodes_external_system` DISABLE KEYS */;
/*!40000 ALTER TABLE `barcodes_external_system` ENABLE KEYS */;
UNLOCK TABLES;

--
-- Table structure for table `barcodes_history`
--

DROP TABLE IF EXISTS `barcodes_history`;
/*!40101 SET @saved_cs_client     = @@character_set_client */;
/*!40101 SET character_set_client = utf8 */;
CREATE TABLE `barcodes_history` (
  `id` int(10) unsigned NOT NULL AUTO_INCREMENT,
  `barcodes_item_id` int(10) unsigned NOT NULL,
  `status` varchar(45) NOT NULL,
  `updated_by_first_name` varchar(45) NOT NULL,
  `updated_by_last_name` varchar(45) NOT NULL,
  `updated_time` datetime NOT NULL,
  `reject_reason` varchar(200) DEFAULT NULL,
  PRIMARY KEY (`id`),
  KEY `idx_barcodes_item_id` (`barcodes_item_id`)
) ENGINE=InnoDB DEFAULT CHARSET=latin1;
/*!40101 SET character_set_client = @saved_cs_client */;

--
-- Dumping data for table `barcodes_history`
--

LOCK TABLES `barcodes_history` WRITE;
/*!40000 ALTER TABLE `barcodes_history` DISABLE KEYS */;
/*!40000 ALTER TABLE `barcodes_history` ENABLE KEYS */;
UNLOCK TABLES;

--
-- Table structure for table `barcodes_item`
--

DROP TABLE IF EXISTS `barcodes_item`;
/*!40101 SET @saved_cs_client     = @@character_set_client */;
/*!40101 SET character_set_client = utf8 */;
CREATE TABLE `barcodes_item` (
  `id` int(10) unsigned NOT NULL AUTO_INCREMENT,
  `account_id` int(10) unsigned NOT NULL,
  `status_id` int(10) unsigned NOT NULL,
  `barcodes_dictionary_id` int(10) unsigned DEFAULT NULL,
  `name` varchar(100) NOT NULL,
  `medical_identifier` varchar(100) NOT NULL,
  `upc` varchar(60) NOT NULL,
  `ndc` varchar(20) NOT NULL,
  `active_fl` bit(1) NOT NULL DEFAULT b'0',
  `last_updated_by` int(10) unsigned DEFAULT NULL,
  `last_updated_time` datetime DEFAULT NULL,
  `created_by` int(10) unsigned DEFAULT NULL,
  `created_time` datetime DEFAULT NULL,
  `reject_reason` varchar(200) DEFAULT NULL,
  PRIMARY KEY (`id`)
) ENGINE=InnoDB DEFAULT CHARSET=latin1;
/*!40101 SET character_set_client = @saved_cs_client */;

--
-- Dumping data for table `barcodes_item`
--

LOCK TABLES `barcodes_item` WRITE;
/*!40000 ALTER TABLE `barcodes_item` DISABLE KEYS */;
/*!40000 ALTER TABLE `barcodes_item` ENABLE KEYS */;
UNLOCK TABLES;

--
-- Table structure for table `barcodes_item_external_system`
--

DROP TABLE IF EXISTS `barcodes_item_external_system`;
/*!40101 SET @saved_cs_client     = @@character_set_client */;
/*!40101 SET character_set_client = utf8 */;
CREATE TABLE `barcodes_item_external_system` (
  `id` int(10) unsigned NOT NULL AUTO_INCREMENT,
  `barcodes_item_id` int(10) unsigned NOT NULL,
  `barcodes_external_system_id` int(10) unsigned NOT NULL,
  `images_not_applicable_fl` bit(1) NOT NULL DEFAULT b'0',
  `sort_order` int(10) unsigned NOT NULL,
  `last_updated_by` int(10) unsigned DEFAULT NULL,
  `last_updated_time` datetime DEFAULT NULL,
  `created_by` int(10) unsigned DEFAULT NULL,
  `created_time` datetime DEFAULT NULL,
  PRIMARY KEY (`id`)
) ENGINE=InnoDB DEFAULT CHARSET=latin1;
/*!40101 SET character_set_client = @saved_cs_client */;

--
-- Dumping data for table `barcodes_item_external_system`
--

LOCK TABLES `barcodes_item_external_system` WRITE;
/*!40000 ALTER TABLE `barcodes_item_external_system` DISABLE KEYS */;
/*!40000 ALTER TABLE `barcodes_item_external_system` ENABLE KEYS */;
UNLOCK TABLES;

--
-- Table structure for table `barcodes_item_image`
--

DROP TABLE IF EXISTS `barcodes_item_image`;
/*!40101 SET @saved_cs_client     = @@character_set_client */;
/*!40101 SET character_set_client = utf8 */;
CREATE TABLE `barcodes_item_image` (
  `id` int(10) unsigned NOT NULL AUTO_INCREMENT,
  `barcodes_item_id` int(10) unsigned NOT NULL,
  `expiration_date` datetime DEFAULT NULL,
  `original_image_url` varchar(2000) DEFAULT NULL,
  `medium_image_url` varchar(2000) DEFAULT NULL,
  `thumbnail_image_url` varchar(2000) DEFAULT NULL,
  `original_file_name` varchar(255) DEFAULT NULL,
  `medium_file_name` varchar(255) DEFAULT NULL,
  `thumbnail_file_name` varchar(255) DEFAULT NULL,
  `created_time` timestamp NOT NULL DEFAULT CURRENT_TIMESTAMP ON UPDATE CURRENT_TIMESTAMP,
  `directory` varchar(300) DEFAULT NULL,
  `barcodes_item_external_system_id` int(10) unsigned DEFAULT NULL,
  `deleted` bit(1) NOT NULL DEFAULT b'0',
  `saved` bit(1) NOT NULL DEFAULT b'0',
  PRIMARY KEY (`id`)
) ENGINE=InnoDB DEFAULT CHARSET=latin1;
/*!40101 SET character_set_client = @saved_cs_client */;

--
-- Dumping data for table `barcodes_item_image`
--

LOCK TABLES `barcodes_item_image` WRITE;
/*!40000 ALTER TABLE `barcodes_item_image` DISABLE KEYS */;
/*!40000 ALTER TABLE `barcodes_item_image` ENABLE KEYS */;
UNLOCK TABLES;

--
-- Table structure for table `barcodes_item_note`
--

DROP TABLE IF EXISTS `barcodes_item_note`;
/*!40101 SET @saved_cs_client     = @@character_set_client */;
/*!40101 SET character_set_client = utf8 */;
CREATE TABLE `barcodes_item_note` (
  `id` int(10) unsigned NOT NULL AUTO_INCREMENT,
  `barcodes_item_id` int(10) unsigned NOT NULL,
  `note` varchar(4000) NOT NULL,
  `created_by_name` varchar(100) NOT NULL,
  `last_updated_by` int(10) unsigned DEFAULT NULL,
  `last_updated_time` datetime DEFAULT NULL,
  `created_by` int(10) unsigned DEFAULT NULL,
  `created_time` datetime DEFAULT NULL,
  PRIMARY KEY (`id`)
) ENGINE=InnoDB DEFAULT CHARSET=latin1;
/*!40101 SET character_set_client = @saved_cs_client */;

--
-- Dumping data for table `barcodes_item_note`
--

LOCK TABLES `barcodes_item_note` WRITE;
/*!40000 ALTER TABLE `barcodes_item_note` DISABLE KEYS */;
/*!40000 ALTER TABLE `barcodes_item_note` ENABLE KEYS */;
UNLOCK TABLES;

--
-- Table structure for table `batch_component_usage`
--

DROP TABLE IF EXISTS `batch_component_usage`;
/*!40101 SET @saved_cs_client     = @@character_set_client */;
/*!40101 SET character_set_client = utf8 */;
CREATE TABLE `batch_component_usage` (
  `id` int(10) unsigned NOT NULL AUTO_INCREMENT,
  `compound_id` int(10) unsigned NOT NULL,
  `parent_batch_id` int(10) unsigned NOT NULL,
  `name` varchar(1050) DEFAULT NULL,
  `barcode_text` varchar(255) DEFAULT NULL,
  `amount_used` varchar(255) DEFAULT NULL,
  `amount_used_unit` varchar(255) DEFAULT NULL,
  `amount_wasted` varchar(255) DEFAULT NULL,
  `amount_wasted_unit` varchar(255) DEFAULT NULL,
  `lot` varchar(255) DEFAULT NULL,
  `manufacturer` varchar(255) DEFAULT NULL,
  `expiration` datetime DEFAULT NULL,
  PRIMARY KEY (`id`),
  KEY `idx_compound_id` (`compound_id`),
  KEY `idx_parent_batch_id` (`parent_batch_id`),
  CONSTRAINT `fk_compound_id` FOREIGN KEY (`compound_id`) REFERENCES `compounds` (`id`),
  CONSTRAINT `fk_parent_batch_id` FOREIGN KEY (`parent_batch_id`) REFERENCES `compounds` (`id`)
) ENGINE=InnoDB DEFAULT CHARSET=latin1;
/*!40101 SET character_set_client = @saved_cs_client */;

--
-- Dumping data for table `batch_component_usage`
--

LOCK TABLES `batch_component_usage` WRITE;
/*!40000 ALTER TABLE `batch_component_usage` DISABLE KEYS */;
/*!40000 ALTER TABLE `batch_component_usage` ENABLE KEYS */;
UNLOCK TABLES;

--
-- Table structure for table `batch_serialization`
--

DROP TABLE IF EXISTS `batch_serialization`;
/*!40101 SET @saved_cs_client     = @@character_set_client */;
/*!40101 SET character_set_client = utf8 */;
CREATE TABLE `batch_serialization` (
  `id` int(10) unsigned NOT NULL AUTO_INCREMENT,
  `account_id` int(10) unsigned NOT NULL,
  `compound_id` int(10) unsigned NOT NULL,
  `identifier` varchar(64) NOT NULL,
  `used_fl` bit(1) NOT NULL DEFAULT b'0',
  `used_time` datetime DEFAULT NULL,
  `returned_fl` bit(1) NOT NULL DEFAULT b'0',
  `returned_to_parent_fl` bit(1) NOT NULL DEFAULT b'0',
  `returned_time` datetime DEFAULT NULL,
  `wasted_fl` bit(1) NOT NULL DEFAULT b'0',
  `amount_waste_reason_id` int(10) unsigned DEFAULT NULL,
  `amount_waste_note` varchar(512) DEFAULT NULL,
  `return_reason_id` int(10) unsigned DEFAULT NULL,
  `return_note` varchar(512) DEFAULT NULL,
  `wasted_time` datetime DEFAULT NULL,
  `rejected_fl` bit(1) NOT NULL DEFAULT b'0',
  `reject_reason_id` int(10) unsigned DEFAULT NULL,
  `reject_note` varchar(512) DEFAULT NULL,
  `rejected_time` datetime DEFAULT NULL,
  `created_by` int(10) unsigned DEFAULT NULL,
  `created_time` datetime DEFAULT NULL,
  `last_updated_by` int(10) unsigned DEFAULT NULL,
  `last_updated_time` datetime DEFAULT NULL,
  `locked` bit(1) NOT NULL DEFAULT b'0',
  `dispensed_to_location_fl` bit(1) NOT NULL DEFAULT b'0',
  `dispensed_to_location_time` datetime DEFAULT NULL,
  PRIMARY KEY (`id`),
  UNIQUE KEY `idx_account_id_and_identifier` (`account_id`,`identifier`),
  KEY `idx_compound_id` (`compound_id`)
) ENGINE=InnoDB DEFAULT CHARSET=latin1;
/*!40101 SET character_set_client = @saved_cs_client */;

--
-- Dumping data for table `batch_serialization`
--

LOCK TABLES `batch_serialization` WRITE;
/*!40000 ALTER TABLE `batch_serialization` DISABLE KEYS */;
/*!40000 ALTER TABLE `batch_serialization` ENABLE KEYS */;
UNLOCK TABLES;

--
-- Table structure for table `bud_shortcut_button`
--

DROP TABLE IF EXISTS `bud_shortcut_button`;
/*!40101 SET @saved_cs_client     = @@character_set_client */;
/*!40101 SET character_set_client = utf8 */;
CREATE TABLE `bud_shortcut_button` (
  `id` int(10) unsigned NOT NULL AUTO_INCREMENT,
  `account_id` int(10) unsigned DEFAULT NULL,
  `name` varchar(100) DEFAULT NULL,
  `room_temp_beyond_use` int(11) DEFAULT NULL,
  `room_temp_beyond_use_time_frame` enum('hrs','Days') DEFAULT NULL,
  `refrigerated_beyond_use` int(11) DEFAULT NULL,
  `refrigerated_beyond_use_time_frame` enum('hrs','Days') DEFAULT NULL,
  `freezing_beyond_use` int(11) DEFAULT NULL,
  `freezing_beyond_use_time_frame` enum('hrs','Days') DEFAULT NULL,
  `created_by` int(10) unsigned DEFAULT NULL,
  `created_time` datetime DEFAULT NULL,
  `last_updated_by` int(10) unsigned DEFAULT NULL,
  `last_updated_time` datetime DEFAULT NULL,
  `recipe_only_fl` bit(1) NOT NULL DEFAULT b'0',
  `active_fl` bit(1) NOT NULL DEFAULT b'1',
  `status_fl` bit(1) DEFAULT b'0',
  PRIMARY KEY (`id`),
  KEY `bud_shortcut_button_account_idx` (`account_id`)
) ENGINE=InnoDB AUTO_INCREMENT=21 DEFAULT CHARSET=latin1;
/*!40101 SET character_set_client = @saved_cs_client */;

--
-- Dumping data for table `bud_shortcut_button`
--

LOCK TABLES `bud_shortcut_button` WRITE;
/*!40000 ALTER TABLE `bud_shortcut_button` DISABLE KEYS */;
INSERT INTO `bud_shortcut_button` VALUES (1,NULL,'Immediate Use CSPs',1,'hrs',1,'hrs',NULL,NULL,NULL,NULL,NULL,NULL,_binary '\0',_binary '',_binary '\0'),(2,NULL,'Low-Risk CSPs - No Sterility Testing',48,'hrs',14,'Days',45,'Days',NULL,NULL,NULL,NULL,_binary '\0',_binary '',_binary '\0'),(3,NULL,'Low-Risk CSPs with < 12-hour BUD',12,'hrs',12,'hrs',NULL,NULL,NULL,NULL,NULL,NULL,_binary '\0',_binary '',_binary '\0'),(4,NULL,'Medium Risk CSPs',30,'hrs',9,'Days',45,'Days',NULL,NULL,NULL,NULL,_binary '\0',_binary '',_binary '\0'),(5,NULL,'High Risk CSPs',24,'hrs',3,'Days',45,'Days',NULL,NULL,NULL,NULL,_binary '\0',_binary '',_binary '\0'),(6,NULL,'Immediate Use CSPs',1,'hrs',1,'hrs',NULL,NULL,NULL,NULL,NULL,NULL,_binary '',_binary '',_binary '\0'),(7,NULL,'Low-Risk CSPs - No Sterility Testing',48,'hrs',14,'Days',45,'Days',NULL,NULL,NULL,NULL,_binary '',_binary '',_binary '\0'),(8,NULL,'Low-Risk CSPs with < 12-hour BUD',12,'hrs',12,'hrs',NULL,NULL,NULL,NULL,NULL,NULL,_binary '',_binary '',_binary '\0'),(9,NULL,'Medium Risk CSPs',30,'hrs',9,'Days',45,'Days',NULL,NULL,NULL,NULL,_binary '',_binary '',_binary '\0'),(10,NULL,'High Risk CSPs',24,'hrs',3,'Days',45,'Days',NULL,NULL,NULL,NULL,_binary '',_binary '',_binary '\0'),(11,2,'Immediate Use CSPs',1,'hrs',1,'hrs',NULL,NULL,NULL,NULL,NULL,NULL,_binary '\0',_binary '',_binary '\0'),(12,2,'Low-Risk CSPs - No Sterility Testing',48,'hrs',14,'Days',45,'Days',NULL,NULL,NULL,NULL,_binary '\0',_binary '',_binary '\0'),(13,2,'Low-Risk CSPs with < 12-hour BUD',12,'hrs',12,'hrs',NULL,NULL,NULL,NULL,NULL,NULL,_binary '\0',_binary '',_binary '\0'),(14,2,'Medium Risk CSPs',30,'hrs',9,'Days',45,'Days',NULL,NULL,NULL,NULL,_binary '\0',_binary '',_binary '\0'),(15,2,'High Risk CSPs',24,'hrs',3,'Days',45,'Days',NULL,NULL,NULL,NULL,_binary '\0',_binary '',_binary '\0'),(16,2,'Immediate Use CSPs',1,'hrs',1,'hrs',NULL,NULL,NULL,NULL,NULL,NULL,_binary '',_binary '',_binary '\0'),(17,2,'Low-Risk CSPs - No Sterility Testing',48,'hrs',14,'Days',45,'Days',NULL,NULL,NULL,NULL,_binary '',_binary '',_binary '\0'),(18,2,'Low-Risk CSPs with < 12-hour BUD',12,'hrs',12,'hrs',NULL,NULL,NULL,NULL,NULL,NULL,_binary '',_binary '',_binary '\0'),(19,2,'Medium Risk CSPs',30,'hrs',9,'Days',45,'Days',NULL,NULL,NULL,NULL,_binary '',_binary '',_binary '\0'),(20,2,'High Risk CSPs',24,'hrs',3,'Days',45,'Days',NULL,NULL,NULL,NULL,_binary '',_binary '',_binary '\0');
/*!40000 ALTER TABLE `bud_shortcut_button` ENABLE KEYS */;
UNLOCK TABLES;

--
-- Table structure for table `cart_history`
--

DROP TABLE IF EXISTS `cart_history`;
/*!40101 SET @saved_cs_client     = @@character_set_client */;
/*!40101 SET character_set_client = utf8 */;
CREATE TABLE `cart_history` (
  `id` int(10) unsigned NOT NULL AUTO_INCREMENT,
  `account_id` int(10) unsigned NOT NULL,
  `user_id` int(10) unsigned NOT NULL,
  `status_id` int(10) unsigned NOT NULL,
  `activity_date` datetime DEFAULT NULL,
  `info` longtext,
  `item_type` varchar(255) DEFAULT NULL,
  `item_id` int(10) unsigned DEFAULT NULL,
  `lock_id` varchar(50) DEFAULT NULL,
  `patient_id` varchar(50) DEFAULT NULL,
  `notes` longtext,
  `expiration` datetime DEFAULT NULL,
  `last_updated_by` int(10) unsigned DEFAULT NULL,
  `last_updated_time` datetime DEFAULT NULL,
  `created_by` int(10) unsigned DEFAULT NULL,
  `created_time` datetime DEFAULT NULL,
  `location_id` int(10) unsigned DEFAULT NULL,
  `counted_by` int(10) unsigned DEFAULT NULL,
  `filled_by` int(10) unsigned DEFAULT NULL,
  `approved_by` int(10) unsigned DEFAULT NULL,
  `counted_time` datetime DEFAULT NULL,
  `filled_time` datetime DEFAULT NULL,
  `approved_time` datetime DEFAULT NULL,
  `start_time` datetime DEFAULT NULL,
  `end_time` datetime DEFAULT NULL,
  PRIMARY KEY (`id`),
  KEY `fk_cart_history_status` (`status_id`),
  KEY `fk_cart_history_user` (`user_id`),
  KEY `fk_cart_history_lastUpdatedby` (`last_updated_by`),
  KEY `fk_cart_history_createdby` (`created_by`),
  KEY `fk_cart_history_location` (`location_id`),
  KEY `fk_cart_history_countedBy` (`counted_by`),
  KEY `fk_cart_history_filledBy` (`filled_by`),
  KEY `fk_cart_history_approvedBy` (`approved_by`),
  KEY `idx_cart_history_item_status` (`account_id`,`item_id`,`status_id`),
  KEY `idx_account_id_activity_date` (`account_id`,`activity_date`),
  CONSTRAINT `fk_cart_history_account` FOREIGN KEY (`account_id`) REFERENCES `account` (`id`) ON DELETE NO ACTION ON UPDATE NO ACTION,
  CONSTRAINT `fk_cart_history_approvedBy` FOREIGN KEY (`approved_by`) REFERENCES `users` (`id`),
  CONSTRAINT `fk_cart_history_countedBy` FOREIGN KEY (`counted_by`) REFERENCES `users` (`id`),
  CONSTRAINT `fk_cart_history_createdby` FOREIGN KEY (`created_by`) REFERENCES `users` (`id`),
  CONSTRAINT `fk_cart_history_filledBy` FOREIGN KEY (`filled_by`) REFERENCES `users` (`id`),
  CONSTRAINT `fk_cart_history_lastUpdatedby` FOREIGN KEY (`last_updated_by`) REFERENCES `users` (`id`),
  CONSTRAINT `fk_cart_history_location` FOREIGN KEY (`location_id`) REFERENCES `location` (`id`),
  CONSTRAINT `fk_cart_history_status` FOREIGN KEY (`status_id`) REFERENCES `statuses` (`id`) ON DELETE NO ACTION ON UPDATE NO ACTION,
  CONSTRAINT `fk_cart_history_user` FOREIGN KEY (`user_id`) REFERENCES `users` (`id`) ON DELETE NO ACTION ON UPDATE NO ACTION
) ENGINE=InnoDB DEFAULT CHARSET=latin1;
/*!40101 SET character_set_client = @saved_cs_client */;

--
-- Dumping data for table `cart_history`
--

LOCK TABLES `cart_history` WRITE;
/*!40000 ALTER TABLE `cart_history` DISABLE KEYS */;
/*!40000 ALTER TABLE `cart_history` ENABLE KEYS */;
UNLOCK TABLES;
ALTER DATABASE `pharmacy_keeper` CHARACTER SET latin1 COLLATE latin1_general_ci ;
/*!50003 SET @saved_cs_client      = @@character_set_client */ ;
/*!50003 SET @saved_cs_results     = @@character_set_results */ ;
/*!50003 SET @saved_col_connection = @@collation_connection */ ;
/*!50003 SET character_set_client  = latin1 */ ;
/*!50003 SET character_set_results = latin1 */ ;
/*!50003 SET collation_connection  = latin1_general_ci */ ;
/*!50003 SET @saved_sql_mode       = @@sql_mode */ ;
/*!50003 SET sql_mode              = 'ONLY_FULL_GROUP_BY,STRICT_TRANS_TABLES,NO_ZERO_IN_DATE,NO_ZERO_DATE,ERROR_FOR_DIVISION_BY_ZERO,NO_ENGINE_SUBSTITUTION' */ ;
DELIMITER ;;
/*!50003 CREATE*/ /*!50017 DEFINER=`root`@`localhost`*/ /*!50003 TRIGGER cart_history_deletion
            AFTER DELETE ON cart_history FOR EACH ROW
            BEGIN
            INSERT INTO deletion_trail (primary_record_id, secondary_record_id, table_name, account_id,  primary_id_name, secondary_id_name, deletion_time)
            VALUES (OLD.id, NULL, "cart_history", OLD.account_id, "id", NULL, NOW());
            END */;;
DELIMITER ;
/*!50003 SET sql_mode              = @saved_sql_mode */ ;
/*!50003 SET character_set_client  = @saved_cs_client */ ;
/*!50003 SET character_set_results = @saved_cs_results */ ;
/*!50003 SET collation_connection  = @saved_col_connection */ ;
ALTER DATABASE `pharmacy_keeper` CHARACTER SET latin1 COLLATE latin1_swedish_ci ;

--
-- Table structure for table `cart_history_item`
--

DROP TABLE IF EXISTS `cart_history_item`;
/*!40101 SET @saved_cs_client     = @@character_set_client */;
/*!40101 SET character_set_client = utf8 */;
CREATE TABLE `cart_history_item` (
  `id` int(10) unsigned NOT NULL AUTO_INCREMENT,
  `cart_history_id` int(10) unsigned NOT NULL,
  `item_name` varchar(1500) DEFAULT NULL,
  `status_id` int(10) unsigned NOT NULL,
  `patient_id` varchar(50) DEFAULT NULL,
  `serialization` varchar(128) DEFAULT NULL,
  `lot` varchar(45) DEFAULT NULL,
  `quantity` double DEFAULT NULL,
  `expiration` datetime DEFAULT NULL,
  `tray_template_item_id` int(10) unsigned DEFAULT NULL,
  `in_template_fl` bit(1) DEFAULT b'1',
  `last_updated_by` int(10) unsigned DEFAULT NULL,
  `last_updated_time` datetime DEFAULT NULL,
  `created_by` int(10) unsigned DEFAULT NULL,
  `created_time` datetime DEFAULT NULL,
  `uuid` varchar(36) DEFAULT NULL,
  `removed` bit(1) DEFAULT NULL,
  `enforced_item_error` bit(1) DEFAULT NULL,
  PRIMARY KEY (`id`),
  KEY `fk_cart_history_item_cart_history` (`cart_history_id`),
  KEY `fk_cart_history_item_status` (`status_id`),
  KEY `fk_cart_history_item_lastUpdatedby` (`last_updated_by`),
  KEY `fk_cart_history_item_createdby` (`created_by`),
  KEY `idx_cart_history_item_trayTemplateItemId` (`tray_template_item_id`)
) ENGINE=InnoDB DEFAULT CHARSET=latin1;
/*!40101 SET character_set_client = @saved_cs_client */;

--
-- Dumping data for table `cart_history_item`
--

LOCK TABLES `cart_history_item` WRITE;
/*!40000 ALTER TABLE `cart_history_item` DISABLE KEYS */;
/*!40000 ALTER TABLE `cart_history_item` ENABLE KEYS */;
UNLOCK TABLES;
ALTER DATABASE `pharmacy_keeper` CHARACTER SET latin1 COLLATE latin1_general_ci ;
/*!50003 SET @saved_cs_client      = @@character_set_client */ ;
/*!50003 SET @saved_cs_results     = @@character_set_results */ ;
/*!50003 SET @saved_col_connection = @@collation_connection */ ;
/*!50003 SET character_set_client  = latin1 */ ;
/*!50003 SET character_set_results = latin1 */ ;
/*!50003 SET collation_connection  = latin1_general_ci */ ;
/*!50003 SET @saved_sql_mode       = @@sql_mode */ ;
/*!50003 SET sql_mode              = 'ONLY_FULL_GROUP_BY,STRICT_TRANS_TABLES,NO_ZERO_IN_DATE,NO_ZERO_DATE,ERROR_FOR_DIVISION_BY_ZERO,NO_ENGINE_SUBSTITUTION' */ ;
DELIMITER ;;
/*!50003 CREATE*/ /*!50017 DEFINER=`root`@`localhost`*/ /*!50003 TRIGGER cart_history_item_deletion
            BEFORE DELETE ON cart_history_item FOR EACH ROW
            BEGIN
            INSERT INTO deletion_trail (primary_record_id, secondary_record_id, table_name, account_id,  primary_id_name, secondary_id_name, deletion_time)
            select chi.id, NULL, "cart_history_item", ch.account_id, "id", NULL, NOW()
            from cart_history_item chi,
            cart_history ch
            where chi.id = OLD.id
            and chi.cart_history_id = ch.id;
            END */;;
DELIMITER ;
/*!50003 SET sql_mode              = @saved_sql_mode */ ;
/*!50003 SET character_set_client  = @saved_cs_client */ ;
/*!50003 SET character_set_results = @saved_cs_results */ ;
/*!50003 SET collation_connection  = @saved_col_connection */ ;
ALTER DATABASE `pharmacy_keeper` CHARACTER SET latin1 COLLATE latin1_swedish_ci ;

--
-- Table structure for table `carts`
--

DROP TABLE IF EXISTS `carts`;
/*!40101 SET @saved_cs_client     = @@character_set_client */;
/*!40101 SET character_set_client = utf8 */;
CREATE TABLE `carts` (
  `id` int(10) unsigned NOT NULL AUTO_INCREMENT,
  `account_id` int(10) unsigned NOT NULL,
  `name` varchar(100) NOT NULL,
  `active` bit(1) NOT NULL DEFAULT b'1',
  `category` int(10) unsigned DEFAULT NULL,
  `location` int(10) unsigned DEFAULT NULL,
  `status` int(10) unsigned DEFAULT NULL,
  `last_updated_by` int(10) unsigned DEFAULT NULL,
  `last_updated` datetime DEFAULT NULL,
  `serialization` varchar(50) DEFAULT NULL,
  `created_by` int(10) unsigned DEFAULT NULL,
  `created_time` datetime DEFAULT NULL,
  `last_updated_time` datetime DEFAULT NULL,
  `module_id` int(10) unsigned NOT NULL,
  `external_id` varchar(64) DEFAULT NULL,
  `external_id_last_updated` datetime DEFAULT NULL,
  PRIMARY KEY (`id`),
  KEY `fk_cart_lastUpdatedby` (`last_updated_by`),
  KEY `fk_cart_createdby` (`created_by`),
  KEY `idx_account_id` (`account_id`),
  KEY `fk_module_carts` (`module_id`),
  CONSTRAINT `fk_cart_createdby` FOREIGN KEY (`created_by`) REFERENCES `users` (`id`),
  CONSTRAINT `fk_cart_lastUpdatedby` FOREIGN KEY (`last_updated_by`) REFERENCES `users` (`id`),
  CONSTRAINT `fk_module_carts` FOREIGN KEY (`module_id`) REFERENCES `modules` (`id`) ON DELETE NO ACTION ON UPDATE NO ACTION
) ENGINE=InnoDB AUTO_INCREMENT=3 DEFAULT CHARSET=latin1;
/*!40101 SET character_set_client = @saved_cs_client */;

--
-- Dumping data for table `carts`
--

LOCK TABLES `carts` WRITE;
/*!40000 ALTER TABLE `carts` DISABLE KEYS */;
INSERT INTO `carts` VALUES (1,2,'Cart 1',_binary '',NULL,1,1,NULL,NULL,'111',NULL,NULL,NULL,1,NULL,NULL),(2,2,'Cart 2',_binary '',NULL,1,1,NULL,NULL,'222',NULL,NULL,NULL,1,NULL,NULL);
/*!40000 ALTER TABLE `carts` ENABLE KEYS */;
UNLOCK TABLES;
ALTER DATABASE `pharmacy_keeper` CHARACTER SET latin1 COLLATE latin1_general_ci ;
/*!50003 SET @saved_cs_client      = @@character_set_client */ ;
/*!50003 SET @saved_cs_results     = @@character_set_results */ ;
/*!50003 SET @saved_col_connection = @@collation_connection */ ;
/*!50003 SET character_set_client  = latin1 */ ;
/*!50003 SET character_set_results = latin1 */ ;
/*!50003 SET collation_connection  = latin1_general_ci */ ;
/*!50003 SET @saved_sql_mode       = @@sql_mode */ ;
/*!50003 SET sql_mode              = 'ONLY_FULL_GROUP_BY,STRICT_TRANS_TABLES,NO_ZERO_IN_DATE,NO_ZERO_DATE,ERROR_FOR_DIVISION_BY_ZERO,NO_ENGINE_SUBSTITUTION' */ ;
DELIMITER ;;
/*!50003 CREATE*/ /*!50017 DEFINER=`root`@`localhost`*/ /*!50003 TRIGGER cart_deletion
            AFTER DELETE ON carts FOR EACH ROW
            BEGIN
            INSERT INTO deletion_trail (primary_record_id, secondary_record_id, table_name, account_id,  primary_id_name, secondary_id_name, deletion_time)
            VALUES (OLD.id, NULL, "carts", OLD.account_id, "id", NULL, NOW());
            END */;;
DELIMITER ;
/*!50003 SET sql_mode              = @saved_sql_mode */ ;
/*!50003 SET character_set_client  = @saved_cs_client */ ;
/*!50003 SET character_set_results = @saved_cs_results */ ;
/*!50003 SET collation_connection  = @saved_col_connection */ ;
ALTER DATABASE `pharmacy_keeper` CHARACTER SET latin1 COLLATE latin1_swedish_ci ;

--
-- Table structure for table `catalog_key_value`
--

DROP TABLE IF EXISTS `catalog_key_value`;
/*!40101 SET @saved_cs_client     = @@character_set_client */;
/*!40101 SET character_set_client = utf8 */;
CREATE TABLE `catalog_key_value` (
  `id` int(10) unsigned NOT NULL AUTO_INCREMENT,
  `account_id` int(10) unsigned NOT NULL,
  `item_dictionary_id` int(10) unsigned DEFAULT NULL,
  `catalog_key` varchar(256) NOT NULL,
  `value` varchar(512) NOT NULL,
  PRIMARY KEY (`id`)
) ENGINE=InnoDB DEFAULT CHARSET=latin1;
/*!40101 SET character_set_client = @saved_cs_client */;

--
-- Dumping data for table `catalog_key_value`
--

LOCK TABLES `catalog_key_value` WRITE;
/*!40000 ALTER TABLE `catalog_key_value` DISABLE KEYS */;
/*!40000 ALTER TABLE `catalog_key_value` ENABLE KEYS */;
UNLOCK TABLES;

--
-- Table structure for table `catalog_value`
--

DROP TABLE IF EXISTS `catalog_value`;
/*!40101 SET @saved_cs_client     = @@character_set_client */;
/*!40101 SET character_set_client = utf8 */;
CREATE TABLE `catalog_value` (
  `id` int(10) unsigned NOT NULL AUTO_INCREMENT,
  `account_id` int(10) unsigned DEFAULT NULL,
  `value` varchar(512) NOT NULL,
  `type` varchar(64) NOT NULL,
  `module_id` int(10) unsigned NOT NULL DEFAULT '2',
  PRIMARY KEY (`id`),
  KEY `idx_module_account_type` (`module_id`,`account_id`,`type`),
  KEY `idx_account_module_type_value` (`account_id`,`module_id`,`type`,`value`)
) ENGINE=InnoDB AUTO_INCREMENT=84 DEFAULT CHARSET=latin1;
/*!40101 SET character_set_client = @saved_cs_client */;

--
-- Dumping data for table `catalog_value`
--

LOCK TABLES `catalog_value` WRITE;
/*!40000 ALTER TABLE `catalog_value` DISABLE KEYS */;
INSERT INTO `catalog_value` VALUES (30,NULL,'abbVie','MANUFACTURER',2),(21,NULL,'Accord Healthcare','MANUFACTURER',2),(48,NULL,'Actelion Pharma','MANUFACTURER',2),(20,NULL,'AKORN','MANUFACTURER',2),(29,NULL,'ALCON','MANUFACTURER',2),(54,NULL,'Alexion','MANUFACTURER',2),(59,NULL,'Allergan','MANUFACTURER',2),(45,NULL,'American Health Packaging (AHP)','MANUFACTURER',2),(19,NULL,'American Regent','MANUFACTURER',2),(41,NULL,'Amneal Biosciences','MANUFACTURER',2),(37,NULL,'Amphastar Pharmaceuticals','MANUFACTURER',2),(35,NULL,'Amring  Pharmaceuticals','MANUFACTURER',2),(28,NULL,'Apotex Corp','MANUFACTURER',2),(16,NULL,'APP Frensius Kabi USA','MANUFACTURER',2),(18,NULL,'AUROMedics PHARMA','MANUFACTURER',2),(25,NULL,'AVADEL LEGACY PHARMACEUITCALS','MANUFACTURER',2),(80,NULL,'Aventis','MANUFACTURER',2),(78,NULL,'B Braun Medical','MANUFACTURER',2),(70,NULL,'BAUCH+LOMB','MANUFACTURER',2),(74,NULL,'BAYER HEALTHCARE','MANUFACTURER',2),(42,NULL,'BluePoint Laboratories','MANUFACTURER',2),(47,NULL,'Bracco Diagnostics','MANUFACTURER',2),(79,NULL,'Cadila Pharmaceuticals','MANUFACTURER',2),(24,NULL,'CAREFUSION','MANUFACTURER',2),(27,NULL,'Celgene Corp','MANUFACTURER',2),(73,NULL,'CELLITRON','MANUFACTURER',2),(77,NULL,'Cephalon, Inc.','MANUFACTURER',2),(57,NULL,'Consolidated Midland Corp.','MANUFACTURER',2),(56,NULL,'Copla USA','MANUFACTURER',2),(72,NULL,'Critical Care Therapeutics','MANUFACTURER',2),(49,NULL,'Cumberland Pharmaceutical','MANUFACTURER',2),(53,NULL,'CutisPharm','MANUFACTURER',2),(58,NULL,'Dr. Reddy\'s Laboratories','MANUFACTURER',2),(81,NULL,'Durata Therapeutics','MANUFACTURER',2),(36,NULL,'ECLAT PHARM','MANUFACTURER',2),(23,NULL,'EISAI INC','MANUFACTURER',2),(67,NULL,'Eli Lilly & Company','MANUFACTURER',2),(43,NULL,'Facta Farmaceuticals','MANUFACTURER',2),(68,NULL,'FERRING PHARMACEUTICALS','MANUFACTURER',2),(83,NULL,'Fleet Laboratories','MANUFACTURER',2),(39,NULL,'Forest Laboratories','MANUFACTURER',2),(38,NULL,'FRANKLIN LAKES','MANUFACTURER',2),(31,NULL,'Freesenius Kabi USA','MANUFACTURER',2),(40,NULL,'Genzyme Corp','MANUFACTURER',2),(55,NULL,'GLAND PHARMA LIMITED','MANUFACTURER',2),(61,NULL,'Grifols USA','MANUFACTURER',2),(44,NULL,'Helsinn Therapeutics','MANUFACTURER',2),(22,NULL,'HERITAGE PHARMACEUTICALS INC.','MANUFACTURER',2),(75,NULL,'Hope Pharmaceuticals','MANUFACTURER',2),(71,NULL,'ImClone LLC / Eli Lilly & Company','MANUFACTURER',2),(33,NULL,'IMS Limited','MANUFACTURER',2),(50,NULL,'Intas Pharmaceuticals','MANUFACTURER',2),(34,NULL,'international Medication Systems','MANUFACTURER',2),(65,NULL,'Janssen Biotech','MANUFACTURER',2),(62,NULL,'Janssen Pharmaceuticals','MANUFACTURER',2),(52,NULL,'Lineage Therapeutics','MANUFACTURER',2),(32,NULL,'Major Pharma','MANUFACTURER',2),(17,NULL,'Marathon Pharmaceuticals','MANUFACTURER',2),(66,NULL,'Mead Johnson','MANUFACTURER',2),(63,NULL,'Mulan','MANUFACTURER',2),(26,NULL,'NATCO','MANUFACTURER',2),(69,NULL,'Onyx Pharmaceuticals, Inc.','MANUFACTURER',2),(51,NULL,'Par Pharmaceutical ','MANUFACTURER',2),(76,NULL,'Paratek Pharmaceuticals','MANUFACTURER',2),(46,NULL,'Sagent Pharmaceuticals','MANUFACTURER',2),(82,NULL,'Sanofi U.S.','MANUFACTURER',2),(60,NULL,'Swanson Health Products ','MANUFACTURER',2),(64,NULL,'Winthrop U.S.','MANUFACTURER',2),(3,2,'2012','DESTINATION',2),(4,2,'2044','DESTINATION',2),(5,2,'2055','DESTINATION',2),(6,2,'2084','DESTINATION',2),(7,2,'3111','DESTINATION',2),(8,2,'3228','DESTINATION',2),(9,2,'3367','DESTINATION',2),(10,2,'3401','DESTINATION',2),(1,2,'C123','DESTINATION',2),(2,2,'E1','DESTINATION',2);
/*!40000 ALTER TABLE `catalog_value` ENABLE KEYS */;
UNLOCK TABLES;

--
-- Table structure for table `category_list`
--

DROP TABLE IF EXISTS `category_list`;
/*!40101 SET @saved_cs_client     = @@character_set_client */;
/*!40101 SET character_set_client = utf8 */;
CREATE TABLE `category_list` (
  `id` int(10) unsigned NOT NULL AUTO_INCREMENT,
  `account_id` int(10) unsigned DEFAULT NULL,
  `module_id` int(10) unsigned DEFAULT NULL,
  `category_name` varchar(32) NOT NULL,
  `item_value` varchar(64) NOT NULL,
  `item_order` int(11) NOT NULL DEFAULT '0',
  `item_description` varchar(64) NOT NULL,
  `reporting_value` varchar(16) DEFAULT NULL,
  `active` bit(1) NOT NULL DEFAULT b'1',
  `reporting_value2` varchar(64) DEFAULT NULL,
  `data_extract` bit(1) NOT NULL DEFAULT b'0',
  PRIMARY KEY (`id`),
  UNIQUE KEY `uc_category_list` (`category_name`,`item_value`,`account_id`)
) ENGINE=InnoDB AUTO_INCREMENT=19 DEFAULT CHARSET=latin1;
/*!40101 SET character_set_client = @saved_cs_client */;

--
-- Dumping data for table `category_list`
--

LOCK TABLES `category_list` WRITE;
/*!40000 ALTER TABLE `category_list` DISABLE KEYS */;
INSERT INTO `category_list` VALUES (1,NULL,NULL,'TIMEZONE','America/New_York',10,'Eastern Time',NULL,_binary '',NULL,_binary '\0'),(2,NULL,NULL,'TIMEZONE','America/Chicago',20,'Central Time',NULL,_binary '',NULL,_binary '\0'),(3,NULL,NULL,'TIMEZONE','America/Denver',30,'Mountain Time',NULL,_binary '',NULL,_binary '\0'),(4,NULL,NULL,'TIMEZONE','America/Los_Angeles',40,'Pacific Time',NULL,_binary '',NULL,_binary '\0'),(5,NULL,NULL,'TIMEZONE','America/Adak',50,'Aleutian Islands',NULL,_binary '',NULL,_binary '\0'),(6,NULL,NULL,'TIMEZONE','America/Phoenix',35,'Arizona Time',NULL,_binary '',NULL,_binary '\0'),(7,NULL,NULL,'TIMEZONE','Australia/Perth',60,'AUS Western Standard Time',NULL,_binary '',NULL,_binary '\0'),(8,NULL,NULL,'TIMEZONE','Australia/Eucla',70,'AUS Central Western Standard Time',NULL,_binary '',NULL,_binary '\0'),(9,NULL,NULL,'TIMEZONE','Australia/Darwin',80,'AUS Central Standard Time',NULL,_binary '',NULL,_binary '\0'),(10,NULL,NULL,'TIMEZONE','Australia/Sydney',90,'AUS Eastern Standard Time',NULL,_binary '',NULL,_binary '\0'),(11,NULL,NULL,'TIMEZONE','Australia/LHI',100,'Lord Howe Standard Time',NULL,_binary '',NULL,_binary '\0'),(12,NULL,NULL,'TIMEZONE','Europe/Lisbon',110,'Western European Time',NULL,_binary '',NULL,_binary '\0'),(13,NULL,NULL,'TIMEZONE','Europe/Amsterdam',120,'Central European Time',NULL,_binary '',NULL,_binary '\0'),(14,NULL,NULL,'TIMEZONE','US/Hawaii',130,'Hawaii Standard Time',NULL,_binary '',NULL,_binary '\0'),(15,NULL,NULL,'TIMEZONE','Australia/Adelaide',79,'AUS Central Time',NULL,_binary '',NULL,_binary '\0'),(16,NULL,NULL,'TIMEZONE','America/Anchorage',55,'Alaska Standard Time',NULL,_binary '',NULL,_binary '\0'),(17,NULL,NULL,'TIMEZONE','Canada/Atlantic',55,'Canada Atlantic',NULL,_binary '',NULL,_binary '\0'),(18,NULL,NULL,'TIMEZONE','Canada/Newfoundland',55,'Canada Newfoundland',NULL,_binary '',NULL,_binary '\0');
/*!40000 ALTER TABLE `category_list` ENABLE KEYS */;
UNLOCK TABLES;

--
-- Table structure for table `component`
--

DROP TABLE IF EXISTS `component`;
/*!40101 SET @saved_cs_client     = @@character_set_client */;
/*!40101 SET character_set_client = utf8 */;
CREATE TABLE `component` (
  `id` int(11) NOT NULL AUTO_INCREMENT,
  `component_type` varchar(255) DEFAULT NULL,
  `given_code` varchar(255) DEFAULT NULL,
  `component_amount` varchar(64) DEFAULT NULL,
  `dispense_units` varchar(20) DEFAULT NULL,
  `component_strength` varchar(200) DEFAULT NULL,
  `order_units` varchar(255) DEFAULT NULL,
  `placer_order_number` varchar(255) DEFAULT NULL,
  `GUID` varchar(256) NOT NULL,
  `processed` bit(1) NOT NULL DEFAULT b'0',
  `mnemonic` varchar(255) DEFAULT NULL,
  `order_amount` decimal(10,4) DEFAULT NULL,
  `required_NDC` varchar(255) DEFAULT NULL,
  PRIMARY KEY (`id`),
  KEY `idx_guid` (`GUID`)
) ENGINE=InnoDB DEFAULT CHARSET=latin1;
/*!40101 SET character_set_client = @saved_cs_client */;

--
-- Dumping data for table `component`
--

LOCK TABLES `component` WRITE;
/*!40000 ALTER TABLE `component` DISABLE KEYS */;
/*!40000 ALTER TABLE `component` ENABLE KEYS */;
UNLOCK TABLES;

--
-- Table structure for table `component_scan_archive`
--

DROP TABLE IF EXISTS `component_scan_archive`;
/*!40101 SET @saved_cs_client     = @@character_set_client */;
/*!40101 SET character_set_client = utf8 */;
CREATE TABLE `component_scan_archive` (
  `id` int(10) unsigned NOT NULL AUTO_INCREMENT,
  `account_id` int(10) unsigned NOT NULL,
  `visible_fl` bit(1) DEFAULT b'0',
  `compound_id` int(10) unsigned DEFAULT NULL,
  `component_id` int(10) unsigned DEFAULT NULL,
  `item_dictionary_id` int(10) unsigned DEFAULT NULL,
  `workflow_step_id` int(10) unsigned DEFAULT NULL,
  `widget` varchar(256) DEFAULT NULL,
  `barcode_text` varchar(256) DEFAULT NULL,
  `scanned_ndc` varchar(256) DEFAULT NULL,
  `matched_ndc` varchar(256) DEFAULT NULL,
  `matched_component_name` varchar(1050) DEFAULT NULL,
  `component_display_name` varchar(1050) DEFAULT NULL,
  `lot` varchar(50) DEFAULT NULL,
  `manufacturer` varchar(255) DEFAULT NULL,
  `expiration_date` varchar(50) DEFAULT NULL,
  `parent_batch_id` int(10) unsigned DEFAULT NULL,
  `batch_serialization_identifier` varchar(64) DEFAULT NULL,
  `error_message` longtext,
  `matched_fl` bit(1) DEFAULT b'0',
  `partial_matched_fl` bit(1) DEFAULT b'0',
  `manual_entry_fl` bit(1) DEFAULT b'0',
  `additional_existing_mnemonic_fl` bit(1) DEFAULT b'0',
  `deleted_fl` bit(1) DEFAULT b'0',
  `scanned_by` int(10) unsigned NOT NULL,
  `saved_fl` bit(1) DEFAULT b'0',
  `scanned_time` datetime DEFAULT NULL,
  `matching_logic_type` varchar(255) DEFAULT NULL,
  PRIMARY KEY (`id`),
  KEY `idx_component_id` (`component_id`),
  KEY `idx_compound_id` (`compound_id`)
) ENGINE=InnoDB DEFAULT CHARSET=latin1;
/*!40101 SET character_set_client = @saved_cs_client */;

--
-- Dumping data for table `component_scan_archive`
--

LOCK TABLES `component_scan_archive` WRITE;
/*!40000 ALTER TABLE `component_scan_archive` DISABLE KEYS */;
/*!40000 ALTER TABLE `component_scan_archive` ENABLE KEYS */;
UNLOCK TABLES;

--
-- Table structure for table `components`
--

DROP TABLE IF EXISTS `components`;
/*!40101 SET @saved_cs_client     = @@character_set_client */;
/*!40101 SET character_set_client = utf8 */;
CREATE TABLE `components` (
  `id` int(10) unsigned NOT NULL AUTO_INCREMENT,
  `compound_id` int(10) unsigned NOT NULL,
  `name` varchar(1050) DEFAULT NULL,
  `ndc` varchar(50) DEFAULT NULL,
  `lot` varchar(50) DEFAULT NULL,
  `expiration` datetime DEFAULT NULL,
  `active` bit(1) NOT NULL DEFAULT b'1',
  `in_dictionary` bit(1) NOT NULL DEFAULT b'0',
  `quantity` varchar(50) DEFAULT NULL,
  `last_updated_by` int(10) unsigned DEFAULT NULL,
  `last_updated_time` datetime DEFAULT NULL,
  `created_by` int(10) unsigned DEFAULT NULL,
  `created_time` datetime DEFAULT NULL,
  `amount` varchar(100) DEFAULT NULL,
  `manufacturer` varchar(255) DEFAULT NULL,
  `amount_wasted` varchar(100) DEFAULT NULL,
  `copied_from_batch` bit(1) NOT NULL DEFAULT b'0',
  `from_feed` bit(1) NOT NULL DEFAULT b'0',
  `in_recipe_fl` bit(1) NOT NULL DEFAULT b'0',
  `recipe_item_id` int(10) unsigned DEFAULT NULL,
  `alternative_drugs` longtext,
  `item_override_mnemonic` varchar(256) DEFAULT NULL,
  `partial_ndc_match_fl` bit(1) NOT NULL DEFAULT b'0',
  `sort_order` int(10) unsigned DEFAULT NULL,
  `dose` varchar(50) DEFAULT NULL,
  `batch_id` int(10) unsigned DEFAULT NULL,
  `mapping_level` enum('strength','volume','none') DEFAULT NULL,
  `component_fields_not_required` bit(1) DEFAULT b'0',
  `additional_component_for_existing_mnemonic` bit(1) DEFAULT b'0',
  `scanned_name` varchar(1050) DEFAULT NULL,
  `acknowledged_by_approver` bit(1) DEFAULT b'0',
  `unmatched_item_from_feed` bit(1) DEFAULT b'0',
  `waste_field_required_fl` bit(1) DEFAULT b'0',
  `gravimetric_fl` bit(1) NOT NULL DEFAULT b'0',
  `volumetric_status` varchar(64) DEFAULT NULL,
  `measured_amount` bigint(20) unsigned DEFAULT NULL,
  `measured_unit` varchar(32) DEFAULT NULL,
  `type` varchar(20) DEFAULT NULL,
  `gravimetric_item_dictionary_id` int(10) unsigned DEFAULT NULL,
  `gravimetric_recipe_item_id` int(10) unsigned DEFAULT NULL,
  `volumetric_created_from_empty_vial_fl` bit(1) DEFAULT b'0',
  `gravimetric_diluent_master_component_id` int(10) unsigned DEFAULT NULL,
  `gravimetric_additive_group_parent` int(10) unsigned DEFAULT NULL,
  `quantity_unit` varchar(20) DEFAULT NULL,
  `order_amount` decimal(10,4) DEFAULT NULL,
  `order_units` varchar(32) DEFAULT NULL,
  `gsdd_expected_amount` varchar(64) DEFAULT NULL,
  `gsdd_expected_amount_unit` varchar(64) DEFAULT NULL,
  `actual_amount` varchar(64) DEFAULT NULL,
  `actual_amount_unit` varchar(64) DEFAULT NULL,
  `copied_from_component_id` int(10) unsigned DEFAULT NULL,
  `recipe_item_addition_id` int(10) unsigned DEFAULT NULL,
  `recipe_item_addition_text` varchar(32) DEFAULT NULL,
  `amount_wasted_unit` varchar(20) DEFAULT NULL,
  `component_scan_archive_id` int(10) unsigned DEFAULT NULL,
  `required_NDC` varchar(255) DEFAULT NULL,
  PRIMARY KEY (`id`),
  KEY `fk_components_lastUpdatedby` (`last_updated_by`),
  KEY `fk_components_createdby` (`created_by`),
  KEY `idx_components_compound_id` (`compound_id`),
  KEY `idx_components_manufacturer` (`manufacturer`),
  KEY `idx_components_created_time` (`created_time`),
  CONSTRAINT `fk_components_createdby` FOREIGN KEY (`created_by`) REFERENCES `users` (`id`),
  CONSTRAINT `fk_components_lastUpdatedby` FOREIGN KEY (`last_updated_by`) REFERENCES `users` (`id`)
) ENGINE=InnoDB DEFAULT CHARSET=latin1;
/*!40101 SET character_set_client = @saved_cs_client */;

--
-- Dumping data for table `components`
--

LOCK TABLES `components` WRITE;
/*!40000 ALTER TABLE `components` DISABLE KEYS */;
/*!40000 ALTER TABLE `components` ENABLE KEYS */;
UNLOCK TABLES;
ALTER DATABASE `pharmacy_keeper` CHARACTER SET latin1 COLLATE latin1_general_ci ;
/*!50003 SET @saved_cs_client      = @@character_set_client */ ;
/*!50003 SET @saved_cs_results     = @@character_set_results */ ;
/*!50003 SET @saved_col_connection = @@collation_connection */ ;
/*!50003 SET character_set_client  = latin1 */ ;
/*!50003 SET character_set_results = latin1 */ ;
/*!50003 SET collation_connection  = latin1_general_ci */ ;
/*!50003 SET @saved_sql_mode       = @@sql_mode */ ;
/*!50003 SET sql_mode              = 'ONLY_FULL_GROUP_BY,STRICT_TRANS_TABLES,NO_ZERO_IN_DATE,NO_ZERO_DATE,ERROR_FOR_DIVISION_BY_ZERO,NO_ENGINE_SUBSTITUTION' */ ;
DELIMITER ;;
/*!50003 CREATE*/ /*!50017 DEFINER=`root`@`localhost`*/ /*!50003 TRIGGER components_deletion
            BEFORE DELETE ON components FOR EACH ROW
            BEGIN
            INSERT INTO deletion_trail (primary_record_id, secondary_record_id, table_name, account_id,  primary_id_name, secondary_id_name, deletion_time)
            select cp.id, NULL, "components", cmpd.account_id, "id", NULL, NOW()
            from components cp,
            compounds cmpd
            where cp.id = OLD.id
            and cp.compound_id = cmpd.id;
            END */;;
DELIMITER ;
/*!50003 SET sql_mode              = @saved_sql_mode */ ;
/*!50003 SET character_set_client  = @saved_cs_client */ ;
/*!50003 SET character_set_results = @saved_cs_results */ ;
/*!50003 SET collation_connection  = @saved_col_connection */ ;
ALTER DATABASE `pharmacy_keeper` CHARACTER SET latin1 COLLATE latin1_swedish_ci ;

--
-- Table structure for table `compound_copy_order`
--

DROP TABLE IF EXISTS `compound_copy_order`;
/*!40101 SET @saved_cs_client     = @@character_set_client */;
/*!40101 SET character_set_client = utf8 */;
CREATE TABLE `compound_copy_order` (
  `id` int(10) unsigned NOT NULL AUTO_INCREMENT,
  `compound_id` int(10) unsigned NOT NULL,
  `copy_to_compound_id` int(10) unsigned NOT NULL,
  `created_by` int(10) unsigned DEFAULT NULL,
  `created_time` datetime DEFAULT NULL,
  PRIMARY KEY (`id`)
) ENGINE=InnoDB DEFAULT CHARSET=latin1;
/*!40101 SET character_set_client = @saved_cs_client */;

--
-- Dumping data for table `compound_copy_order`
--

LOCK TABLES `compound_copy_order` WRITE;
/*!40000 ALTER TABLE `compound_copy_order` DISABLE KEYS */;
/*!40000 ALTER TABLE `compound_copy_order` ENABLE KEYS */;
UNLOCK TABLES;

--
-- Table structure for table `compound_delivery`
--

DROP TABLE IF EXISTS `compound_delivery`;
/*!40101 SET @saved_cs_client     = @@character_set_client */;
/*!40101 SET character_set_client = utf8 */;
CREATE TABLE `compound_delivery` (
  `id` int(10) unsigned NOT NULL AUTO_INCREMENT,
  `compound_id` int(10) unsigned NOT NULL,
  `status_id` int(10) unsigned NOT NULL,
  `location_id` int(10) unsigned DEFAULT NULL,
  `created_by` int(10) unsigned DEFAULT NULL,
  `created_time` datetime DEFAULT NULL,
  `last_updated_by` int(10) unsigned DEFAULT NULL,
  `last_updated_time` datetime DEFAULT NULL,
  `cart_id` int(10) unsigned DEFAULT NULL,
  PRIMARY KEY (`id`),
  KEY `idx_compound_delivery_compound_id` (`compound_id`)
) ENGINE=InnoDB DEFAULT CHARSET=latin1;
/*!40101 SET character_set_client = @saved_cs_client */;

--
-- Dumping data for table `compound_delivery`
--

LOCK TABLES `compound_delivery` WRITE;
/*!40000 ALTER TABLE `compound_delivery` DISABLE KEYS */;
/*!40000 ALTER TABLE `compound_delivery` ENABLE KEYS */;
UNLOCK TABLES;
ALTER DATABASE `pharmacy_keeper` CHARACTER SET latin1 COLLATE latin1_general_ci ;
/*!50003 SET @saved_cs_client      = @@character_set_client */ ;
/*!50003 SET @saved_cs_results     = @@character_set_results */ ;
/*!50003 SET @saved_col_connection = @@collation_connection */ ;
/*!50003 SET character_set_client  = latin1 */ ;
/*!50003 SET character_set_results = latin1 */ ;
/*!50003 SET collation_connection  = latin1_general_ci */ ;
/*!50003 SET @saved_sql_mode       = @@sql_mode */ ;
/*!50003 SET sql_mode              = 'ONLY_FULL_GROUP_BY,STRICT_TRANS_TABLES,NO_ZERO_IN_DATE,NO_ZERO_DATE,ERROR_FOR_DIVISION_BY_ZERO,NO_ENGINE_SUBSTITUTION' */ ;
DELIMITER ;;
/*!50003 CREATE*/ /*!50017 DEFINER=`root`@`localhost`*/ /*!50003 TRIGGER compound_delivery_deletion
            BEFORE DELETE ON compound_delivery FOR EACH ROW
            BEGIN
            INSERT INTO deletion_trail (primary_record_id, secondary_record_id, table_name, account_id,  primary_id_name, secondary_id_name, deletion_time)
            select cd.id, NULL, "compound_delivery", cmpd.account_id, "id", NULL, NOW()
            from compound_delivery cd,
            compounds cmpd
            where cd.id = OLD.id
            and cd.compound_id = cmpd.id;
            END */;;
DELIMITER ;
/*!50003 SET sql_mode              = @saved_sql_mode */ ;
/*!50003 SET character_set_client  = @saved_cs_client */ ;
/*!50003 SET character_set_results = @saved_cs_results */ ;
/*!50003 SET collation_connection  = @saved_col_connection */ ;
ALTER DATABASE `pharmacy_keeper` CHARACTER SET latin1 COLLATE latin1_swedish_ci ;

--
-- Table structure for table `compound_external_content`
--

DROP TABLE IF EXISTS `compound_external_content`;
/*!40101 SET @saved_cs_client     = @@character_set_client */;
/*!40101 SET character_set_client = utf8 */;
CREATE TABLE `compound_external_content` (
  `id` int(10) unsigned NOT NULL AUTO_INCREMENT,
  `account_id` int(10) unsigned NOT NULL,
  `compound_id` int(10) unsigned NOT NULL,
  `name` varchar(256) NOT NULL,
  `location` varchar(2000) DEFAULT NULL,
  `file_name` varchar(128) DEFAULT NULL,
  `expiration_date` datetime DEFAULT NULL,
  `compound_saved_fl` bit(1) DEFAULT b'0',
  `active_fl` bit(1) DEFAULT b'1',
  `last_updated_by` int(10) unsigned DEFAULT NULL,
  `last_updated_time` datetime DEFAULT NULL,
  `created_by` int(10) unsigned DEFAULT NULL,
  `created_time` datetime DEFAULT NULL,
  PRIMARY KEY (`id`),
  KEY `idx_compound_id` (`compound_id`),
  CONSTRAINT `fk_compound_external_content_compound` FOREIGN KEY (`compound_id`) REFERENCES `compounds` (`id`)
) ENGINE=InnoDB DEFAULT CHARSET=latin1;
/*!40101 SET character_set_client = @saved_cs_client */;

--
-- Dumping data for table `compound_external_content`
--

LOCK TABLES `compound_external_content` WRITE;
/*!40000 ALTER TABLE `compound_external_content` DISABLE KEYS */;
/*!40000 ALTER TABLE `compound_external_content` ENABLE KEYS */;
UNLOCK TABLES;

--
-- Table structure for table `compound_note`
--

DROP TABLE IF EXISTS `compound_note`;
/*!40101 SET @saved_cs_client     = @@character_set_client */;
/*!40101 SET character_set_client = utf8 */;
CREATE TABLE `compound_note` (
  `id` int(10) unsigned NOT NULL AUTO_INCREMENT,
  `compound_id` int(10) unsigned NOT NULL,
  `note` varchar(4000) NOT NULL,
  `created_by_name` varchar(100) DEFAULT NULL,
  `created_by` int(10) unsigned DEFAULT NULL,
  `created_time` datetime DEFAULT NULL,
  `active` bit(1) DEFAULT b'1',
  PRIMARY KEY (`id`),
  KEY `idx_compound_note_compound_id` (`compound_id`)
) ENGINE=InnoDB DEFAULT CHARSET=latin1;
/*!40101 SET character_set_client = @saved_cs_client */;

--
-- Dumping data for table `compound_note`
--

LOCK TABLES `compound_note` WRITE;
/*!40000 ALTER TABLE `compound_note` DISABLE KEYS */;
/*!40000 ALTER TABLE `compound_note` ENABLE KEYS */;
UNLOCK TABLES;
ALTER DATABASE `pharmacy_keeper` CHARACTER SET latin1 COLLATE latin1_general_ci ;
/*!50003 SET @saved_cs_client      = @@character_set_client */ ;
/*!50003 SET @saved_cs_results     = @@character_set_results */ ;
/*!50003 SET @saved_col_connection = @@collation_connection */ ;
/*!50003 SET character_set_client  = latin1 */ ;
/*!50003 SET character_set_results = latin1 */ ;
/*!50003 SET collation_connection  = latin1_general_ci */ ;
/*!50003 SET @saved_sql_mode       = @@sql_mode */ ;
/*!50003 SET sql_mode              = 'ONLY_FULL_GROUP_BY,STRICT_TRANS_TABLES,NO_ZERO_IN_DATE,NO_ZERO_DATE,ERROR_FOR_DIVISION_BY_ZERO,NO_ENGINE_SUBSTITUTION' */ ;
DELIMITER ;;
/*!50003 CREATE*/ /*!50017 DEFINER=`root`@`localhost`*/ /*!50003 TRIGGER compound_note_deletion
            BEFORE DELETE ON compound_note FOR EACH ROW
            BEGIN
            INSERT INTO deletion_trail (primary_record_id, secondary_record_id, table_name, account_id,  primary_id_name, secondary_id_name, deletion_time)
            select cn.id, NULL, "compound_note", cmpd.account_id, "id", NULL, NOW()
            from compound_note cd,
            compounds cmpd
            where cd.id = OLD.id
            and cd.compound_id = cmpd.id;
            END */;;
DELIMITER ;
/*!50003 SET sql_mode              = @saved_sql_mode */ ;
/*!50003 SET character_set_client  = @saved_cs_client */ ;
/*!50003 SET character_set_results = @saved_cs_results */ ;
/*!50003 SET collation_connection  = @saved_col_connection */ ;
ALTER DATABASE `pharmacy_keeper` CHARACTER SET latin1 COLLATE latin1_swedish_ci ;

--
-- Table structure for table `compound_qa_checklist_item_data`
--

DROP TABLE IF EXISTS `compound_qa_checklist_item_data`;
/*!40101 SET @saved_cs_client     = @@character_set_client */;
/*!40101 SET character_set_client = utf8 */;
CREATE TABLE `compound_qa_checklist_item_data` (
  `id` int(10) unsigned NOT NULL AUTO_INCREMENT,
  `compound_id` int(10) unsigned NOT NULL,
  `qa_checklist_item_id` int(10) unsigned NOT NULL,
  `complete_fl` bit(1) NOT NULL DEFAULT b'1',
  `na_fl` bit(1) NOT NULL DEFAULT b'1',
  `created_by` int(10) unsigned DEFAULT NULL,
  `created_time` datetime DEFAULT NULL,
  `last_updated_by` int(10) unsigned DEFAULT NULL,
  `last_updated_time` datetime DEFAULT NULL,
  PRIMARY KEY (`id`),
  KEY `idx_compound_id` (`compound_id`),
  KEY `idx_qa_checklist_item_id` (`qa_checklist_item_id`)
) ENGINE=InnoDB DEFAULT CHARSET=latin1;
/*!40101 SET character_set_client = @saved_cs_client */;

--
-- Dumping data for table `compound_qa_checklist_item_data`
--

LOCK TABLES `compound_qa_checklist_item_data` WRITE;
/*!40000 ALTER TABLE `compound_qa_checklist_item_data` DISABLE KEYS */;
/*!40000 ALTER TABLE `compound_qa_checklist_item_data` ENABLE KEYS */;
UNLOCK TABLES;

--
-- Table structure for table `compound_sensor_data`
--

DROP TABLE IF EXISTS `compound_sensor_data`;
/*!40101 SET @saved_cs_client     = @@character_set_client */;
/*!40101 SET character_set_client = utf8 */;
CREATE TABLE `compound_sensor_data` (
  `id` int(10) NOT NULL AUTO_INCREMENT,
  `compound_id` int(10) NOT NULL,
  `workflow_step_id` int(10) NOT NULL,
  `pharmacy_id` int(10) DEFAULT NULL,
  `equipment_id` int(10) DEFAULT NULL,
  `invalid` bit(1) NOT NULL DEFAULT b'0' COMMENT 'true when system determines the data is not valid, still store the data for debugging',
  `sensor` longtext,
  `sensor_data` longtext,
  `updated_by` int(10) DEFAULT NULL,
  `updated_time` datetime DEFAULT NULL,
  `created_by` int(10) DEFAULT NULL,
  `created_time` datetime DEFAULT NULL,
  PRIMARY KEY (`id`),
  KEY `compound_sensor_data_compound_id_index` (`compound_id`)
) ENGINE=InnoDB DEFAULT CHARSET=latin1 COMMENT='this table is used to store EM sensor data points for compounds (prevents historical lookup from microservice)';
/*!40101 SET character_set_client = @saved_cs_client */;

--
-- Dumping data for table `compound_sensor_data`
--

LOCK TABLES `compound_sensor_data` WRITE;
/*!40000 ALTER TABLE `compound_sensor_data` DISABLE KEYS */;
/*!40000 ALTER TABLE `compound_sensor_data` ENABLE KEYS */;
UNLOCK TABLES;

--
-- Table structure for table `compound_split`
--

DROP TABLE IF EXISTS `compound_split`;
/*!40101 SET @saved_cs_client     = @@character_set_client */;
/*!40101 SET character_set_client = utf8 */;
CREATE TABLE `compound_split` (
  `id` int(10) unsigned NOT NULL AUTO_INCREMENT,
  `compound_id` int(10) unsigned NOT NULL,
  `split_compound_id` int(10) unsigned NOT NULL,
  `amount` varchar(100) DEFAULT NULL,
  `created_by` int(10) unsigned DEFAULT NULL,
  `created_time` datetime DEFAULT NULL,
  `last_updated_by` int(10) unsigned DEFAULT NULL,
  `last_updated_time` datetime DEFAULT NULL,
  `already_copied` bit(1) NOT NULL DEFAULT b'0',
  PRIMARY KEY (`id`),
  KEY `idx_compound_id` (`compound_id`),
  KEY `idx_split_compound_id` (`split_compound_id`)
) ENGINE=InnoDB DEFAULT CHARSET=latin1;
/*!40101 SET character_set_client = @saved_cs_client */;

--
-- Dumping data for table `compound_split`
--

LOCK TABLES `compound_split` WRITE;
/*!40000 ALTER TABLE `compound_split` DISABLE KEYS */;
/*!40000 ALTER TABLE `compound_split` ENABLE KEYS */;
UNLOCK TABLES;

--
-- Table structure for table `compound_users`
--

DROP TABLE IF EXISTS `compound_users`;
/*!40101 SET @saved_cs_client     = @@character_set_client */;
/*!40101 SET character_set_client = utf8 */;
CREATE TABLE `compound_users` (
  `id` int(11) NOT NULL AUTO_INCREMENT,
  `compound_id` int(11) NOT NULL,
  `user_id` int(11) NOT NULL,
  `user_name` varchar(100) NOT NULL,
  `currently_viewing_step` varchar(100) DEFAULT NULL,
  `host_ip` varchar(100) DEFAULT NULL,
  `latest_access_time` datetime DEFAULT NULL,
  `compound_locker` bit(1) NOT NULL DEFAULT b'0',
  PRIMARY KEY (`id`),
  KEY `idx_compound_id` (`compound_id`),
  KEY `idx_user_id` (`user_id`)
) ENGINE=InnoDB DEFAULT CHARSET=latin1;
/*!40101 SET character_set_client = @saved_cs_client */;

--
-- Dumping data for table `compound_users`
--

LOCK TABLES `compound_users` WRITE;
/*!40000 ALTER TABLE `compound_users` DISABLE KEYS */;
/*!40000 ALTER TABLE `compound_users` ENABLE KEYS */;
UNLOCK TABLES;

--
-- Table structure for table `compound_workflow_step`
--

DROP TABLE IF EXISTS `compound_workflow_step`;
/*!40101 SET @saved_cs_client     = @@character_set_client */;
/*!40101 SET character_set_client = utf8 */;
CREATE TABLE `compound_workflow_step` (
  `id` int(10) unsigned NOT NULL AUTO_INCREMENT,
  `compound_id` int(10) unsigned NOT NULL,
  `workflow_id` int(10) unsigned NOT NULL,
  `workflow_step_id` int(10) unsigned NOT NULL,
  `completed_fl` bit(1) NOT NULL DEFAULT b'0',
  `last_updated_by` int(10) unsigned DEFAULT NULL,
  `last_updated_time` datetime DEFAULT NULL,
  `created_by` int(10) unsigned DEFAULT NULL,
  `created_time` datetime DEFAULT NULL,
  PRIMARY KEY (`id`),
  KEY `fk_compound_workflow_step_wf` (`workflow_id`),
  KEY `fk_compound_workflow_step_wfs` (`workflow_step_id`),
  KEY `idx_compound_workflow_step_compound_id` (`compound_id`),
  CONSTRAINT `fk_compound_workflow_step_c` FOREIGN KEY (`compound_id`) REFERENCES `compounds` (`id`),
  CONSTRAINT `fk_compound_workflow_step_wf` FOREIGN KEY (`workflow_id`) REFERENCES `workflow` (`id`),
  CONSTRAINT `fk_compound_workflow_step_wfs` FOREIGN KEY (`workflow_step_id`) REFERENCES `workflow_step` (`id`)
) ENGINE=InnoDB DEFAULT CHARSET=latin1;
/*!40101 SET character_set_client = @saved_cs_client */;

--
-- Dumping data for table `compound_workflow_step`
--

LOCK TABLES `compound_workflow_step` WRITE;
/*!40000 ALTER TABLE `compound_workflow_step` DISABLE KEYS */;
/*!40000 ALTER TABLE `compound_workflow_step` ENABLE KEYS */;
UNLOCK TABLES;
ALTER DATABASE `pharmacy_keeper` CHARACTER SET latin1 COLLATE latin1_general_ci ;
/*!50003 SET @saved_cs_client      = @@character_set_client */ ;
/*!50003 SET @saved_cs_results     = @@character_set_results */ ;
/*!50003 SET @saved_col_connection = @@collation_connection */ ;
/*!50003 SET character_set_client  = latin1 */ ;
/*!50003 SET character_set_results = latin1 */ ;
/*!50003 SET collation_connection  = latin1_general_ci */ ;
/*!50003 SET @saved_sql_mode       = @@sql_mode */ ;
/*!50003 SET sql_mode              = 'ONLY_FULL_GROUP_BY,STRICT_TRANS_TABLES,NO_ZERO_IN_DATE,NO_ZERO_DATE,ERROR_FOR_DIVISION_BY_ZERO,NO_ENGINE_SUBSTITUTION' */ ;
DELIMITER ;;
/*!50003 CREATE*/ /*!50017 DEFINER=`root`@`localhost`*/ /*!50003 TRIGGER compound_workflow_step_deletion
            BEFORE DELETE ON compound_workflow_step FOR EACH ROW
            BEGIN
            INSERT INTO deletion_trail (primary_record_id, secondary_record_id, table_name, account_id,  primary_id_name, secondary_id_name, deletion_time)
            select cws.id, NULL, "compound_workflow_step", cmpd.account_id, "id", NULL, NOW()
            from compound_workflow_step cws,
            compounds cmpd
            where cws.id = OLD.id
            and cws.compound_id = cmpd.id;
            END */;;
DELIMITER ;
/*!50003 SET sql_mode              = @saved_sql_mode */ ;
/*!50003 SET character_set_client  = @saved_cs_client */ ;
/*!50003 SET character_set_results = @saved_cs_results */ ;
/*!50003 SET collation_connection  = @saved_col_connection */ ;
ALTER DATABASE `pharmacy_keeper` CHARACTER SET latin1 COLLATE latin1_swedish_ci ;

--
-- Table structure for table `compounds`
--

DROP TABLE IF EXISTS `compounds`;
/*!40101 SET @saved_cs_client     = @@character_set_client */;
/*!40101 SET character_set_client = utf8 */;
CREATE TABLE `compounds` (
  `id` int(10) unsigned NOT NULL AUTO_INCREMENT,
  `account_id` int(10) unsigned NOT NULL,
  `drug` varchar(2048) DEFAULT NULL,
  `destination` varchar(255) DEFAULT NULL,
  `prescription_number` varchar(255) DEFAULT NULL,
  `dose_number` varchar(100) DEFAULT NULL,
  `patient_name` varchar(255) DEFAULT NULL,
  `patient_account` varchar(255) DEFAULT NULL,
  `patient_location` varchar(255) DEFAULT NULL,
  `status` int(10) unsigned DEFAULT NULL,
  `last_updated_by` int(10) unsigned DEFAULT NULL,
  `last_updated_time` datetime DEFAULT NULL,
  `created_time` datetime DEFAULT NULL,
  `location` int(10) unsigned DEFAULT NULL,
  `notes` longtext,
  `active` bit(1) NOT NULL DEFAULT b'1',
  `priority_id` int(10) unsigned DEFAULT NULL,
  `internal_lot_number` varchar(50) DEFAULT NULL,
  `created_by` int(10) unsigned DEFAULT NULL,
  `ingredients_notes` longtext,
  `recipe_id` int(10) unsigned DEFAULT NULL,
  `label` varchar(100) DEFAULT NULL,
  `prepared_by` int(10) unsigned DEFAULT NULL,
  `parent_id` int(10) unsigned DEFAULT NULL,
  `batch_quantity` int(11) DEFAULT NULL,
  `batch_quantity_used` int(11) DEFAULT NULL,
  `type` varchar(10) NOT NULL DEFAULT 'Compound',
  `expiration_date` datetime DEFAULT NULL,
  `expiration_time` time DEFAULT NULL,
  `refrigerated_expiration_date` datetime DEFAULT NULL,
  `refrigerated_expiration_time` time DEFAULT NULL,
  `freezer_expiration_date` datetime DEFAULT NULL,
  `freezer_expiration_time` time DEFAULT NULL,
  `preparation_date` datetime DEFAULT NULL,
  `preparation_time` time DEFAULT NULL,
  `approved_by` int(10) unsigned DEFAULT NULL,
  `secondary_approved_by` int(10) unsigned DEFAULT NULL,
  `prepared_time` datetime DEFAULT NULL,
  `approved_time` datetime DEFAULT NULL,
  `secondary_approved_time` datetime DEFAULT NULL,
  `component_check_by` int(10) unsigned DEFAULT NULL,
  `component_check_time` datetime DEFAULT NULL,
  `order_date` datetime DEFAULT NULL,
  `workflow_id` int(10) unsigned DEFAULT NULL,
  `last_completed_workflow_step_id` int(10) unsigned DEFAULT NULL,
  `pharmacy_id` int(10) unsigned DEFAULT NULL,
  `qty_from_batch` int(10) unsigned DEFAULT NULL,
  `uuid` varchar(36) DEFAULT NULL,
  `error_from_feed` bit(1) NOT NULL DEFAULT b'0',
  `from_feed` bit(1) NOT NULL DEFAULT b'0',
  `incomplete` bit(1) NOT NULL DEFAULT b'0',
  `completed` bit(1) NOT NULL DEFAULT b'0',
  `due_date` datetime DEFAULT NULL,
  `cart_id` int(10) unsigned DEFAULT NULL,
  `returned` bit(1) NOT NULL DEFAULT b'0',
  `returned_time` datetime DEFAULT NULL,
  `return_reason_id` int(10) unsigned DEFAULT NULL,
  `return_note` varchar(512) DEFAULT NULL,
  `latest_scan_date_time` datetime DEFAULT NULL,
  `override_workflow` bit(1) NOT NULL DEFAULT b'0',
  `label_value_id` int(10) unsigned DEFAULT NULL,
  `custom_field_label1` varchar(256) DEFAULT NULL,
  `custom_field_label2` varchar(256) DEFAULT NULL,
  `custom_field_label3` varchar(256) DEFAULT NULL,
  `custom_field_value1` varchar(500) DEFAULT NULL,
  `custom_field_value2` varchar(500) DEFAULT NULL,
  `custom_field_value3` varchar(500) DEFAULT NULL,
  `custom_field_datatype1` enum('Text','Date') DEFAULT NULL,
  `custom_field_datatype2` enum('Text','Date') DEFAULT NULL,
  `custom_field_datatype3` enum('Text','Date') DEFAULT NULL,
  `custom_field_date_value1` datetime DEFAULT NULL,
  `custom_field_date_value2` datetime DEFAULT NULL,
  `custom_field_date_value3` datetime DEFAULT NULL,
  `discarded` bit(1) NOT NULL DEFAULT b'0',
  `printer_id` int(10) unsigned DEFAULT NULL,
  `suspended_workflow_step_id` int(10) unsigned DEFAULT NULL,
  `cancelled_from_feed_fl` bit(1) DEFAULT b'0',
  `therapeutic_class` varchar(128) DEFAULT NULL,
  `smart_label_expiration_type` enum('room','refrigerated','freezer') DEFAULT NULL,
  `reject_reason_id` int(10) unsigned DEFAULT NULL,
  `rejected` bit(1) NOT NULL DEFAULT b'0',
  `hl7_message_id` int(10) unsigned DEFAULT NULL,
  `cart_fill` bit(1) NOT NULL DEFAULT b'0',
  `copy_order_reason_id` int(10) unsigned DEFAULT NULL,
  `cancelled_fl` bit(1) NOT NULL DEFAULT b'0',
  `manufacturing_complete` varchar(30) DEFAULT NULL,
  `pre_generated_label_id` int(10) unsigned DEFAULT NULL,
  `reject_note` varchar(512) DEFAULT NULL,
  `equipment_id` int(10) unsigned DEFAULT NULL,
  `manufacturing_complete_time` datetime DEFAULT NULL,
  `delivered_time` datetime DEFAULT NULL,
  `delivered_elapsed` int(10) unsigned DEFAULT NULL,
  `manufacturing_complete_elapsed` int(10) unsigned DEFAULT NULL,
  `manufacturing_complete_by` int(10) unsigned DEFAULT NULL,
  `ready_for_rph_check_time` datetime DEFAULT NULL,
  `ready_for_rph_check_by` int(10) unsigned DEFAULT NULL,
  `label_barcode_text_override` varchar(250) DEFAULT NULL,
  `requires_delivery_signoff_fl` bit(1) DEFAULT b'0',
  `signoff_signature` varchar(500) DEFAULT NULL,
  `signoff_note` varchar(500) DEFAULT NULL,
  `patient_date_of_birth` varchar(100) DEFAULT NULL,
  `destination_changed_fl` bit(1) DEFAULT b'0',
  `signoff_name` varchar(500) DEFAULT NULL,
  `original_workflow_id` int(10) unsigned DEFAULT NULL,
  `outbound_message_type` enum('epic') DEFAULT NULL,
  `outbound_message_sent_fl` bit(1) DEFAULT b'0',
  `first_touchpoint_time` datetime DEFAULT NULL,
  `gravimetric_fl` bit(1) NOT NULL DEFAULT b'0',
  `gravimetric_error` varchar(256) DEFAULT NULL,
  `unique_dose_count` int(11) DEFAULT NULL,
  `unique_dose_identifier` varchar(36) DEFAULT NULL,
  `volumetric_configuration_id` int(10) unsigned DEFAULT NULL,
  `original_prescription_number` varchar(255) DEFAULT NULL,
  `feed_recipe_identifier` varchar(1200) DEFAULT NULL,
  `recipe_can_override_workflow_fl` bit(1) DEFAULT b'1',
  `original_drug_name` varchar(1000) DEFAULT NULL,
  `do_not_tube` bit(1) NOT NULL DEFAULT b'0',
  `total_preparations` int(11) DEFAULT NULL,
  `gravimetric_approved_by` int(10) unsigned DEFAULT NULL,
  `gravimetric_approved_time` datetime DEFAULT NULL,
  `ehr_info` longtext,
  `amount_waste_reason_id` int(10) unsigned DEFAULT NULL,
  `wasted` bit(1) DEFAULT b'0',
  `amount_waste_note` varchar(512) DEFAULT NULL,
  `wasted_time` datetime DEFAULT NULL,
  `use_old_ui_fl` bit(1) DEFAULT b'0',
  `is_filled_from_batch` bit(1) DEFAULT b'0',
  `lock_batch_qty_fl` bit(1) DEFAULT b'0',
  `non_step_UI_component_widget_version` int(11) NOT NULL DEFAULT '1',
  `use_step_UI` tinyint(1) DEFAULT NULL,
  `pkvnow_hide_messaging_fl` bit(1) NOT NULL DEFAULT b'0',
  `use_matching_logic_direct` bit(1) NOT NULL DEFAULT b'0',
  `bulk_dilution_amount` decimal(10,4) DEFAULT NULL,
  `bulk_dilution_amount_used` decimal(10,4) DEFAULT NULL,
  `account_central_recipe_bud_id` int(10) unsigned DEFAULT NULL,
  PRIMARY KEY (`id`),
  KEY `fk_compounds_lastUpdatedby` (`last_updated_by`),
  KEY `fk_compounds_createdby` (`created_by`),
  KEY `fk_compounds_preparedby` (`prepared_by`),
  KEY `fk_compounds_approvedby` (`approved_by`),
  KEY `fk_compounds_secondaryapprovedby` (`secondary_approved_by`),
  KEY `fk_compounds_componentcheckby` (`component_check_by`),
  KEY `idx_compounds_account_id_last_updated_time` (`account_id`,`last_updated_time`),
  KEY `idx_compounds_account_id_type` (`account_id`,`type`),
  KEY `fk_compound_carts` (`cart_id`),
  KEY `idx_prescription_number` (`prescription_number`),
  KEY `idx_pre_generated_label_id` (`pre_generated_label_id`),
  KEY `idx_uuid` (`uuid`),
  KEY `idx_outbound_message_type` (`outbound_message_type`),
  KEY `idx_patient_account` (`patient_account`),
  KEY `idx_compounds_account_id_orig_prescription` (`account_id`,`original_prescription_number`),
  KEY `idx_account_id_order_date` (`account_id`,`order_date`),
  KEY `idx_account_id_created_time` (`account_id`,`created_time`),
  KEY `idx_out_mes_cols` (`outbound_message_type`,`outbound_message_sent_fl`),
  KEY `idx_manufacturing_complete` (`manufacturing_complete`),
  KEY `idx_manufacturing_complete_outbound_msg_type_outbound_msg_sent` (`manufacturing_complete`,`outbound_message_type`,`outbound_message_sent_fl`),
  KEY `idx_Compounds_Active_Discarded_Account_ID_Patient_Name` (`active`,`discarded`,`account_id`,`patient_name`),
  KEY `idx_account_id_parent_id` (`account_id`,`parent_id`),
  KEY `idx_account_patient_account` (`account_id`,`patient_account`),
  KEY `idx_account_manufacturing_complete_outbound_msg_type_sent_fl` (`account_id`,`manufacturing_complete`,`outbound_message_type`,`outbound_message_sent_fl`),
  KEY `idx_account_id_drug_prescription_number` (`account_id`,`drug`,`prescription_number`),
  CONSTRAINT `fk_compound_carts` FOREIGN KEY (`cart_id`) REFERENCES `carts` (`id`) ON DELETE NO ACTION ON UPDATE NO ACTION,
  CONSTRAINT `fk_compounds_approvedby` FOREIGN KEY (`approved_by`) REFERENCES `users` (`id`),
  CONSTRAINT `fk_compounds_componentcheckby` FOREIGN KEY (`component_check_by`) REFERENCES `users` (`id`),
  CONSTRAINT `fk_compounds_createdby` FOREIGN KEY (`created_by`) REFERENCES `users` (`id`),
  CONSTRAINT `fk_compounds_lastUpdatedby` FOREIGN KEY (`last_updated_by`) REFERENCES `users` (`id`),
  CONSTRAINT `fk_compounds_preparedby` FOREIGN KEY (`prepared_by`) REFERENCES `users` (`id`),
  CONSTRAINT `fk_compounds_secondaryapprovedby` FOREIGN KEY (`secondary_approved_by`) REFERENCES `users` (`id`)
) ENGINE=InnoDB AUTO_INCREMENT=11 DEFAULT CHARSET=latin1;
/*!40101 SET character_set_client = @saved_cs_client */;

--
-- Dumping data for table `compounds`
--

LOCK TABLES `compounds` WRITE;
/*!40000 ALTER TABLE `compounds` DISABLE KEYS */;
INSERT INTO `compounds` VALUES (1,2,'Meropenem (Merrem) 1gm/NS-100mL','C123','XYZ123456','1','Kenneth Foster','879452354','CICU',NULL,NULL,NULL,'2013-04-21 22:27:15',NULL,NULL,_binary '',NULL,NULL,NULL,NULL,NULL,NULL,NULL,NULL,NULL,NULL,'Compound',NULL,NULL,NULL,NULL,NULL,NULL,NULL,NULL,NULL,NULL,NULL,NULL,NULL,NULL,NULL,'2013-04-21 22:27:15',NULL,NULL,NULL,NULL,'6f5e65c2-c4b7-11eb-9d4e-2be80c826883',_binary '\0',_binary '\0',_binary '\0',_binary '\0',NULL,NULL,_binary '\0',NULL,NULL,NULL,NULL,_binary '\0',NULL,NULL,NULL,NULL,NULL,NULL,NULL,NULL,NULL,NULL,NULL,NULL,NULL,_binary '\0',NULL,NULL,_binary '\0',NULL,NULL,NULL,_binary '\0',NULL,_binary '\0',NULL,_binary '\0',NULL,NULL,NULL,NULL,NULL,NULL,NULL,NULL,NULL,NULL,NULL,NULL,_binary '\0',NULL,NULL,NULL,_binary '\0',NULL,NULL,NULL,_binary '\0',NULL,_binary '\0',NULL,NULL,NULL,NULL,NULL,NULL,_binary '',NULL,_binary '\0',NULL,NULL,NULL,NULL,NULL,_binary '\0',NULL,NULL,_binary '',_binary '\0',_binary '\0',1,NULL,_binary '\0',_binary '\0',NULL,NULL,NULL),(2,2,'Zosyn 4.5gm/IsoOsmo 100ml IVPB','E1','XYZ123457','1','Ragan Driver','879464250','ECU',NULL,NULL,NULL,'2013-04-21 22:27:15',NULL,NULL,_binary '',NULL,NULL,NULL,NULL,NULL,NULL,NULL,NULL,NULL,NULL,'Compound',NULL,NULL,NULL,NULL,NULL,NULL,NULL,NULL,NULL,NULL,NULL,NULL,NULL,NULL,NULL,'2013-04-21 22:27:15',NULL,NULL,NULL,NULL,'6f5e66d0-c4b7-11eb-9d4e-2be80c826883',_binary '\0',_binary '\0',_binary '\0',_binary '\0',NULL,NULL,_binary '\0',NULL,NULL,NULL,NULL,_binary '\0',NULL,NULL,NULL,NULL,NULL,NULL,NULL,NULL,NULL,NULL,NULL,NULL,NULL,_binary '\0',NULL,NULL,_binary '\0',NULL,NULL,NULL,_binary '\0',NULL,_binary '\0',NULL,_binary '\0',NULL,NULL,NULL,NULL,NULL,NULL,NULL,NULL,NULL,NULL,NULL,NULL,_binary '\0',NULL,NULL,NULL,_binary '\0',NULL,NULL,NULL,_binary '\0',NULL,_binary '\0',NULL,NULL,NULL,NULL,NULL,NULL,_binary '',NULL,_binary '\0',NULL,NULL,NULL,NULL,NULL,_binary '\0',NULL,NULL,_binary '',_binary '\0',_binary '\0',1,NULL,_binary '\0',_binary '\0',NULL,NULL,NULL),(3,2,'Zosyn 2.25gm/IsoOsmo 50ml IVPB','2012','XYZ123458','1','Lauren Milne','879465362','2N',NULL,NULL,NULL,'2013-04-21 22:27:15',NULL,NULL,_binary '',NULL,NULL,NULL,NULL,NULL,NULL,NULL,NULL,NULL,NULL,'Compound',NULL,NULL,NULL,NULL,NULL,NULL,NULL,NULL,NULL,NULL,NULL,NULL,NULL,NULL,NULL,'2013-04-21 22:27:15',NULL,NULL,NULL,NULL,'6f5e6752-c4b7-11eb-9d4e-2be80c826883',_binary '\0',_binary '\0',_binary '\0',_binary '\0',NULL,NULL,_binary '\0',NULL,NULL,NULL,NULL,_binary '\0',NULL,NULL,NULL,NULL,NULL,NULL,NULL,NULL,NULL,NULL,NULL,NULL,NULL,_binary '\0',NULL,NULL,_binary '\0',NULL,NULL,NULL,_binary '\0',NULL,_binary '\0',NULL,_binary '\0',NULL,NULL,NULL,NULL,NULL,NULL,NULL,NULL,NULL,NULL,NULL,NULL,_binary '\0',NULL,NULL,NULL,_binary '\0',NULL,NULL,NULL,_binary '\0',NULL,_binary '\0',NULL,NULL,NULL,NULL,NULL,NULL,_binary '',NULL,_binary '\0',NULL,NULL,NULL,NULL,NULL,_binary '\0',NULL,NULL,_binary '',_binary '\0',_binary '\0',1,NULL,_binary '\0',_binary '\0',NULL,NULL,NULL),(4,2,'levETIRAcetam (Keppra) 500mg/NS 100ml IVPB','2044','XYZ123459','1','Barbara Wolfe','879470335','2S',NULL,NULL,NULL,'2013-04-21 22:27:15',NULL,NULL,_binary '',NULL,NULL,NULL,NULL,NULL,NULL,NULL,NULL,NULL,NULL,'Compound',NULL,NULL,NULL,NULL,NULL,NULL,NULL,NULL,NULL,NULL,NULL,NULL,NULL,NULL,NULL,'2013-04-21 22:27:15',NULL,NULL,NULL,NULL,'6f5e67b6-c4b7-11eb-9d4e-2be80c826883',_binary '\0',_binary '\0',_binary '\0',_binary '\0',NULL,NULL,_binary '\0',NULL,NULL,NULL,NULL,_binary '\0',NULL,NULL,NULL,NULL,NULL,NULL,NULL,NULL,NULL,NULL,NULL,NULL,NULL,_binary '\0',NULL,NULL,_binary '\0',NULL,NULL,NULL,_binary '\0',NULL,_binary '\0',NULL,_binary '\0',NULL,NULL,NULL,NULL,NULL,NULL,NULL,NULL,NULL,NULL,NULL,NULL,_binary '\0',NULL,NULL,NULL,_binary '\0',NULL,NULL,NULL,_binary '\0',NULL,_binary '\0',NULL,NULL,NULL,NULL,NULL,NULL,_binary '',NULL,_binary '\0',NULL,NULL,NULL,NULL,NULL,_binary '\0',NULL,NULL,_binary '',_binary '\0',_binary '\0',1,NULL,_binary '\0',_binary '\0',NULL,NULL,NULL),(5,2,'Non-Formulary Template MED','2055','XYZ123460','1','Janet Bishop','879480571','2E',NULL,NULL,NULL,'2013-04-21 22:27:15',NULL,NULL,_binary '',NULL,NULL,NULL,NULL,NULL,NULL,NULL,NULL,NULL,NULL,'Compound',NULL,NULL,NULL,NULL,NULL,NULL,NULL,NULL,NULL,NULL,NULL,NULL,NULL,NULL,NULL,'2013-04-21 22:27:15',NULL,NULL,NULL,NULL,'6f5e681a-c4b7-11eb-9d4e-2be80c826883',_binary '\0',_binary '\0',_binary '\0',_binary '\0',NULL,NULL,_binary '\0',NULL,NULL,NULL,NULL,_binary '\0',NULL,NULL,NULL,NULL,NULL,NULL,NULL,NULL,NULL,NULL,NULL,NULL,NULL,_binary '\0',NULL,NULL,_binary '\0',NULL,NULL,NULL,_binary '\0',NULL,_binary '\0',NULL,_binary '\0',NULL,NULL,NULL,NULL,NULL,NULL,NULL,NULL,NULL,NULL,NULL,NULL,_binary '\0',NULL,NULL,NULL,_binary '\0',NULL,NULL,NULL,_binary '\0',NULL,_binary '\0',NULL,NULL,NULL,NULL,NULL,NULL,_binary '',NULL,_binary '\0',NULL,NULL,NULL,NULL,NULL,_binary '\0',NULL,NULL,_binary '',_binary '\0',_binary '\0',1,NULL,_binary '\0',_binary '\0',NULL,NULL,NULL),(6,2,'vancomycin (Vancocin) 500mg inj','2084','XYZ123461','1','Joe Brozinski','879490528','2W',NULL,NULL,NULL,'2013-04-21 22:27:15',NULL,NULL,_binary '',NULL,NULL,NULL,NULL,NULL,NULL,NULL,NULL,NULL,NULL,'Compound',NULL,NULL,NULL,NULL,NULL,NULL,NULL,NULL,NULL,NULL,NULL,NULL,NULL,NULL,NULL,'2013-04-21 22:27:15',NULL,NULL,NULL,NULL,'6f5e687e-c4b7-11eb-9d4e-2be80c826883',_binary '\0',_binary '\0',_binary '\0',_binary '\0',NULL,NULL,_binary '\0',NULL,NULL,NULL,NULL,_binary '\0',NULL,NULL,NULL,NULL,NULL,NULL,NULL,NULL,NULL,NULL,NULL,NULL,NULL,_binary '\0',NULL,NULL,_binary '\0',NULL,NULL,NULL,_binary '\0',NULL,_binary '\0',NULL,_binary '\0',NULL,NULL,NULL,NULL,NULL,NULL,NULL,NULL,NULL,NULL,NULL,NULL,_binary '\0',NULL,NULL,NULL,_binary '\0',NULL,NULL,NULL,_binary '\0',NULL,_binary '\0',NULL,NULL,NULL,NULL,NULL,NULL,_binary '',NULL,_binary '\0',NULL,NULL,NULL,NULL,NULL,_binary '\0',NULL,NULL,_binary '',_binary '\0',_binary '\0',1,NULL,_binary '\0',_binary '\0',NULL,NULL,NULL),(7,2,'CefTRIAXone (Rocephin) 1gm/D5W-50mL','3111','XYZ123462','1','Samantha Quinn','879494675','3N',NULL,NULL,NULL,'2013-04-21 22:27:15',NULL,NULL,_binary '',NULL,NULL,NULL,NULL,NULL,NULL,NULL,NULL,NULL,NULL,'Compound',NULL,NULL,NULL,NULL,NULL,NULL,NULL,NULL,NULL,NULL,NULL,NULL,NULL,NULL,NULL,'2013-04-21 22:27:15',NULL,NULL,NULL,NULL,'6f5e68e2-c4b7-11eb-9d4e-2be80c826883',_binary '\0',_binary '\0',_binary '\0',_binary '\0',NULL,NULL,_binary '\0',NULL,NULL,NULL,NULL,_binary '\0',NULL,NULL,NULL,NULL,NULL,NULL,NULL,NULL,NULL,NULL,NULL,NULL,NULL,_binary '\0',NULL,NULL,_binary '\0',NULL,NULL,NULL,_binary '\0',NULL,_binary '\0',NULL,_binary '\0',NULL,NULL,NULL,NULL,NULL,NULL,NULL,NULL,NULL,NULL,NULL,NULL,_binary '\0',NULL,NULL,NULL,_binary '\0',NULL,NULL,NULL,_binary '\0',NULL,_binary '\0',NULL,NULL,NULL,NULL,NULL,NULL,_binary '',NULL,_binary '\0',NULL,NULL,NULL,NULL,NULL,_binary '\0',NULL,NULL,_binary '',_binary '\0',_binary '\0',1,NULL,_binary '\0',_binary '\0',NULL,NULL,NULL),(8,2,'vancomycin 250mg/5ml oral syringe','3228','XYZ123463','1','Barbara Kostner','879496967','3S',NULL,NULL,NULL,'2013-04-21 22:27:15',NULL,NULL,_binary '',NULL,NULL,NULL,NULL,NULL,NULL,NULL,NULL,NULL,NULL,'Compound',NULL,NULL,NULL,NULL,NULL,NULL,NULL,NULL,NULL,NULL,NULL,NULL,NULL,NULL,NULL,'2013-04-21 22:27:15',NULL,NULL,NULL,NULL,'6f5e6946-c4b7-11eb-9d4e-2be80c826883',_binary '\0',_binary '\0',_binary '\0',_binary '\0',NULL,NULL,_binary '\0',NULL,NULL,NULL,NULL,_binary '\0',NULL,NULL,NULL,NULL,NULL,NULL,NULL,NULL,NULL,NULL,NULL,NULL,NULL,_binary '\0',NULL,NULL,_binary '\0',NULL,NULL,NULL,_binary '\0',NULL,_binary '\0',NULL,_binary '\0',NULL,NULL,NULL,NULL,NULL,NULL,NULL,NULL,NULL,NULL,NULL,NULL,_binary '\0',NULL,NULL,NULL,_binary '\0',NULL,NULL,NULL,_binary '\0',NULL,_binary '\0',NULL,NULL,NULL,NULL,NULL,NULL,_binary '',NULL,_binary '\0',NULL,NULL,NULL,NULL,NULL,_binary '\0',NULL,NULL,_binary '',_binary '\0',_binary '\0',1,NULL,_binary '\0',_binary '\0',NULL,NULL,NULL),(9,2,'Zosyn 3.375gm/IsoOsmo 50ml  IVPB','3367','XYZ123464','1','Amy Crandall','879501606','3E',NULL,NULL,NULL,'2013-04-21 22:27:15',NULL,NULL,_binary '',NULL,NULL,NULL,NULL,NULL,NULL,NULL,NULL,NULL,NULL,'Compound',NULL,NULL,NULL,NULL,NULL,NULL,NULL,NULL,NULL,NULL,NULL,NULL,NULL,NULL,NULL,'2013-04-21 22:27:15',NULL,NULL,NULL,NULL,'6f5e69a0-c4b7-11eb-9d4e-2be80c826883',_binary '\0',_binary '\0',_binary '\0',_binary '\0',NULL,NULL,_binary '\0',NULL,NULL,NULL,NULL,_binary '\0',NULL,NULL,NULL,NULL,NULL,NULL,NULL,NULL,NULL,NULL,NULL,NULL,NULL,_binary '\0',NULL,NULL,_binary '\0',NULL,NULL,NULL,_binary '\0',NULL,_binary '\0',NULL,_binary '\0',NULL,NULL,NULL,NULL,NULL,NULL,NULL,NULL,NULL,NULL,NULL,NULL,_binary '\0',NULL,NULL,NULL,_binary '\0',NULL,NULL,NULL,_binary '\0',NULL,_binary '\0',NULL,NULL,NULL,NULL,NULL,NULL,_binary '',NULL,_binary '\0',NULL,NULL,NULL,NULL,NULL,_binary '\0',NULL,NULL,_binary '',_binary '\0',_binary '\0',1,NULL,_binary '\0',_binary '\0',NULL,NULL,NULL),(10,2,'vancomycin(Vancocin)500mg/100ml IVPB frozen','3401','XYZ123465','1','Daniel Ringler','879519860','3W',NULL,NULL,NULL,'2013-04-21 22:27:15',NULL,NULL,_binary '',NULL,NULL,NULL,NULL,NULL,NULL,NULL,NULL,NULL,NULL,'Compound',NULL,NULL,NULL,NULL,NULL,NULL,NULL,NULL,NULL,NULL,NULL,NULL,NULL,NULL,NULL,'2013-04-21 22:27:15',NULL,NULL,NULL,NULL,'6f5e6a04-c4b7-11eb-9d4e-2be80c826883',_binary '\0',_binary '\0',_binary '\0',_binary '\0',NULL,NULL,_binary '\0',NULL,NULL,NULL,NULL,_binary '\0',NULL,NULL,NULL,NULL,NULL,NULL,NULL,NULL,NULL,NULL,NULL,NULL,NULL,_binary '\0',NULL,NULL,_binary '\0',NULL,NULL,NULL,_binary '\0',NULL,_binary '\0',NULL,_binary '\0',NULL,NULL,NULL,NULL,NULL,NULL,NULL,NULL,NULL,NULL,NULL,NULL,_binary '\0',NULL,NULL,NULL,_binary '\0',NULL,NULL,NULL,_binary '\0',NULL,_binary '\0',NULL,NULL,NULL,NULL,NULL,NULL,_binary '',NULL,_binary '\0',NULL,NULL,NULL,NULL,NULL,_binary '\0',NULL,NULL,_binary '',_binary '\0',_binary '\0',1,NULL,_binary '\0',_binary '\0',NULL,NULL,NULL);
/*!40000 ALTER TABLE `compounds` ENABLE KEYS */;
UNLOCK TABLES;
ALTER DATABASE `pharmacy_keeper` CHARACTER SET latin1 COLLATE latin1_general_ci ;
/*!50003 SET @saved_cs_client      = @@character_set_client */ ;
/*!50003 SET @saved_cs_results     = @@character_set_results */ ;
/*!50003 SET @saved_col_connection = @@collation_connection */ ;
/*!50003 SET character_set_client  = latin1 */ ;
/*!50003 SET character_set_results = latin1 */ ;
/*!50003 SET collation_connection  = latin1_general_ci */ ;
/*!50003 SET @saved_sql_mode       = @@sql_mode */ ;
/*!50003 SET sql_mode              = 'ONLY_FULL_GROUP_BY,STRICT_TRANS_TABLES,NO_ZERO_IN_DATE,NO_ZERO_DATE,ERROR_FOR_DIVISION_BY_ZERO,NO_ENGINE_SUBSTITUTION' */ ;
DELIMITER ;;
/*!50003 CREATE*/ /*!50017 DEFINER=`root`@`localhost`*/ /*!50003 TRIGGER compounds_deletion
            AFTER DELETE ON compounds FOR EACH ROW
            BEGIN
            INSERT INTO deletion_trail (primary_record_id, secondary_record_id, table_name, account_id,  primary_id_name, secondary_id_name, deletion_time)
            VALUES (OLD.id, NULL, "compounds", OLD.account_id, "id", NULL, NOW());
            END */;;
DELIMITER ;
/*!50003 SET sql_mode              = @saved_sql_mode */ ;
/*!50003 SET character_set_client  = @saved_cs_client */ ;
/*!50003 SET character_set_results = @saved_cs_results */ ;
/*!50003 SET collation_connection  = @saved_col_connection */ ;
ALTER DATABASE `pharmacy_keeper` CHARACTER SET latin1 COLLATE latin1_swedish_ci ;

--
-- Table structure for table `copy_order_reason`
--

DROP TABLE IF EXISTS `copy_order_reason`;
/*!40101 SET @saved_cs_client     = @@character_set_client */;
/*!40101 SET character_set_client = utf8 */;
CREATE TABLE `copy_order_reason` (
  `id` int(10) unsigned NOT NULL AUTO_INCREMENT,
  `account_id` int(10) unsigned NOT NULL,
  `name` varchar(255) NOT NULL,
  `active_fl` bit(1) NOT NULL DEFAULT b'1',
  `last_updated_by` int(10) unsigned DEFAULT NULL,
  `last_updated_time` datetime DEFAULT NULL,
  `created_by` int(10) unsigned DEFAULT NULL,
  `created_time` datetime DEFAULT NULL,
  PRIMARY KEY (`id`)
) ENGINE=InnoDB DEFAULT CHARSET=latin1;
/*!40101 SET character_set_client = @saved_cs_client */;

--
-- Dumping data for table `copy_order_reason`
--

LOCK TABLES `copy_order_reason` WRITE;
/*!40000 ALTER TABLE `copy_order_reason` DISABLE KEYS */;
/*!40000 ALTER TABLE `copy_order_reason` ENABLE KEYS */;
UNLOCK TABLES;
ALTER DATABASE `pharmacy_keeper` CHARACTER SET latin1 COLLATE latin1_general_ci ;
/*!50003 SET @saved_cs_client      = @@character_set_client */ ;
/*!50003 SET @saved_cs_results     = @@character_set_results */ ;
/*!50003 SET @saved_col_connection = @@collation_connection */ ;
/*!50003 SET character_set_client  = latin1 */ ;
/*!50003 SET character_set_results = latin1 */ ;
/*!50003 SET collation_connection  = latin1_general_ci */ ;
/*!50003 SET @saved_sql_mode       = @@sql_mode */ ;
/*!50003 SET sql_mode              = 'ONLY_FULL_GROUP_BY,STRICT_TRANS_TABLES,NO_ZERO_IN_DATE,NO_ZERO_DATE,ERROR_FOR_DIVISION_BY_ZERO,NO_ENGINE_SUBSTITUTION' */ ;
DELIMITER ;;
/*!50003 CREATE*/ /*!50017 DEFINER=`root`@`localhost`*/ /*!50003 TRIGGER copy_order_reason_deletion
            AFTER DELETE ON copy_order_reason FOR EACH ROW
            BEGIN
            INSERT INTO deletion_trail (primary_record_id, secondary_record_id, table_name, account_id,  primary_id_name, secondary_id_name, deletion_time)
            VALUES (OLD.id, NULL, "copy_order_reason", OLD.account_id, "id", NULL, NOW());
            END */;;
DELIMITER ;
/*!50003 SET sql_mode              = @saved_sql_mode */ ;
/*!50003 SET character_set_client  = @saved_cs_client */ ;
/*!50003 SET character_set_results = @saved_cs_results */ ;
/*!50003 SET collation_connection  = @saved_col_connection */ ;
ALTER DATABASE `pharmacy_keeper` CHARACTER SET latin1 COLLATE latin1_swedish_ci ;

--
-- Table structure for table `data_management`
--

DROP TABLE IF EXISTS `data_management`;
/*!40101 SET @saved_cs_client     = @@character_set_client */;
/*!40101 SET character_set_client = utf8 */;
CREATE TABLE `data_management` (
  `id` int(10) unsigned NOT NULL AUTO_INCREMENT,
  `name` varchar(100) NOT NULL,
  `event_type` varchar(100) NOT NULL,
  `active_fl` bit(1) DEFAULT NULL,
  PRIMARY KEY (`id`)
) ENGINE=InnoDB AUTO_INCREMENT=4 DEFAULT CHARSET=latin1;
/*!40101 SET character_set_client = @saved_cs_client */;

--
-- Dumping data for table `data_management`
--

LOCK TABLES `data_management` WRITE;
/*!40000 ALTER TABLE `data_management` DISABLE KEYS */;
INSERT INTO `data_management` VALUES (1,'Remove Activity Data Before the Specified Date','REMOVE_ACTIVITIES_BEFORE_DATE',_binary ''),(2,'Remove Scheduled Trainings Before the Specified Date','REMOVE_SCHEDULED_TRAININGS_BEFORE_DATE',_binary ''),(3,'Remove Scheduled Inspections Before the Specified Date','REMOVE_SCHEDULED_INSPECTIONS_BEFORE_DATE',_binary '');
/*!40000 ALTER TABLE `data_management` ENABLE KEYS */;
UNLOCK TABLES;

--
-- Table structure for table `dc_order`
--

DROP TABLE IF EXISTS `dc_order`;
/*!40101 SET @saved_cs_client     = @@character_set_client */;
/*!40101 SET character_set_client = utf8 */;
CREATE TABLE `dc_order` (
  `id` int(10) unsigned NOT NULL AUTO_INCREMENT,
  `account_id` int(10) unsigned NOT NULL,
  `active_fl` bit(1) NOT NULL DEFAULT b'1',
  `prescription_number` varchar(1000) NOT NULL,
  `created_by` int(10) unsigned DEFAULT NULL,
  `created_time` datetime DEFAULT NULL,
  `last_updated_by` int(10) unsigned DEFAULT NULL,
  `last_updated_time` datetime DEFAULT NULL,
  PRIMARY KEY (`id`),
  KEY `idx_account_prescription_number_active_fl` (`account_id`,`prescription_number`,`active_fl`)
) ENGINE=InnoDB DEFAULT CHARSET=latin1;
/*!40101 SET character_set_client = @saved_cs_client */;

--
-- Dumping data for table `dc_order`
--

LOCK TABLES `dc_order` WRITE;
/*!40000 ALTER TABLE `dc_order` DISABLE KEYS */;
/*!40000 ALTER TABLE `dc_order` ENABLE KEYS */;
UNLOCK TABLES;

--
-- Table structure for table `default_workflow`
--

DROP TABLE IF EXISTS `default_workflow`;
/*!40101 SET @saved_cs_client     = @@character_set_client */;
/*!40101 SET character_set_client = utf8 */;
CREATE TABLE `default_workflow` (
  `id` int(10) unsigned NOT NULL AUTO_INCREMENT,
  `account_id` int(11) DEFAULT NULL,
  `type` varchar(64) NOT NULL,
  `workflow_number` int(11) NOT NULL,
  PRIMARY KEY (`id`),
  KEY `idx_account_id` (`account_id`),
  KEY `idx_workflow_number` (`workflow_number`)
) ENGINE=InnoDB AUTO_INCREMENT=5 DEFAULT CHARSET=latin1;
/*!40101 SET character_set_client = @saved_cs_client */;

--
-- Dumping data for table `default_workflow`
--

LOCK TABLES `default_workflow` WRITE;
/*!40000 ALTER TABLE `default_workflow` DISABLE KEYS */;
INSERT INTO `default_workflow` VALUES (1,NULL,'PATIENT',1),(2,NULL,'DISPENSE',2),(3,NULL,'BATCH',3),(4,NULL,'TRACKING',4);
/*!40000 ALTER TABLE `default_workflow` ENABLE KEYS */;
UNLOCK TABLES;

--
-- Table structure for table `deletion_trail`
--

DROP TABLE IF EXISTS `deletion_trail`;
/*!40101 SET @saved_cs_client     = @@character_set_client */;
/*!40101 SET character_set_client = utf8 */;
CREATE TABLE `deletion_trail` (
  `id` int(10) unsigned NOT NULL AUTO_INCREMENT,
  `primary_record_id` int(11) DEFAULT NULL,
  `secondary_record_id` int(11) DEFAULT NULL,
  `account_id` int(11) DEFAULT NULL,
  `table_name` varchar(100) DEFAULT NULL,
  `primary_id_name` varchar(100) DEFAULT NULL,
  `secondary_id_name` varchar(100) DEFAULT NULL,
  `deletion_time` datetime DEFAULT NULL,
  PRIMARY KEY (`id`)
) ENGINE=InnoDB AUTO_INCREMENT=6 DEFAULT CHARSET=latin1;
/*!40101 SET character_set_client = @saved_cs_client */;

--
-- Dumping data for table `deletion_trail`
--

LOCK TABLES `deletion_trail` WRITE;
/*!40000 ALTER TABLE `deletion_trail` DISABLE KEYS */;
INSERT INTO `deletion_trail` VALUES (1,71,NULL,NULL,'statuses','id',NULL,'2021-06-03 16:04:35'),(2,63,NULL,NULL,'statuses','id',NULL,'2021-06-03 16:10:08'),(3,62,NULL,NULL,'statuses','id',NULL,'2021-06-03 16:10:08'),(4,65,NULL,NULL,'statuses','id',NULL,'2021-06-03 16:10:08'),(5,64,NULL,NULL,'statuses','id',NULL,'2021-06-03 16:10:08');
/*!40000 ALTER TABLE `deletion_trail` ENABLE KEYS */;
UNLOCK TABLES;

--
-- Table structure for table `devices`
--

DROP TABLE IF EXISTS `devices`;
/*!40101 SET @saved_cs_client     = @@character_set_client */;
/*!40101 SET character_set_client = utf8 */;
CREATE TABLE `devices` (
  `id` int(10) unsigned NOT NULL AUTO_INCREMENT,
  `created` datetime NOT NULL,
  `account_id` int(11) NOT NULL,
  `token` varchar(500) NOT NULL,
  `name` varchar(255) NOT NULL,
  `badge_count` int(11) DEFAULT NULL,
  `approval_device` bit(1) DEFAULT b'0',
  `last_updated_by` int(10) unsigned DEFAULT NULL,
  `last_updated_time` datetime DEFAULT NULL,
  `created_by` int(10) unsigned DEFAULT NULL,
  `created_time` datetime DEFAULT NULL,
  PRIMARY KEY (`id`),
  UNIQUE KEY `UniqueDevice` (`token`),
  KEY `fk_device_lastUpdatedby` (`last_updated_by`),
  KEY `fk_device_createdby` (`created_by`),
  CONSTRAINT `fk_device_createdby` FOREIGN KEY (`created_by`) REFERENCES `users` (`id`),
  CONSTRAINT `fk_device_lastUpdatedby` FOREIGN KEY (`last_updated_by`) REFERENCES `users` (`id`)
) ENGINE=InnoDB DEFAULT CHARSET=latin1;
/*!40101 SET character_set_client = @saved_cs_client */;

--
-- Dumping data for table `devices`
--

LOCK TABLES `devices` WRITE;
/*!40000 ALTER TABLE `devices` DISABLE KEYS */;
/*!40000 ALTER TABLE `devices` ENABLE KEYS */;
UNLOCK TABLES;

--
-- Table structure for table `diagnostic_reports`
--

DROP TABLE IF EXISTS `diagnostic_reports`;
/*!40101 SET @saved_cs_client     = @@character_set_client */;
/*!40101 SET character_set_client = utf8 */;
CREATE TABLE `diagnostic_reports` (
  `id` int(10) unsigned NOT NULL AUTO_INCREMENT,
  `user_id` int(10) unsigned DEFAULT NULL,
  `account_id` int(10) unsigned DEFAULT NULL,
  `type` varchar(20) NOT NULL,
  `data` longtext NOT NULL,
  `created_time` datetime DEFAULT NULL,
  PRIMARY KEY (`id`)
) ENGINE=InnoDB DEFAULT CHARSET=latin1;
/*!40101 SET character_set_client = @saved_cs_client */;

--
-- Dumping data for table `diagnostic_reports`
--

LOCK TABLES `diagnostic_reports` WRITE;
/*!40000 ALTER TABLE `diagnostic_reports` DISABLE KEYS */;
/*!40000 ALTER TABLE `diagnostic_reports` ENABLE KEYS */;
UNLOCK TABLES;

--
-- Table structure for table `display_column`
--

DROP TABLE IF EXISTS `display_column`;
/*!40101 SET @saved_cs_client     = @@character_set_client */;
/*!40101 SET character_set_client = utf8 */;
CREATE TABLE `display_column` (
  `id` int(10) unsigned NOT NULL AUTO_INCREMENT,
  `account_id` int(11) DEFAULT NULL,
  `name` varchar(50) NOT NULL,
  `label` varchar(255) NOT NULL,
  `type` enum('verifcompound','verifbatch') NOT NULL DEFAULT 'verifcompound',
  `display_order` int(10) unsigned NOT NULL,
  PRIMARY KEY (`id`)
) ENGINE=InnoDB AUTO_INCREMENT=26 DEFAULT CHARSET=latin1;
/*!40101 SET character_set_client = @saved_cs_client */;

--
-- Dumping data for table `display_column`
--

LOCK TABLES `display_column` WRITE;
/*!40000 ALTER TABLE `display_column` DISABLE KEYS */;
INSERT INTO `display_column` VALUES (1,NULL,'drug','Drug','verifcompound',1),(2,NULL,'orderNumber','Order Number','verifcompound',2),(3,NULL,'status','Status','verifcompound',3),(4,NULL,'orderDate','Order Date','verifcompound',4),(5,NULL,'user','User','verifcompound',5),(6,NULL,'priority','Priority','verifcompound',6),(7,NULL,'dueDate','Due Date','verifcompound',7),(8,NULL,'lot','Lot','verifbatch',1),(9,NULL,'drug','Drug','verifbatch',2),(10,NULL,'status','Status','verifbatch',3),(11,NULL,'labelInformation','Label Information','verifbatch',4),(12,NULL,'batchQuantity','Batch Quantity','verifbatch',5),(13,NULL,'used','Used','verifbatch',6),(14,NULL,'remains','Remains','verifbatch',7),(15,NULL,'preparationDate','Preparation Date','verifbatch',8),(16,NULL,'user','User','verifbatch',9),(17,NULL,'destination','Destination','verifcompound',8),(18,NULL,'patientName','Patient Name','verifcompound',9),(19,NULL,'location','Location','verifcompound',10),(20,NULL,'accountNumber','Account Number','verifcompound',11),(21,NULL,'patientLocation','Patient Location','verifcompound',12),(22,NULL,'turnaroundTime','Turnaround Time','verifcompound',13),(23,NULL,'turnaroundTime','Turnaround Time','verifbatch',10),(24,NULL,'containsImage','Contains Image Icon','verifcompound',0),(25,NULL,'containsImage','Contains Image Icon','verifbatch',0);
/*!40000 ALTER TABLE `display_column` ENABLE KEYS */;
UNLOCK TABLES;

--
-- Table structure for table `equipment`
--

DROP TABLE IF EXISTS `equipment`;
/*!40101 SET @saved_cs_client     = @@character_set_client */;
/*!40101 SET character_set_client = utf8 */;
CREATE TABLE `equipment` (
  `id` int(10) unsigned NOT NULL AUTO_INCREMENT,
  `account_id` int(11) NOT NULL,
  `name` varchar(255) NOT NULL,
  `active` bit(1) NOT NULL DEFAULT b'1',
  `last_updated_by` int(10) unsigned DEFAULT NULL,
  `last_updated_time` datetime DEFAULT NULL,
  `created_by` int(10) unsigned DEFAULT NULL,
  `created_time` datetime DEFAULT NULL,
  PRIMARY KEY (`id`)
) ENGINE=InnoDB DEFAULT CHARSET=latin1;
/*!40101 SET character_set_client = @saved_cs_client */;

--
-- Dumping data for table `equipment`
--

LOCK TABLES `equipment` WRITE;
/*!40000 ALTER TABLE `equipment` DISABLE KEYS */;
/*!40000 ALTER TABLE `equipment` ENABLE KEYS */;
UNLOCK TABLES;
ALTER DATABASE `pharmacy_keeper` CHARACTER SET latin1 COLLATE latin1_general_ci ;
/*!50003 SET @saved_cs_client      = @@character_set_client */ ;
/*!50003 SET @saved_cs_results     = @@character_set_results */ ;
/*!50003 SET @saved_col_connection = @@collation_connection */ ;
/*!50003 SET character_set_client  = latin1 */ ;
/*!50003 SET character_set_results = latin1 */ ;
/*!50003 SET collation_connection  = latin1_general_ci */ ;
/*!50003 SET @saved_sql_mode       = @@sql_mode */ ;
/*!50003 SET sql_mode              = 'ONLY_FULL_GROUP_BY,STRICT_TRANS_TABLES,NO_ZERO_IN_DATE,NO_ZERO_DATE,ERROR_FOR_DIVISION_BY_ZERO,NO_ENGINE_SUBSTITUTION' */ ;
DELIMITER ;;
/*!50003 CREATE*/ /*!50017 DEFINER=`root`@`localhost`*/ /*!50003 TRIGGER equipment_deletion
            AFTER DELETE ON equipment FOR EACH ROW
            BEGIN
            INSERT INTO deletion_trail (primary_record_id, secondary_record_id, table_name, account_id,  primary_id_name, secondary_id_name, deletion_time)
            VALUES (OLD.id, NULL, "equipment", OLD.account_id, "id", NULL, NOW());
            END */;;
DELIMITER ;
/*!50003 SET sql_mode              = @saved_sql_mode */ ;
/*!50003 SET character_set_client  = @saved_cs_client */ ;
/*!50003 SET character_set_results = @saved_cs_results */ ;
/*!50003 SET collation_connection  = @saved_col_connection */ ;
ALTER DATABASE `pharmacy_keeper` CHARACTER SET latin1 COLLATE latin1_swedish_ci ;

--
-- Table structure for table `event_schedule`
--

DROP TABLE IF EXISTS `event_schedule`;
/*!40101 SET @saved_cs_client     = @@character_set_client */;
/*!40101 SET character_set_client = utf8 */;
CREATE TABLE `event_schedule` (
  `id` int(10) unsigned NOT NULL AUTO_INCREMENT,
  `account_id` int(10) unsigned NOT NULL,
  `start_date` datetime DEFAULT NULL,
  `event_type` varchar(40) NOT NULL,
  `event_id` int(10) unsigned NOT NULL,
  `frequency_type` varchar(40) NOT NULL,
  `frequency_count` int(10) unsigned DEFAULT NULL,
  `active_fl` bit(1) NOT NULL DEFAULT b'1',
  `last_updated_by` int(10) unsigned DEFAULT NULL,
  `last_updated_time` datetime DEFAULT NULL,
  `created_by` int(10) unsigned DEFAULT NULL,
  `created_time` datetime DEFAULT NULL,
  `month_frequency_count` int(10) unsigned DEFAULT NULL,
  `last_run_time` datetime DEFAULT NULL,
  `due_day` int(10) unsigned DEFAULT NULL,
  `run_time` int(10) unsigned DEFAULT NULL,
  `use_universal_scheduler` bit(1) NOT NULL DEFAULT b'0',
  `due_in_hours` int(10) unsigned DEFAULT NULL,
  `due_in_weeks` int(10) unsigned DEFAULT NULL,
  `due_in_months` int(10) unsigned DEFAULT NULL,
  `due_day_of_week` enum('Sunday','Monday','Tuesday','Wednesday','Thursday','Friday','Saturday') DEFAULT NULL,
  `due_on_day_number` int(10) unsigned DEFAULT NULL,
  `due_on_last_day_of_month` bit(1) NOT NULL DEFAULT b'0',
  `week_frequency_count` int(10) unsigned DEFAULT NULL,
  `schedule_day_of_week` varchar(100) DEFAULT NULL,
  `day_of_week_frequency` int(10) unsigned DEFAULT NULL,
  `last_scheduled_time` datetime DEFAULT NULL,
  `next_schedule_time` datetime DEFAULT NULL,
  `next_schedule_time_is_calculated` bit(1) NOT NULL DEFAULT b'0',
  PRIMARY KEY (`id`),
  KEY `fk_event_schedule_account` (`account_id`),
  KEY `fk_event_schedule_createuser` (`created_by`),
  KEY `fk_event_schedule_lastuser` (`last_updated_by`),
  KEY `idx_next_schedule_time` (`next_schedule_time`),
  CONSTRAINT `fk_event_schedule_account` FOREIGN KEY (`account_id`) REFERENCES `account` (`id`) ON DELETE NO ACTION ON UPDATE NO ACTION,
  CONSTRAINT `fk_event_schedule_createuser` FOREIGN KEY (`created_by`) REFERENCES `users` (`id`) ON DELETE NO ACTION ON UPDATE NO ACTION,
  CONSTRAINT `fk_event_schedule_lastuser` FOREIGN KEY (`last_updated_by`) REFERENCES `users` (`id`) ON DELETE NO ACTION ON UPDATE NO ACTION
) ENGINE=InnoDB DEFAULT CHARSET=latin1;
/*!40101 SET character_set_client = @saved_cs_client */;

--
-- Dumping data for table `event_schedule`
--

LOCK TABLES `event_schedule` WRITE;
/*!40000 ALTER TABLE `event_schedule` DISABLE KEYS */;
/*!40000 ALTER TABLE `event_schedule` ENABLE KEYS */;
UNLOCK TABLES;

--
-- Table structure for table `event_schedule_history`
--

DROP TABLE IF EXISTS `event_schedule_history`;
/*!40101 SET @saved_cs_client     = @@character_set_client */;
/*!40101 SET character_set_client = utf8 */;
CREATE TABLE `event_schedule_history` (
  `id` int(10) unsigned NOT NULL AUTO_INCREMENT,
  `event_schedule_id` int(10) unsigned NOT NULL,
  `error_message` varchar(4000) DEFAULT NULL,
  `last_attempted_time` datetime DEFAULT NULL,
  `success_message` varchar(4000) DEFAULT NULL,
  PRIMARY KEY (`id`),
  KEY `fk_event_schedule_error_es` (`event_schedule_id`),
  CONSTRAINT `fk_event_schedule_error_es` FOREIGN KEY (`event_schedule_id`) REFERENCES `event_schedule` (`id`) ON DELETE NO ACTION ON UPDATE NO ACTION
) ENGINE=InnoDB DEFAULT CHARSET=latin1;
/*!40101 SET character_set_client = @saved_cs_client */;

--
-- Dumping data for table `event_schedule_history`
--

LOCK TABLES `event_schedule_history` WRITE;
/*!40000 ALTER TABLE `event_schedule_history` DISABLE KEYS */;
/*!40000 ALTER TABLE `event_schedule_history` ENABLE KEYS */;
UNLOCK TABLES;

--
-- Table structure for table `external_content`
--

DROP TABLE IF EXISTS `external_content`;
/*!40101 SET @saved_cs_client     = @@character_set_client */;
/*!40101 SET character_set_client = utf8 */;
CREATE TABLE `external_content` (
  `id` int(10) unsigned NOT NULL AUTO_INCREMENT,
  `account_id` int(10) unsigned DEFAULT NULL,
  `module_id` int(10) unsigned NOT NULL,
  `name` varchar(255) NOT NULL,
  `location` varchar(2000) DEFAULT NULL,
  `type` varchar(32) NOT NULL,
  `active_fl` bit(1) NOT NULL DEFAULT b'1',
  `last_updated_by` int(10) unsigned DEFAULT NULL,
  `last_updated_time` datetime DEFAULT NULL,
  `created_by` int(10) unsigned DEFAULT NULL,
  `created_time` datetime DEFAULT NULL,
  `expiration_date` datetime DEFAULT NULL,
  `file_name` varchar(128) DEFAULT NULL,
  `sort_order` int(10) unsigned DEFAULT NULL,
  PRIMARY KEY (`id`),
  KEY `idx_external_content_account_module` (`account_id`,`module_id`),
  KEY `idx_external_content_account_module_name` (`account_id`,`module_id`,`name`,`active_fl`),
  KEY `idx_external_content_account_name` (`account_id`,`name`,`active_fl`),
  KEY `idx_external_content_account_module_active` (`account_id`,`module_id`,`active_fl`)
) ENGINE=InnoDB DEFAULT CHARSET=latin1;
/*!40101 SET character_set_client = @saved_cs_client */;

--
-- Dumping data for table `external_content`
--

LOCK TABLES `external_content` WRITE;
/*!40000 ALTER TABLE `external_content` DISABLE KEYS */;
/*!40000 ALTER TABLE `external_content` ENABLE KEYS */;
UNLOCK TABLES;

--
-- Table structure for table `external_profile`
--

DROP TABLE IF EXISTS `external_profile`;
/*!40101 SET @saved_cs_client     = @@character_set_client */;
/*!40101 SET character_set_client = utf8 */;
CREATE TABLE `external_profile` (
  `id` int(10) unsigned NOT NULL AUTO_INCREMENT,
  `account_id` int(11) NOT NULL,
  `profile_name` varchar(256) NOT NULL,
  `pk_description` varchar(256) DEFAULT NULL,
  `view_patient_details_fl` bit(1) NOT NULL DEFAULT b'0',
  `session_does_not_expire_fl` bit(1) NOT NULL DEFAULT b'0',
  `active_fl` bit(1) NOT NULL DEFAULT b'1',
  `last_updated_by` int(10) unsigned DEFAULT NULL,
  `last_updated_time` datetime DEFAULT NULL,
  `created_by` int(10) unsigned DEFAULT NULL,
  `created_time` datetime DEFAULT NULL,
  PRIMARY KEY (`id`)
) ENGINE=InnoDB DEFAULT CHARSET=latin1;
/*!40101 SET character_set_client = @saved_cs_client */;

--
-- Dumping data for table `external_profile`
--

LOCK TABLES `external_profile` WRITE;
/*!40000 ALTER TABLE `external_profile` DISABLE KEYS */;
/*!40000 ALTER TABLE `external_profile` ENABLE KEYS */;
UNLOCK TABLES;

--
-- Table structure for table `external_profile_admin_link`
--

DROP TABLE IF EXISTS `external_profile_admin_link`;
/*!40101 SET @saved_cs_client     = @@character_set_client */;
/*!40101 SET character_set_client = utf8 */;
CREATE TABLE `external_profile_admin_link` (
  `external_profile_id` int(11) NOT NULL,
  `admin_link_id` int(11) NOT NULL
) ENGINE=InnoDB DEFAULT CHARSET=latin1;
/*!40101 SET character_set_client = @saved_cs_client */;

--
-- Dumping data for table `external_profile_admin_link`
--

LOCK TABLES `external_profile_admin_link` WRITE;
/*!40000 ALTER TABLE `external_profile_admin_link` DISABLE KEYS */;
/*!40000 ALTER TABLE `external_profile_admin_link` ENABLE KEYS */;
UNLOCK TABLES;

--
-- Table structure for table `external_profile_message`
--

DROP TABLE IF EXISTS `external_profile_message`;
/*!40101 SET @saved_cs_client     = @@character_set_client */;
/*!40101 SET character_set_client = utf8 */;
CREATE TABLE `external_profile_message` (
  `id` int(10) unsigned NOT NULL AUTO_INCREMENT,
  `external_profile_names` varchar(2000) DEFAULT NULL,
  `facility_name` varchar(45) NOT NULL,
  `username` varchar(45) NOT NULL,
  `first_name` varchar(45) NOT NULL,
  `last_name` varchar(45) NOT NULL,
  `email` varchar(100) DEFAULT NULL,
  `transaction_type` varchar(32) DEFAULT NULL,
  `created_time` datetime DEFAULT NULL,
  `processed_fl` bit(1) NOT NULL DEFAULT b'0',
  `processed_time` datetime DEFAULT NULL,
  `process_status` varchar(16) DEFAULT NULL,
  `process_message` varchar(1000) DEFAULT NULL,
  `message_type` varchar(16) DEFAULT NULL,
  `account_id` int(11) DEFAULT NULL,
  `user_id` int(11) DEFAULT NULL,
  PRIMARY KEY (`id`)
) ENGINE=InnoDB DEFAULT CHARSET=latin1;
/*!40101 SET character_set_client = @saved_cs_client */;

--
-- Dumping data for table `external_profile_message`
--

LOCK TABLES `external_profile_message` WRITE;
/*!40000 ALTER TABLE `external_profile_message` DISABLE KEYS */;
/*!40000 ALTER TABLE `external_profile_message` ENABLE KEYS */;
UNLOCK TABLES;

--
-- Table structure for table `external_profile_role`
--

DROP TABLE IF EXISTS `external_profile_role`;
/*!40101 SET @saved_cs_client     = @@character_set_client */;
/*!40101 SET character_set_client = utf8 */;
CREATE TABLE `external_profile_role` (
  `external_profile_id` int(11) NOT NULL,
  `role_id` int(11) NOT NULL
) ENGINE=InnoDB DEFAULT CHARSET=latin1;
/*!40101 SET character_set_client = @saved_cs_client */;

--
-- Dumping data for table `external_profile_role`
--

LOCK TABLES `external_profile_role` WRITE;
/*!40000 ALTER TABLE `external_profile_role` DISABLE KEYS */;
/*!40000 ALTER TABLE `external_profile_role` ENABLE KEYS */;
UNLOCK TABLES;

--
-- Table structure for table `feature_flag`
--

DROP TABLE IF EXISTS `feature_flag`;
/*!40101 SET @saved_cs_client     = @@character_set_client */;
/*!40101 SET character_set_client = utf8 */;
CREATE TABLE `feature_flag` (
  `id` int(10) unsigned NOT NULL AUTO_INCREMENT,
  `name` varchar(255) NOT NULL,
  `value` varchar(255) NOT NULL,
  `account_id` int(10) unsigned DEFAULT NULL,
  `network_id` int(10) unsigned DEFAULT NULL,
  PRIMARY KEY (`id`)
) ENGINE=InnoDB DEFAULT CHARSET=latin1;
/*!40101 SET character_set_client = @saved_cs_client */;

--
-- Dumping data for table `feature_flag`
--

LOCK TABLES `feature_flag` WRITE;
/*!40000 ALTER TABLE `feature_flag` DISABLE KEYS */;
/*!40000 ALTER TABLE `feature_flag` ENABLE KEYS */;
UNLOCK TABLES;

--
-- Table structure for table `feed_processing_instruction`
--

DROP TABLE IF EXISTS `feed_processing_instruction`;
/*!40101 SET @saved_cs_client     = @@character_set_client */;
/*!40101 SET character_set_client = utf8 */;
CREATE TABLE `feed_processing_instruction` (
  `id` int(10) unsigned NOT NULL AUTO_INCREMENT,
  `account_id` int(11) DEFAULT NULL,
  `object_type` varchar(50) NOT NULL,
  `instruction` varchar(255) NOT NULL,
  `object_id` int(11) DEFAULT NULL,
  `active_fl` bit(1) NOT NULL DEFAULT b'1',
  `last_updated_by` int(10) unsigned DEFAULT NULL,
  `last_updated_time` datetime DEFAULT NULL,
  `created_by` int(10) unsigned DEFAULT NULL,
  `created_time` datetime DEFAULT NULL,
  `workflow_number` int(11) DEFAULT NULL,
  PRIMARY KEY (`id`)
) ENGINE=InnoDB DEFAULT CHARSET=latin1;
/*!40101 SET character_set_client = @saved_cs_client */;

--
-- Dumping data for table `feed_processing_instruction`
--

LOCK TABLES `feed_processing_instruction` WRITE;
/*!40000 ALTER TABLE `feed_processing_instruction` DISABLE KEYS */;
/*!40000 ALTER TABLE `feed_processing_instruction` ENABLE KEYS */;
UNLOCK TABLES;

--
-- Table structure for table `feed_recipe_mapping`
--

DROP TABLE IF EXISTS `feed_recipe_mapping`;
/*!40101 SET @saved_cs_client     = @@character_set_client */;
/*!40101 SET character_set_client = utf8 */;
CREATE TABLE `feed_recipe_mapping` (
  `id` int(10) unsigned NOT NULL AUTO_INCREMENT,
  `account_id` int(11) DEFAULT NULL,
  `identifier` varchar(255) NOT NULL,
  `recipe_id` int(11) NOT NULL,
  `active_fl` bit(1) NOT NULL DEFAULT b'1',
  `last_updated_by` int(10) unsigned DEFAULT NULL,
  `last_updated_time` datetime DEFAULT NULL,
  `created_by` int(10) unsigned DEFAULT NULL,
  `created_time` datetime DEFAULT NULL,
  `is_machine_generated_from_recipe_items` bit(1) NOT NULL DEFAULT b'0',
  PRIMARY KEY (`id`),
  KEY `idx_recipe` (`recipe_id`),
  KEY `idx_account_id_active_fl_identifier_machine_generated` (`account_id`,`active_fl`,`identifier`,`is_machine_generated_from_recipe_items`),
  KEY `idx_identifier_type_active` (`identifier`,`is_machine_generated_from_recipe_items`,`active_fl`)
) ENGINE=InnoDB DEFAULT CHARSET=latin1;
/*!40101 SET character_set_client = @saved_cs_client */;

--
-- Dumping data for table `feed_recipe_mapping`
--

LOCK TABLES `feed_recipe_mapping` WRITE;
/*!40000 ALTER TABLE `feed_recipe_mapping` DISABLE KEYS */;
/*!40000 ALTER TABLE `feed_recipe_mapping` ENABLE KEYS */;
UNLOCK TABLES;

--
-- Table structure for table `formulary_message`
--

DROP TABLE IF EXISTS `formulary_message`;
/*!40101 SET @saved_cs_client     = @@character_set_client */;
/*!40101 SET character_set_client = utf8 */;
CREATE TABLE `formulary_message` (
  `id` int(10) unsigned NOT NULL AUTO_INCREMENT,
  `facility_id` int(10) unsigned NOT NULL,
  `drug_name` varchar(2048) DEFAULT NULL,
  `ndc` varchar(25) DEFAULT NULL,
  `mnemonic` varchar(128) DEFAULT NULL,
  `amount_wasted` varchar(255) DEFAULT NULL,
  `message_type` varchar(10) NOT NULL,
  `interaction_type` varchar(10) NOT NULL,
  `message_time` datetime DEFAULT NULL,
  `log_time` datetime DEFAULT NULL,
  `processed_fl` bit(1) DEFAULT b'0',
  PRIMARY KEY (`id`)
) ENGINE=InnoDB DEFAULT CHARSET=latin1;
/*!40101 SET character_set_client = @saved_cs_client */;

--
-- Dumping data for table `formulary_message`
--

LOCK TABLES `formulary_message` WRITE;
/*!40000 ALTER TABLE `formulary_message` DISABLE KEYS */;
/*!40000 ALTER TABLE `formulary_message` ENABLE KEYS */;
UNLOCK TABLES;

--
-- Table structure for table `gravimetric_item_dictionary`
--

DROP TABLE IF EXISTS `gravimetric_item_dictionary`;
/*!40101 SET @saved_cs_client     = @@character_set_client */;
/*!40101 SET character_set_client = utf8 */;
CREATE TABLE `gravimetric_item_dictionary` (
  `id` int(10) unsigned NOT NULL AUTO_INCREMENT,
  `account_id` int(10) unsigned DEFAULT NULL,
  `module_id` int(10) unsigned DEFAULT NULL,
  `name` varchar(2000) DEFAULT NULL,
  `alias` varchar(200) DEFAULT NULL,
  `vial_weight` decimal(10,4) DEFAULT NULL,
  `active_fl` bit(1) NOT NULL DEFAULT b'1',
  `last_updated_by` int(10) unsigned DEFAULT NULL,
  `last_updated_time` datetime DEFAULT NULL,
  `created_by` int(10) unsigned DEFAULT NULL,
  `created_time` datetime DEFAULT NULL,
  `drug_type` varchar(4) DEFAULT NULL,
  `requires_recon_fl` bit(1) DEFAULT b'0',
  `diluent_gravimetric_item_id` int(10) unsigned DEFAULT NULL,
  `diluent_amount` decimal(10,4) DEFAULT NULL,
  `recon_density` decimal(10,4) DEFAULT NULL,
  `total_volume` decimal(10,4) DEFAULT NULL,
  PRIMARY KEY (`id`)
) ENGINE=InnoDB DEFAULT CHARSET=latin1;
/*!40101 SET character_set_client = @saved_cs_client */;

--
-- Dumping data for table `gravimetric_item_dictionary`
--

LOCK TABLES `gravimetric_item_dictionary` WRITE;
/*!40000 ALTER TABLE `gravimetric_item_dictionary` DISABLE KEYS */;
/*!40000 ALTER TABLE `gravimetric_item_dictionary` ENABLE KEYS */;
UNLOCK TABLES;

--
-- Table structure for table `gravimetric_item_dictionary_serialization`
--

DROP TABLE IF EXISTS `gravimetric_item_dictionary_serialization`;
/*!40101 SET @saved_cs_client     = @@character_set_client */;
/*!40101 SET character_set_client = utf8 */;
CREATE TABLE `gravimetric_item_dictionary_serialization` (
  `id` int(10) unsigned NOT NULL AUTO_INCREMENT,
  `gravimetric_item_dictionary_id` int(10) unsigned DEFAULT NULL,
  `serialized_identifier` varchar(128) DEFAULT NULL,
  `last_updated_by` int(10) unsigned DEFAULT NULL,
  `last_updated_time` datetime DEFAULT NULL,
  `created_by` int(10) unsigned DEFAULT NULL,
  `created_time` datetime DEFAULT NULL,
  `density` decimal(10,4) DEFAULT NULL,
  PRIMARY KEY (`id`)
) ENGINE=InnoDB DEFAULT CHARSET=latin1;
/*!40101 SET character_set_client = @saved_cs_client */;

--
-- Dumping data for table `gravimetric_item_dictionary_serialization`
--

LOCK TABLES `gravimetric_item_dictionary_serialization` WRITE;
/*!40000 ALTER TABLE `gravimetric_item_dictionary_serialization` DISABLE KEYS */;
/*!40000 ALTER TABLE `gravimetric_item_dictionary_serialization` ENABLE KEYS */;
UNLOCK TABLES;

--
-- Table structure for table `gravimetric_recipe_item`
--

DROP TABLE IF EXISTS `gravimetric_recipe_item`;
/*!40101 SET @saved_cs_client     = @@character_set_client */;
/*!40101 SET character_set_client = utf8 */;
CREATE TABLE `gravimetric_recipe_item` (
  `id` int(10) unsigned NOT NULL AUTO_INCREMENT,
  `gravimetric_recipe_id` int(10) unsigned DEFAULT NULL,
  `gravimetric_item_dictionary_id` int(10) unsigned DEFAULT NULL,
  `sort_order` int(11) DEFAULT NULL,
  `threshold_percentage` decimal(10,4) DEFAULT NULL,
  `overfill_amount` decimal(10,4) DEFAULT NULL,
  PRIMARY KEY (`id`),
  KEY `idx_gravimetric_recipe_id` (`gravimetric_recipe_id`)
) ENGINE=InnoDB DEFAULT CHARSET=latin1;
/*!40101 SET character_set_client = @saved_cs_client */;

--
-- Dumping data for table `gravimetric_recipe_item`
--

LOCK TABLES `gravimetric_recipe_item` WRITE;
/*!40000 ALTER TABLE `gravimetric_recipe_item` DISABLE KEYS */;
/*!40000 ALTER TABLE `gravimetric_recipe_item` ENABLE KEYS */;
UNLOCK TABLES;

--
-- Table structure for table `gravimetric_recipe_item_mnemonic`
--

DROP TABLE IF EXISTS `gravimetric_recipe_item_mnemonic`;
/*!40101 SET @saved_cs_client     = @@character_set_client */;
/*!40101 SET character_set_client = utf8 */;
CREATE TABLE `gravimetric_recipe_item_mnemonic` (
  `id` int(10) unsigned NOT NULL AUTO_INCREMENT,
  `gravimetric_recipe_item_id` int(10) unsigned DEFAULT NULL,
  `mnemonic` varchar(64) DEFAULT NULL,
  `created_by` int(10) unsigned DEFAULT NULL,
  `created_time` datetime DEFAULT NULL,
  PRIMARY KEY (`id`),
  KEY `idx_gravimetric_recipe_item_id` (`gravimetric_recipe_item_id`)
) ENGINE=InnoDB DEFAULT CHARSET=latin1;
/*!40101 SET character_set_client = @saved_cs_client */;

--
-- Dumping data for table `gravimetric_recipe_item_mnemonic`
--

LOCK TABLES `gravimetric_recipe_item_mnemonic` WRITE;
/*!40000 ALTER TABLE `gravimetric_recipe_item_mnemonic` DISABLE KEYS */;
/*!40000 ALTER TABLE `gravimetric_recipe_item_mnemonic` ENABLE KEYS */;
UNLOCK TABLES;

--
-- Table structure for table `gravimetric_scale_weight`
--

DROP TABLE IF EXISTS `gravimetric_scale_weight`;
/*!40101 SET @saved_cs_client     = @@character_set_client */;
/*!40101 SET character_set_client = utf8 */;
CREATE TABLE `gravimetric_scale_weight` (
  `id` int(10) unsigned NOT NULL AUTO_INCREMENT,
  `account_id` int(10) unsigned NOT NULL,
  `scale_identifier` varchar(100) NOT NULL,
  `unit` varchar(10) NOT NULL,
  `weight` decimal(10,4) DEFAULT NULL,
  `last_updated_time` datetime NOT NULL,
  PRIMARY KEY (`id`)
) ENGINE=InnoDB DEFAULT CHARSET=latin1;
/*!40101 SET character_set_client = @saved_cs_client */;

--
-- Dumping data for table `gravimetric_scale_weight`
--

LOCK TABLES `gravimetric_scale_weight` WRITE;
/*!40000 ALTER TABLE `gravimetric_scale_weight` DISABLE KEYS */;
/*!40000 ALTER TABLE `gravimetric_scale_weight` ENABLE KEYS */;
UNLOCK TABLES;

--
-- Table structure for table `gravimetric_widget_saved_step`
--

DROP TABLE IF EXISTS `gravimetric_widget_saved_step`;
/*!40101 SET @saved_cs_client     = @@character_set_client */;
/*!40101 SET character_set_client = utf8 */;
CREATE TABLE `gravimetric_widget_saved_step` (
  `id` int(10) unsigned NOT NULL AUTO_INCREMENT,
  `compound_id` int(10) unsigned NOT NULL,
  `component_id` int(10) unsigned DEFAULT NULL,
  `sort_order` int(10) unsigned NOT NULL,
  `step_type` enum('ScaleSelect','ScanNDC','ComponentInfo','Photo','Weigh','AdditionalVial') NOT NULL,
  `has_error` bit(1) NOT NULL DEFAULT b'0',
  `recorded_weight` float DEFAULT NULL,
  `expected_weight` float DEFAULT NULL,
  `threshold_percentage` decimal(10,4) DEFAULT NULL,
  `additional_vial` bit(1) DEFAULT NULL,
  `scanned_ndc` varchar(128) DEFAULT NULL,
  `created_time` datetime DEFAULT NULL,
  `last_updated_time` datetime DEFAULT NULL,
  `created_by` int(10) unsigned DEFAULT NULL,
  `last_updated_by` int(10) unsigned DEFAULT NULL,
  `scale_serial_number` varchar(36) DEFAULT NULL,
  PRIMARY KEY (`id`)
) ENGINE=InnoDB DEFAULT CHARSET=latin1;
/*!40101 SET character_set_client = @saved_cs_client */;

--
-- Dumping data for table `gravimetric_widget_saved_step`
--

LOCK TABLES `gravimetric_widget_saved_step` WRITE;
/*!40000 ALTER TABLE `gravimetric_widget_saved_step` DISABLE KEYS */;
/*!40000 ALTER TABLE `gravimetric_widget_saved_step` ENABLE KEYS */;
UNLOCK TABLES;

--
-- Table structure for table `gravimetric_widget_step_override`
--

DROP TABLE IF EXISTS `gravimetric_widget_step_override`;
/*!40101 SET @saved_cs_client     = @@character_set_client */;
/*!40101 SET character_set_client = utf8 */;
CREATE TABLE `gravimetric_widget_step_override` (
  `id` int(10) unsigned NOT NULL AUTO_INCREMENT,
  `compound_id` int(10) unsigned NOT NULL,
  `gravimetric_widget_saved_step_id` int(10) unsigned NOT NULL,
  `reject_reason_id` int(10) unsigned DEFAULT NULL,
  `note` longtext,
  `user` int(10) unsigned DEFAULT NULL,
  `created_time` datetime DEFAULT NULL,
  PRIMARY KEY (`id`)
) ENGINE=InnoDB DEFAULT CHARSET=latin1;
/*!40101 SET character_set_client = @saved_cs_client */;

--
-- Dumping data for table `gravimetric_widget_step_override`
--

LOCK TABLES `gravimetric_widget_step_override` WRITE;
/*!40000 ALTER TABLE `gravimetric_widget_step_override` DISABLE KEYS */;
/*!40000 ALTER TABLE `gravimetric_widget_step_override` ENABLE KEYS */;
UNLOCK TABLES;

--
-- Table structure for table `group_account_inactive`
--

DROP TABLE IF EXISTS `group_account_inactive`;
/*!40101 SET @saved_cs_client     = @@character_set_client */;
/*!40101 SET character_set_client = utf8 */;
CREATE TABLE `group_account_inactive` (
  `id` int(10) unsigned NOT NULL AUTO_INCREMENT,
  `account_id` int(10) unsigned NOT NULL,
  `group_id` int(10) unsigned NOT NULL,
  PRIMARY KEY (`id`),
  KEY `idx_account_id` (`account_id`),
  KEY `idx_group_id` (`group_id`)
) ENGINE=InnoDB DEFAULT CHARSET=latin1;
/*!40101 SET character_set_client = @saved_cs_client */;

--
-- Dumping data for table `group_account_inactive`
--

LOCK TABLES `group_account_inactive` WRITE;
/*!40000 ALTER TABLE `group_account_inactive` DISABLE KEYS */;
/*!40000 ALTER TABLE `group_account_inactive` ENABLE KEYS */;
UNLOCK TABLES;

--
-- Table structure for table `group_view`
--

DROP TABLE IF EXISTS `group_view`;
/*!40101 SET @saved_cs_client     = @@character_set_client */;
/*!40101 SET character_set_client = utf8 */;
CREATE TABLE `group_view` (
  `group_id` int(10) unsigned NOT NULL,
  `view_id` int(10) unsigned NOT NULL,
  KEY `fk_gv_group` (`group_id`),
  KEY `fk_gv_view` (`view_id`),
  CONSTRAINT `fk_gv_group` FOREIGN KEY (`group_id`) REFERENCES `groups` (`id`) ON DELETE NO ACTION ON UPDATE NO ACTION,
  CONSTRAINT `fk_gv_view` FOREIGN KEY (`view_id`) REFERENCES `views` (`id`) ON DELETE NO ACTION ON UPDATE NO ACTION
) ENGINE=InnoDB DEFAULT CHARSET=latin1;
/*!40101 SET character_set_client = @saved_cs_client */;

--
-- Dumping data for table `group_view`
--

LOCK TABLES `group_view` WRITE;
/*!40000 ALTER TABLE `group_view` DISABLE KEYS */;
/*!40000 ALTER TABLE `group_view` ENABLE KEYS */;
UNLOCK TABLES;

--
-- Table structure for table `groups`
--

DROP TABLE IF EXISTS `groups`;
/*!40101 SET @saved_cs_client     = @@character_set_client */;
/*!40101 SET character_set_client = utf8 */;
CREATE TABLE `groups` (
  `id` int(10) unsigned NOT NULL AUTO_INCREMENT,
  `account_id` int(10) unsigned NOT NULL,
  `module_id` int(10) unsigned NOT NULL,
  `name` varchar(200) NOT NULL,
  `active_fl` bit(1) NOT NULL DEFAULT b'1',
  `last_updated_by` int(10) unsigned DEFAULT NULL,
  `last_updated_time` datetime DEFAULT NULL,
  `created_by` int(10) unsigned DEFAULT NULL,
  `created_time` datetime DEFAULT NULL,
  `network` bit(1) DEFAULT b'0',
  PRIMARY KEY (`id`),
  KEY `idx_account_id_module_id` (`account_id`,`module_id`),
  KEY `idx_id_account_id` (`id`,`account_id`)
) ENGINE=InnoDB DEFAULT CHARSET=latin1;
/*!40101 SET character_set_client = @saved_cs_client */;

--
-- Dumping data for table `groups`
--

LOCK TABLES `groups` WRITE;
/*!40000 ALTER TABLE `groups` DISABLE KEYS */;
/*!40000 ALTER TABLE `groups` ENABLE KEYS */;
UNLOCK TABLES;

--
-- Table structure for table `gsdd_item`
--

DROP TABLE IF EXISTS `gsdd_item`;
/*!40101 SET @saved_cs_client     = @@character_set_client */;
/*!40101 SET character_set_client = utf8 */;
CREATE TABLE `gsdd_item` (
  `id` int(10) unsigned NOT NULL,
  `row_count` int(10) unsigned NOT NULL,
  `specific_product_id` int(10) unsigned NOT NULL,
  `medkeeper_product_name` varchar(2000) NOT NULL,
  `specific_product_name` varchar(1500) NOT NULL,
  `item_count` varchar(64) NOT NULL,
  `unit_name` varchar(64) NOT NULL,
  `form` varchar(64) NOT NULL,
  `last_loaded_time` datetime DEFAULT NULL,
  `amount` varchar(64) DEFAULT NULL,
  `amount_unit` varchar(64) DEFAULT NULL,
  PRIMARY KEY (`id`),
  KEY `idx_specific_product_id` (`specific_product_id`)
) ENGINE=InnoDB DEFAULT CHARSET=latin1;
/*!40101 SET character_set_client = @saved_cs_client */;

--
-- Dumping data for table `gsdd_item`
--

LOCK TABLES `gsdd_item` WRITE;
/*!40000 ALTER TABLE `gsdd_item` DISABLE KEYS */;
/*!40000 ALTER TABLE `gsdd_item` ENABLE KEYS */;
UNLOCK TABLES;

--
-- Table structure for table `gsdd_item_ndc`
--

DROP TABLE IF EXISTS `gsdd_item_ndc`;
/*!40101 SET @saved_cs_client     = @@character_set_client */;
/*!40101 SET character_set_client = utf8 */;
CREATE TABLE `gsdd_item_ndc` (
  `id` int(10) unsigned NOT NULL,
  `gsdd_item_id` int(10) unsigned NOT NULL,
  `ndc` varchar(20) NOT NULL,
  `last_loaded_time` datetime DEFAULT NULL,
  `volume` varchar(128) DEFAULT NULL,
  `product_name` varchar(2000) DEFAULT NULL,
  `manufacturer` varchar(255) DEFAULT NULL,
  `preservative_free` varchar(10) DEFAULT NULL,
  `package_descriptor` varchar(255) DEFAULT NULL,
  PRIMARY KEY (`id`),
  KEY `gsdd_item_id_idx` (`gsdd_item_id`)
) ENGINE=InnoDB DEFAULT CHARSET=latin1;
/*!40101 SET character_set_client = @saved_cs_client */;

--
-- Dumping data for table `gsdd_item_ndc`
--

LOCK TABLES `gsdd_item_ndc` WRITE;
/*!40000 ALTER TABLE `gsdd_item_ndc` DISABLE KEYS */;
/*!40000 ALTER TABLE `gsdd_item_ndc` ENABLE KEYS */;
UNLOCK TABLES;

--
-- Table structure for table `gsdd_ndc_ignore`
--

DROP TABLE IF EXISTS `gsdd_ndc_ignore`;
/*!40101 SET @saved_cs_client     = @@character_set_client */;
/*!40101 SET character_set_client = utf8 */;
CREATE TABLE `gsdd_ndc_ignore` (
  `ndc` varchar(255) NOT NULL
) ENGINE=InnoDB DEFAULT CHARSET=latin1;
/*!40101 SET character_set_client = @saved_cs_client */;

--
-- Dumping data for table `gsdd_ndc_ignore`
--

LOCK TABLES `gsdd_ndc_ignore` WRITE;
/*!40000 ALTER TABLE `gsdd_ndc_ignore` DISABLE KEYS */;
/*!40000 ALTER TABLE `gsdd_ndc_ignore` ENABLE KEYS */;
UNLOCK TABLES;

--
-- Table structure for table `implementation_meetings`
--

DROP TABLE IF EXISTS `implementation_meetings`;
/*!40101 SET @saved_cs_client     = @@character_set_client */;
/*!40101 SET character_set_client = utf8 */;
CREATE TABLE `implementation_meetings` (
  `id` int(10) unsigned NOT NULL AUTO_INCREMENT,
  `implementation_id` int(10) unsigned DEFAULT NULL,
  `attendees` varchar(1000) DEFAULT NULL,
  `notes` longtext,
  `risks` longtext,
  `date` date DEFAULT NULL,
  `concluded` bit(1) NOT NULL DEFAULT b'0',
  `current_project_health` int(10) unsigned DEFAULT NULL,
  `current_target_go_live` date DEFAULT NULL,
  `current_percent_complete` int(10) unsigned DEFAULT NULL,
  PRIMARY KEY (`id`)
) ENGINE=InnoDB DEFAULT CHARSET=latin1;
/*!40101 SET character_set_client = @saved_cs_client */;

--
-- Dumping data for table `implementation_meetings`
--

LOCK TABLES `implementation_meetings` WRITE;
/*!40000 ALTER TABLE `implementation_meetings` DISABLE KEYS */;
/*!40000 ALTER TABLE `implementation_meetings` ENABLE KEYS */;
UNLOCK TABLES;

--
-- Table structure for table `implementation_members`
--

DROP TABLE IF EXISTS `implementation_members`;
/*!40101 SET @saved_cs_client     = @@character_set_client */;
/*!40101 SET character_set_client = utf8 */;
CREATE TABLE `implementation_members` (
  `id` int(10) unsigned NOT NULL AUTO_INCREMENT,
  `implementation_id` int(10) unsigned DEFAULT NULL,
  `name` varchar(100) DEFAULT NULL,
  `role` varchar(250) DEFAULT NULL,
  `phone_contact` varchar(100) DEFAULT NULL,
  `email_contact` varchar(250) DEFAULT NULL,
  `emailed_by_default` bit(1) NOT NULL DEFAULT b'0',
  PRIMARY KEY (`id`)
) ENGINE=InnoDB DEFAULT CHARSET=latin1;
/*!40101 SET character_set_client = @saved_cs_client */;

--
-- Dumping data for table `implementation_members`
--

LOCK TABLES `implementation_members` WRITE;
/*!40000 ALTER TABLE `implementation_members` DISABLE KEYS */;
/*!40000 ALTER TABLE `implementation_members` ENABLE KEYS */;
UNLOCK TABLES;

--
-- Table structure for table `implementation_milestones`
--

DROP TABLE IF EXISTS `implementation_milestones`;
/*!40101 SET @saved_cs_client     = @@character_set_client */;
/*!40101 SET character_set_client = utf8 */;
CREATE TABLE `implementation_milestones` (
  `id` int(10) unsigned NOT NULL AUTO_INCREMENT,
  `account_id` int(10) unsigned DEFAULT NULL,
  `module_id` int(10) unsigned NOT NULL,
  `implementation_id` int(10) unsigned DEFAULT NULL,
  `date` date DEFAULT NULL,
  `duration` int(10) unsigned DEFAULT '0',
  `name` varchar(512) DEFAULT NULL,
  `sort_order` int(10) unsigned DEFAULT '0',
  `relies_on_milestone_id` int(10) unsigned DEFAULT NULL,
  PRIMARY KEY (`id`)
) ENGINE=InnoDB AUTO_INCREMENT=82 DEFAULT CHARSET=latin1;
/*!40101 SET character_set_client = @saved_cs_client */;

--
-- Dumping data for table `implementation_milestones`
--

LOCK TABLES `implementation_milestones` WRITE;
/*!40000 ALTER TABLE `implementation_milestones` DISABLE KEYS */;
INSERT INTO `implementation_milestones` VALUES (1,NULL,2,NULL,NULL,1,'Kickoff',1,NULL),(2,NULL,2,NULL,NULL,1,'Create Site',2,NULL),(3,NULL,2,NULL,NULL,18,'Gather Data',3,NULL),(4,NULL,2,NULL,NULL,7,'Build Site',4,NULL),(5,NULL,2,NULL,NULL,10,'Review',5,NULL),(6,NULL,2,NULL,NULL,7,'Training',6,NULL),(7,NULL,2,NULL,NULL,2,'Go Live',7,NULL),(8,NULL,2,NULL,NULL,14,'Tuning',8,NULL),(9,NULL,2,NULL,NULL,1,'Acceptance',9,NULL),(10,NULL,4,NULL,NULL,1,'Kickoff',1,NULL),(11,NULL,4,NULL,NULL,1,'Create Site',2,NULL),(12,NULL,4,NULL,NULL,18,'Gather Data',3,NULL),(13,NULL,4,NULL,NULL,7,'Build Site',4,NULL),(14,NULL,4,NULL,NULL,10,'Review',5,NULL),(15,NULL,4,NULL,NULL,7,'Training',6,NULL),(16,NULL,4,NULL,NULL,2,'Go Live',7,NULL),(17,NULL,4,NULL,NULL,14,'Tuning',8,NULL),(18,NULL,4,NULL,NULL,1,'Acceptance',9,NULL),(19,NULL,1,NULL,NULL,1,'Kickoff',1,NULL),(20,NULL,1,NULL,NULL,1,'Create Site',2,NULL),(21,NULL,1,NULL,NULL,18,'Gather Data',3,NULL),(22,NULL,1,NULL,NULL,7,'Build Site',4,NULL),(23,NULL,1,NULL,NULL,10,'Review',5,NULL),(24,NULL,1,NULL,NULL,7,'Training',6,NULL),(25,NULL,1,NULL,NULL,2,'Go Live',7,NULL),(26,NULL,1,NULL,NULL,14,'Tuning',8,NULL),(27,NULL,1,NULL,NULL,1,'Acceptance',9,NULL),(28,NULL,9,NULL,NULL,1,'Kickoff',1,NULL),(29,NULL,9,NULL,NULL,1,'Create Site',2,NULL),(30,NULL,9,NULL,NULL,18,'Gather Data',3,NULL),(31,NULL,9,NULL,NULL,7,'Build Site',4,NULL),(32,NULL,9,NULL,NULL,10,'Review',5,NULL),(33,NULL,9,NULL,NULL,7,'Training',6,NULL),(34,NULL,9,NULL,NULL,2,'Go Live',7,NULL),(35,NULL,9,NULL,NULL,14,'Tuning',8,NULL),(36,NULL,9,NULL,NULL,1,'Acceptance',9,NULL),(37,NULL,3,NULL,NULL,1,'Kickoff',1,NULL),(38,NULL,3,NULL,NULL,1,'Create Site',2,NULL),(39,NULL,3,NULL,NULL,18,'Gather Data',3,NULL),(40,NULL,3,NULL,NULL,7,'Build Site',4,NULL),(41,NULL,3,NULL,NULL,10,'Review',5,NULL),(42,NULL,3,NULL,NULL,7,'Training',6,NULL),(43,NULL,3,NULL,NULL,2,'Go Live',7,NULL),(44,NULL,3,NULL,NULL,14,'Tuning',8,NULL),(45,NULL,3,NULL,NULL,1,'Acceptance',9,NULL),(46,NULL,10,NULL,NULL,1,'Kickoff',1,NULL),(47,NULL,10,NULL,NULL,1,'Create Site',2,NULL),(48,NULL,10,NULL,NULL,18,'Gather Data',3,NULL),(49,NULL,10,NULL,NULL,7,'Build Site',4,NULL),(50,NULL,10,NULL,NULL,10,'Review',5,NULL),(51,NULL,10,NULL,NULL,7,'Training',6,NULL),(52,NULL,10,NULL,NULL,2,'Go Live',7,NULL),(53,NULL,10,NULL,NULL,14,'Tuning',8,NULL),(54,NULL,10,NULL,NULL,1,'Acceptance',9,NULL),(55,2,2,2,NULL,1,'Kickoff',1,NULL),(56,2,2,2,NULL,1,'Create Site',2,55),(57,2,2,2,NULL,18,'Gather Data',3,56),(58,2,2,2,NULL,7,'Build Site',4,57),(59,2,2,2,NULL,10,'Review',5,58),(60,2,2,2,NULL,7,'Training',6,59),(61,2,2,2,NULL,2,'Go Live',7,60),(62,2,2,2,NULL,14,'Tuning',8,61),(63,2,2,2,NULL,1,'Acceptance',9,62),(64,2,1,1,NULL,1,'Kickoff',1,NULL),(65,2,1,1,NULL,1,'Create Site',2,64),(66,2,1,1,NULL,18,'Gather Data',3,65),(67,2,1,1,NULL,7,'Build Site',4,66),(68,2,1,1,NULL,10,'Review',5,67),(69,2,1,1,NULL,7,'Training',6,68),(70,2,1,1,NULL,2,'Go Live',7,69),(71,2,1,1,NULL,14,'Tuning',8,70),(72,2,1,1,NULL,1,'Acceptance',9,71),(73,2,3,3,NULL,1,'Kickoff',1,NULL),(74,2,3,3,NULL,1,'Create Site',2,73),(75,2,3,3,NULL,18,'Gather Data',3,74),(76,2,3,3,NULL,7,'Build Site',4,75),(77,2,3,3,NULL,10,'Review',5,76),(78,2,3,3,NULL,7,'Training',6,77),(79,2,3,3,NULL,2,'Go Live',7,78),(80,2,3,3,NULL,14,'Tuning',8,79),(81,2,3,3,NULL,1,'Acceptance',9,80);
/*!40000 ALTER TABLE `implementation_milestones` ENABLE KEYS */;
UNLOCK TABLES;

--
-- Table structure for table `implementation_success_criteria`
--

DROP TABLE IF EXISTS `implementation_success_criteria`;
/*!40101 SET @saved_cs_client     = @@character_set_client */;
/*!40101 SET character_set_client = utf8 */;
CREATE TABLE `implementation_success_criteria` (
  `id` int(10) unsigned NOT NULL AUTO_INCREMENT,
  `implementation_id` int(10) unsigned DEFAULT NULL,
  `description` varchar(4000) DEFAULT NULL,
  PRIMARY KEY (`id`)
) ENGINE=InnoDB AUTO_INCREMENT=4 DEFAULT CHARSET=latin1;
/*!40101 SET character_set_client = @saved_cs_client */;

--
-- Dumping data for table `implementation_success_criteria`
--

LOCK TABLES `implementation_success_criteria` WRITE;
/*!40000 ALTER TABLE `implementation_success_criteria` DISABLE KEYS */;
INSERT INTO `implementation_success_criteria` VALUES (1,1,NULL),(2,2,NULL),(3,3,NULL);
/*!40000 ALTER TABLE `implementation_success_criteria` ENABLE KEYS */;
UNLOCK TABLES;

--
-- Table structure for table `implementation_tasks`
--

DROP TABLE IF EXISTS `implementation_tasks`;
/*!40101 SET @saved_cs_client     = @@character_set_client */;
/*!40101 SET character_set_client = utf8 */;
CREATE TABLE `implementation_tasks` (
  `id` int(10) unsigned NOT NULL AUTO_INCREMENT,
  `implementation_id` int(10) unsigned DEFAULT NULL,
  `implementation_meeting_creation_id` int(10) unsigned DEFAULT NULL,
  `implementation_meeting_closed_id` int(10) unsigned DEFAULT NULL,
  `implementation_member_id` int(10) unsigned DEFAULT NULL,
  `opened_date` date DEFAULT NULL,
  `closed_date` date DEFAULT NULL,
  `description` varchar(2000) DEFAULT NULL,
  `assigned_to_name` varchar(100) DEFAULT NULL,
  `due_date` date DEFAULT NULL,
  `status` varchar(100) DEFAULT NULL,
  PRIMARY KEY (`id`)
) ENGINE=InnoDB DEFAULT CHARSET=latin1;
/*!40101 SET character_set_client = @saved_cs_client */;

--
-- Dumping data for table `implementation_tasks`
--

LOCK TABLES `implementation_tasks` WRITE;
/*!40000 ALTER TABLE `implementation_tasks` DISABLE KEYS */;
/*!40000 ALTER TABLE `implementation_tasks` ENABLE KEYS */;
UNLOCK TABLES;

--
-- Table structure for table `implementations`
--

DROP TABLE IF EXISTS `implementations`;
/*!40101 SET @saved_cs_client     = @@character_set_client */;
/*!40101 SET character_set_client = utf8 */;
CREATE TABLE `implementations` (
  `id` int(10) unsigned NOT NULL AUTO_INCREMENT,
  `account_id` int(10) unsigned NOT NULL,
  `module_id` int(10) unsigned NOT NULL,
  `original_target_go_live` date DEFAULT NULL,
  `current_target_go_live` date DEFAULT NULL,
  `project_health` int(10) unsigned DEFAULT '0',
  `percent_completed` int(10) unsigned DEFAULT '0',
  `mission_statement` varchar(4000) DEFAULT NULL,
  `additional_minutes_emails` varchar(4000) DEFAULT NULL,
  `next_meeting_agenda` longtext,
  PRIMARY KEY (`id`)
) ENGINE=InnoDB AUTO_INCREMENT=4 DEFAULT CHARSET=latin1;
/*!40101 SET character_set_client = @saved_cs_client */;

--
-- Dumping data for table `implementations`
--

LOCK TABLES `implementations` WRITE;
/*!40000 ALTER TABLE `implementations` DISABLE KEYS */;
INSERT INTO `implementations` VALUES (1,2,1,NULL,NULL,0,0,NULL,NULL,NULL),(2,2,2,NULL,NULL,0,0,NULL,NULL,NULL),(3,2,3,NULL,NULL,0,0,NULL,NULL,NULL);
/*!40000 ALTER TABLE `implementations` ENABLE KEYS */;
UNLOCK TABLES;

--
-- Table structure for table `inspection`
--

DROP TABLE IF EXISTS `inspection`;
/*!40101 SET @saved_cs_client     = @@character_set_client */;
/*!40101 SET character_set_client = utf8 */;
CREATE TABLE `inspection` (
  `id` int(10) unsigned NOT NULL AUTO_INCREMENT,
  `inspection_template_id` int(10) unsigned NOT NULL,
  `account_id` int(10) unsigned NOT NULL,
  `location_id` int(10) unsigned NOT NULL,
  `name` varchar(100) NOT NULL,
  `active_fl` bit(1) NOT NULL DEFAULT b'1',
  `last_updated_by` int(10) unsigned DEFAULT NULL,
  `last_updated_time` datetime DEFAULT NULL,
  `created_by` int(10) unsigned DEFAULT NULL,
  `created_time` datetime DEFAULT NULL,
  `assigned_user_id` int(10) unsigned DEFAULT NULL,
  `emails` varchar(4000) DEFAULT NULL,
  `sub_location_id` int(10) unsigned DEFAULT NULL,
  `after_completion_due_days` int(10) unsigned DEFAULT NULL,
  `requires_manager_approval` bit(1) NOT NULL DEFAULT b'0',
  `use_new_scheduler` bit(1) NOT NULL DEFAULT b'0',
  PRIMARY KEY (`id`),
  KEY `fk_inspection_account` (`account_id`),
  KEY `fk_inspection_assigned_user` (`assigned_user_id`),
  KEY `fk_inspection_ccriteria_createuser` (`created_by`),
  KEY `fk_inspection_template` (`inspection_template_id`),
  KEY `fk_inspection_criteria_lastuser` (`last_updated_by`),
  KEY `fk_inspection_location` (`location_id`),
  CONSTRAINT `fk_inspection_account` FOREIGN KEY (`account_id`) REFERENCES `account` (`id`) ON DELETE NO ACTION ON UPDATE NO ACTION,
  CONSTRAINT `fk_inspection_assigned_user` FOREIGN KEY (`assigned_user_id`) REFERENCES `users` (`id`) ON DELETE NO ACTION ON UPDATE NO ACTION,
  CONSTRAINT `fk_inspection_ccriteria_createuser` FOREIGN KEY (`created_by`) REFERENCES `users` (`id`) ON DELETE NO ACTION ON UPDATE NO ACTION,
  CONSTRAINT `fk_inspection_criteria_lastuser` FOREIGN KEY (`last_updated_by`) REFERENCES `users` (`id`) ON DELETE NO ACTION ON UPDATE NO ACTION,
  CONSTRAINT `fk_inspection_location` FOREIGN KEY (`location_id`) REFERENCES `location` (`id`) ON DELETE NO ACTION ON UPDATE NO ACTION,
  CONSTRAINT `fk_inspection_template` FOREIGN KEY (`inspection_template_id`) REFERENCES `inspection_template` (`id`) ON DELETE NO ACTION ON UPDATE NO ACTION
) ENGINE=InnoDB DEFAULT CHARSET=latin1;
/*!40101 SET character_set_client = @saved_cs_client */;

--
-- Dumping data for table `inspection`
--

LOCK TABLES `inspection` WRITE;
/*!40000 ALTER TABLE `inspection` DISABLE KEYS */;
/*!40000 ALTER TABLE `inspection` ENABLE KEYS */;
UNLOCK TABLES;
ALTER DATABASE `pharmacy_keeper` CHARACTER SET latin1 COLLATE latin1_general_ci ;
/*!50003 SET @saved_cs_client      = @@character_set_client */ ;
/*!50003 SET @saved_cs_results     = @@character_set_results */ ;
/*!50003 SET @saved_col_connection = @@collation_connection */ ;
/*!50003 SET character_set_client  = latin1 */ ;
/*!50003 SET character_set_results = latin1 */ ;
/*!50003 SET collation_connection  = latin1_general_ci */ ;
/*!50003 SET @saved_sql_mode       = @@sql_mode */ ;
/*!50003 SET sql_mode              = 'ONLY_FULL_GROUP_BY,STRICT_TRANS_TABLES,NO_ZERO_IN_DATE,NO_ZERO_DATE,ERROR_FOR_DIVISION_BY_ZERO,NO_ENGINE_SUBSTITUTION' */ ;
DELIMITER ;;
/*!50003 CREATE*/ /*!50017 DEFINER=`root`@`localhost`*/ /*!50003 TRIGGER inspection_deletion
            AFTER DELETE ON inspection FOR EACH ROW
            BEGIN
            INSERT INTO deletion_trail (primary_record_id, secondary_record_id, table_name, account_id,  primary_id_name, secondary_id_name, deletion_time)
            VALUES (OLD.id, NULL, "inspection", OLD.account_id, "id", NULL, NOW());
            END */;;
DELIMITER ;
/*!50003 SET sql_mode              = @saved_sql_mode */ ;
/*!50003 SET character_set_client  = @saved_cs_client */ ;
/*!50003 SET character_set_results = @saved_cs_results */ ;
/*!50003 SET collation_connection  = @saved_col_connection */ ;
ALTER DATABASE `pharmacy_keeper` CHARACTER SET latin1 COLLATE latin1_swedish_ci ;

--
-- Table structure for table `inspection_alert`
--

DROP TABLE IF EXISTS `inspection_alert`;
/*!40101 SET @saved_cs_client     = @@character_set_client */;
/*!40101 SET character_set_client = utf8 */;
CREATE TABLE `inspection_alert` (
  `id` int(10) unsigned NOT NULL AUTO_INCREMENT,
  `inspection_id` int(10) unsigned NOT NULL,
  `alert_type` varchar(20) NOT NULL,
  `emails` varchar(1000) DEFAULT NULL,
  `prior_days` int(10) unsigned DEFAULT NULL,
  `future_days` int(10) unsigned DEFAULT NULL,
  `minimum_percent_compliance` int(10) unsigned DEFAULT NULL,
  `active_fl` bit(1) NOT NULL DEFAULT b'1',
  `last_updated_by` int(10) unsigned DEFAULT NULL,
  `last_updated_time` datetime DEFAULT NULL,
  `created_by` int(10) unsigned DEFAULT NULL,
  `created_time` datetime DEFAULT NULL,
  PRIMARY KEY (`id`),
  KEY `fk_inspection_alert_inspection` (`inspection_id`),
  CONSTRAINT `fk_inspection_alert_inspection` FOREIGN KEY (`inspection_id`) REFERENCES `inspection` (`id`) ON DELETE NO ACTION ON UPDATE NO ACTION
) ENGINE=InnoDB DEFAULT CHARSET=latin1;
/*!40101 SET character_set_client = @saved_cs_client */;

--
-- Dumping data for table `inspection_alert`
--

LOCK TABLES `inspection_alert` WRITE;
/*!40000 ALTER TABLE `inspection_alert` DISABLE KEYS */;
/*!40000 ALTER TABLE `inspection_alert` ENABLE KEYS */;
UNLOCK TABLES;

--
-- Table structure for table `inspection_criteria`
--

DROP TABLE IF EXISTS `inspection_criteria`;
/*!40101 SET @saved_cs_client     = @@character_set_client */;
/*!40101 SET character_set_client = utf8 */;
CREATE TABLE `inspection_criteria` (
  `id` int(10) unsigned NOT NULL AUTO_INCREMENT,
  `account_id` int(10) unsigned NOT NULL,
  `name` varchar(1000) DEFAULT NULL,
  `display_text` varchar(1000) DEFAULT NULL,
  `active_fl` bit(1) NOT NULL DEFAULT b'1',
  `last_updated_by` int(10) unsigned DEFAULT NULL,
  `last_updated_time` datetime DEFAULT NULL,
  `created_by` int(10) unsigned DEFAULT NULL,
  `created_time` datetime DEFAULT NULL,
  `require_note` bit(1) DEFAULT b'0',
  PRIMARY KEY (`id`),
  KEY `fk_inspection_criteria_account` (`account_id`),
  CONSTRAINT `fk_inspection_criteria_account` FOREIGN KEY (`account_id`) REFERENCES `account` (`id`) ON DELETE NO ACTION ON UPDATE NO ACTION
) ENGINE=InnoDB DEFAULT CHARSET=latin1;
/*!40101 SET character_set_client = @saved_cs_client */;

--
-- Dumping data for table `inspection_criteria`
--

LOCK TABLES `inspection_criteria` WRITE;
/*!40000 ALTER TABLE `inspection_criteria` DISABLE KEYS */;
/*!40000 ALTER TABLE `inspection_criteria` ENABLE KEYS */;
UNLOCK TABLES;
ALTER DATABASE `pharmacy_keeper` CHARACTER SET latin1 COLLATE latin1_general_ci ;
/*!50003 SET @saved_cs_client      = @@character_set_client */ ;
/*!50003 SET @saved_cs_results     = @@character_set_results */ ;
/*!50003 SET @saved_col_connection = @@collation_connection */ ;
/*!50003 SET character_set_client  = latin1 */ ;
/*!50003 SET character_set_results = latin1 */ ;
/*!50003 SET collation_connection  = latin1_general_ci */ ;
/*!50003 SET @saved_sql_mode       = @@sql_mode */ ;
/*!50003 SET sql_mode              = 'ONLY_FULL_GROUP_BY,STRICT_TRANS_TABLES,NO_ZERO_IN_DATE,NO_ZERO_DATE,ERROR_FOR_DIVISION_BY_ZERO,NO_ENGINE_SUBSTITUTION' */ ;
DELIMITER ;;
/*!50003 CREATE*/ /*!50017 DEFINER=`root`@`localhost`*/ /*!50003 TRIGGER inspection_criteria_deletion
            AFTER DELETE ON inspection_criteria FOR EACH ROW
            BEGIN
            INSERT INTO deletion_trail (primary_record_id, secondary_record_id, table_name, account_id,  primary_id_name, secondary_id_name, deletion_time)
            VALUES (OLD.id, NULL, "inspection_criteria", OLD.account_id, "id", NULL, NOW());
            END */;;
DELIMITER ;
/*!50003 SET sql_mode              = @saved_sql_mode */ ;
/*!50003 SET character_set_client  = @saved_cs_client */ ;
/*!50003 SET character_set_results = @saved_cs_results */ ;
/*!50003 SET collation_connection  = @saved_col_connection */ ;
ALTER DATABASE `pharmacy_keeper` CHARACTER SET latin1 COLLATE latin1_swedish_ci ;

--
-- Table structure for table `inspection_criteria_outcome`
--

DROP TABLE IF EXISTS `inspection_criteria_outcome`;
/*!40101 SET @saved_cs_client     = @@character_set_client */;
/*!40101 SET character_set_client = utf8 */;
CREATE TABLE `inspection_criteria_outcome` (
  `inspection_criteria_id` int(10) unsigned NOT NULL,
  `inspection_outcome_id` int(10) unsigned NOT NULL,
  `id` int(10) unsigned NOT NULL AUTO_INCREMENT,
  `default_outcome` bit(1) NOT NULL DEFAULT b'1',
  `position` int(10) unsigned NOT NULL,
  `active_fl` bit(1) NOT NULL DEFAULT b'1',
  `last_updated_by` int(10) unsigned DEFAULT NULL,
  `last_updated_time` datetime DEFAULT NULL,
  `created_by` int(10) unsigned DEFAULT NULL,
  `created_time` datetime DEFAULT NULL,
  PRIMARY KEY (`id`),
  KEY `fk_criteria_outcome_criteria` (`inspection_criteria_id`),
  KEY `fk_criteria_outcome_outcome` (`inspection_outcome_id`),
  CONSTRAINT `fk_criteria_outcome_criteria` FOREIGN KEY (`inspection_criteria_id`) REFERENCES `inspection_criteria` (`id`) ON DELETE NO ACTION ON UPDATE NO ACTION,
  CONSTRAINT `fk_criteria_outcome_outcome` FOREIGN KEY (`inspection_outcome_id`) REFERENCES `inspection_outcome` (`id`) ON DELETE NO ACTION ON UPDATE NO ACTION
) ENGINE=InnoDB DEFAULT CHARSET=latin1;
/*!40101 SET character_set_client = @saved_cs_client */;

--
-- Dumping data for table `inspection_criteria_outcome`
--

LOCK TABLES `inspection_criteria_outcome` WRITE;
/*!40000 ALTER TABLE `inspection_criteria_outcome` DISABLE KEYS */;
/*!40000 ALTER TABLE `inspection_criteria_outcome` ENABLE KEYS */;
UNLOCK TABLES;
ALTER DATABASE `pharmacy_keeper` CHARACTER SET latin1 COLLATE latin1_general_ci ;
/*!50003 SET @saved_cs_client      = @@character_set_client */ ;
/*!50003 SET @saved_cs_results     = @@character_set_results */ ;
/*!50003 SET @saved_col_connection = @@collation_connection */ ;
/*!50003 SET character_set_client  = latin1 */ ;
/*!50003 SET character_set_results = latin1 */ ;
/*!50003 SET collation_connection  = latin1_general_ci */ ;
/*!50003 SET @saved_sql_mode       = @@sql_mode */ ;
/*!50003 SET sql_mode              = 'ONLY_FULL_GROUP_BY,STRICT_TRANS_TABLES,NO_ZERO_IN_DATE,NO_ZERO_DATE,ERROR_FOR_DIVISION_BY_ZERO,NO_ENGINE_SUBSTITUTION' */ ;
DELIMITER ;;
/*!50003 CREATE*/ /*!50017 DEFINER=`root`@`localhost`*/ /*!50003 TRIGGER inspection_criteria_outcome_deletion
            BEFORE DELETE ON inspection_criteria_outcome FOR EACH ROW
            BEGIN
            INSERT INTO deletion_trail (primary_record_id, secondary_record_id, table_name, account_id,  primary_id_name, secondary_id_name, deletion_time)
            select ico.id, NULL, "inspection_criteria_outcome", io.account_id, "id", NULL, NOW()
            from inspection_criteria_outcome ico,
            inspection_outcome io
            where ico.id = OLD.id
            and ico.inspection_outcome_id = io.id;
            END */;;
DELIMITER ;
/*!50003 SET sql_mode              = @saved_sql_mode */ ;
/*!50003 SET character_set_client  = @saved_cs_client */ ;
/*!50003 SET character_set_results = @saved_cs_results */ ;
/*!50003 SET collation_connection  = @saved_col_connection */ ;
ALTER DATABASE `pharmacy_keeper` CHARACTER SET latin1 COLLATE latin1_swedish_ci ;

--
-- Table structure for table `inspection_outcome`
--

DROP TABLE IF EXISTS `inspection_outcome`;
/*!40101 SET @saved_cs_client     = @@character_set_client */;
/*!40101 SET character_set_client = utf8 */;
CREATE TABLE `inspection_outcome` (
  `id` int(10) unsigned NOT NULL AUTO_INCREMENT,
  `account_id` int(10) unsigned NOT NULL,
  `group_number` int(10) unsigned DEFAULT NULL,
  `position` int(10) unsigned NOT NULL,
  `label` varchar(300) NOT NULL,
  `value` varchar(300) NOT NULL,
  `description` varchar(100) NOT NULL,
  `active_fl` bit(1) NOT NULL DEFAULT b'1',
  `last_updated_by` int(10) unsigned DEFAULT NULL,
  `last_updated_time` datetime DEFAULT NULL,
  `created_by` int(10) unsigned DEFAULT NULL,
  `created_time` datetime DEFAULT NULL,
  PRIMARY KEY (`id`),
  KEY `fk_inspection_outcome_account` (`account_id`),
  CONSTRAINT `fk_inspection_outcome_account` FOREIGN KEY (`account_id`) REFERENCES `account` (`id`) ON DELETE NO ACTION ON UPDATE NO ACTION
) ENGINE=InnoDB AUTO_INCREMENT=4 DEFAULT CHARSET=latin1;
/*!40101 SET character_set_client = @saved_cs_client */;

--
-- Dumping data for table `inspection_outcome`
--

LOCK TABLES `inspection_outcome` WRITE;
/*!40000 ALTER TABLE `inspection_outcome` DISABLE KEYS */;
INSERT INTO `inspection_outcome` VALUES (1,2,1,1,'Compliant','Compliant','This is Compliant',_binary '',NULL,NULL,NULL,NULL),(2,2,1,2,'Non-Compliant','Non-Compliant','This is Non-Compliant',_binary '',NULL,NULL,NULL,NULL),(3,2,1,3,'N/A','N/A','This is Not Applicable',_binary '',NULL,NULL,NULL,NULL);
/*!40000 ALTER TABLE `inspection_outcome` ENABLE KEYS */;
UNLOCK TABLES;
ALTER DATABASE `pharmacy_keeper` CHARACTER SET latin1 COLLATE latin1_general_ci ;
/*!50003 SET @saved_cs_client      = @@character_set_client */ ;
/*!50003 SET @saved_cs_results     = @@character_set_results */ ;
/*!50003 SET @saved_col_connection = @@collation_connection */ ;
/*!50003 SET character_set_client  = latin1 */ ;
/*!50003 SET character_set_results = latin1 */ ;
/*!50003 SET collation_connection  = latin1_general_ci */ ;
/*!50003 SET @saved_sql_mode       = @@sql_mode */ ;
/*!50003 SET sql_mode              = 'ONLY_FULL_GROUP_BY,STRICT_TRANS_TABLES,NO_ZERO_IN_DATE,NO_ZERO_DATE,ERROR_FOR_DIVISION_BY_ZERO,NO_ENGINE_SUBSTITUTION' */ ;
DELIMITER ;;
/*!50003 CREATE*/ /*!50017 DEFINER=`root`@`localhost`*/ /*!50003 TRIGGER inspection_outcome_deletion
            AFTER DELETE ON inspection_outcome FOR EACH ROW
            BEGIN
            INSERT INTO deletion_trail (primary_record_id, secondary_record_id, table_name, account_id,  primary_id_name, secondary_id_name, deletion_time)
            VALUES (OLD.id, NULL, "inspection_outcome", OLD.account_id, "id", NULL, NOW());
            END */;;
DELIMITER ;
/*!50003 SET sql_mode              = @saved_sql_mode */ ;
/*!50003 SET character_set_client  = @saved_cs_client */ ;
/*!50003 SET character_set_results = @saved_cs_results */ ;
/*!50003 SET collation_connection  = @saved_col_connection */ ;
ALTER DATABASE `pharmacy_keeper` CHARACTER SET latin1 COLLATE latin1_swedish_ci ;

--
-- Table structure for table `inspection_section`
--

DROP TABLE IF EXISTS `inspection_section`;
/*!40101 SET @saved_cs_client     = @@character_set_client */;
/*!40101 SET character_set_client = utf8 */;
CREATE TABLE `inspection_section` (
  `id` int(10) unsigned NOT NULL AUTO_INCREMENT,
  `account_id` int(10) unsigned NOT NULL,
  `name` varchar(512) DEFAULT NULL,
  `display_text` varchar(500) DEFAULT '',
  `active_fl` bit(1) NOT NULL DEFAULT b'1',
  `last_updated_by` int(10) unsigned DEFAULT NULL,
  `last_updated_time` datetime DEFAULT NULL,
  `created_by` int(10) unsigned DEFAULT NULL,
  `created_time` datetime DEFAULT NULL,
  PRIMARY KEY (`id`),
  KEY `fk_inspection_section_account` (`account_id`),
  CONSTRAINT `fk_inspection_section_account` FOREIGN KEY (`account_id`) REFERENCES `account` (`id`) ON DELETE NO ACTION ON UPDATE NO ACTION
) ENGINE=InnoDB DEFAULT CHARSET=latin1;
/*!40101 SET character_set_client = @saved_cs_client */;

--
-- Dumping data for table `inspection_section`
--

LOCK TABLES `inspection_section` WRITE;
/*!40000 ALTER TABLE `inspection_section` DISABLE KEYS */;
/*!40000 ALTER TABLE `inspection_section` ENABLE KEYS */;
UNLOCK TABLES;
ALTER DATABASE `pharmacy_keeper` CHARACTER SET latin1 COLLATE latin1_general_ci ;
/*!50003 SET @saved_cs_client      = @@character_set_client */ ;
/*!50003 SET @saved_cs_results     = @@character_set_results */ ;
/*!50003 SET @saved_col_connection = @@collation_connection */ ;
/*!50003 SET character_set_client  = latin1 */ ;
/*!50003 SET character_set_results = latin1 */ ;
/*!50003 SET collation_connection  = latin1_general_ci */ ;
/*!50003 SET @saved_sql_mode       = @@sql_mode */ ;
/*!50003 SET sql_mode              = 'ONLY_FULL_GROUP_BY,STRICT_TRANS_TABLES,NO_ZERO_IN_DATE,NO_ZERO_DATE,ERROR_FOR_DIVISION_BY_ZERO,NO_ENGINE_SUBSTITUTION' */ ;
DELIMITER ;;
/*!50003 CREATE*/ /*!50017 DEFINER=`root`@`localhost`*/ /*!50003 TRIGGER inspection_section_deletion
            AFTER DELETE ON inspection_section FOR EACH ROW
            BEGIN
            INSERT INTO deletion_trail (primary_record_id, secondary_record_id, table_name, account_id,  primary_id_name, secondary_id_name, deletion_time)
            VALUES (OLD.id, NULL, "inspection_section", OLD.account_id, "id", NULL, NOW());
            END */;;
DELIMITER ;
/*!50003 SET sql_mode              = @saved_sql_mode */ ;
/*!50003 SET character_set_client  = @saved_cs_client */ ;
/*!50003 SET character_set_results = @saved_cs_results */ ;
/*!50003 SET collation_connection  = @saved_col_connection */ ;
ALTER DATABASE `pharmacy_keeper` CHARACTER SET latin1 COLLATE latin1_swedish_ci ;

--
-- Table structure for table `inspection_section_criteria`
--

DROP TABLE IF EXISTS `inspection_section_criteria`;
/*!40101 SET @saved_cs_client     = @@character_set_client */;
/*!40101 SET character_set_client = utf8 */;
CREATE TABLE `inspection_section_criteria` (
  `id` int(10) unsigned NOT NULL AUTO_INCREMENT,
  `inspection_section_id` int(10) unsigned NOT NULL,
  `inspection_criteria_id` int(10) unsigned NOT NULL,
  `position` int(10) unsigned NOT NULL,
  `active_fl` bit(1) NOT NULL DEFAULT b'1',
  `last_updated_by` int(10) unsigned DEFAULT NULL,
  `last_updated_time` datetime DEFAULT NULL,
  `created_by` int(10) unsigned DEFAULT NULL,
  `created_time` datetime DEFAULT NULL,
  PRIMARY KEY (`id`),
  KEY `fk_section_criteria_criteria` (`inspection_criteria_id`),
  KEY `fk_section_criteria_section` (`inspection_section_id`),
  CONSTRAINT `fk_section_criteria_criteria` FOREIGN KEY (`inspection_criteria_id`) REFERENCES `inspection_criteria` (`id`) ON DELETE NO ACTION ON UPDATE NO ACTION,
  CONSTRAINT `fk_section_criteria_section` FOREIGN KEY (`inspection_section_id`) REFERENCES `inspection_section` (`id`) ON DELETE NO ACTION ON UPDATE NO ACTION
) ENGINE=InnoDB DEFAULT CHARSET=latin1;
/*!40101 SET character_set_client = @saved_cs_client */;

--
-- Dumping data for table `inspection_section_criteria`
--

LOCK TABLES `inspection_section_criteria` WRITE;
/*!40000 ALTER TABLE `inspection_section_criteria` DISABLE KEYS */;
/*!40000 ALTER TABLE `inspection_section_criteria` ENABLE KEYS */;
UNLOCK TABLES;
ALTER DATABASE `pharmacy_keeper` CHARACTER SET latin1 COLLATE latin1_general_ci ;
/*!50003 SET @saved_cs_client      = @@character_set_client */ ;
/*!50003 SET @saved_cs_results     = @@character_set_results */ ;
/*!50003 SET @saved_col_connection = @@collation_connection */ ;
/*!50003 SET character_set_client  = latin1 */ ;
/*!50003 SET character_set_results = latin1 */ ;
/*!50003 SET collation_connection  = latin1_general_ci */ ;
/*!50003 SET @saved_sql_mode       = @@sql_mode */ ;
/*!50003 SET sql_mode              = 'ONLY_FULL_GROUP_BY,STRICT_TRANS_TABLES,NO_ZERO_IN_DATE,NO_ZERO_DATE,ERROR_FOR_DIVISION_BY_ZERO,NO_ENGINE_SUBSTITUTION' */ ;
DELIMITER ;;
/*!50003 CREATE*/ /*!50017 DEFINER=`root`@`localhost`*/ /*!50003 TRIGGER inspection_section_criteria_deletion
            BEFORE DELETE ON inspection_section_criteria FOR EACH ROW
            BEGIN
            INSERT INTO deletion_trail (primary_record_id, secondary_record_id, table_name, account_id,  primary_id_name, secondary_id_name, deletion_time)
            select isc.id, NULL, "inspection_section_criteria", ise.account_id, "id", NULL, NOW()
            from inspection_section_criteria isc,
            inspection_section ise
            where isc.id = OLD.id
            and isc.inspection_section_id = ise.id;
            END */;;
DELIMITER ;
/*!50003 SET sql_mode              = @saved_sql_mode */ ;
/*!50003 SET character_set_client  = @saved_cs_client */ ;
/*!50003 SET character_set_results = @saved_cs_results */ ;
/*!50003 SET collation_connection  = @saved_col_connection */ ;
ALTER DATABASE `pharmacy_keeper` CHARACTER SET latin1 COLLATE latin1_swedish_ci ;

--
-- Table structure for table `inspection_template`
--

DROP TABLE IF EXISTS `inspection_template`;
/*!40101 SET @saved_cs_client     = @@character_set_client */;
/*!40101 SET character_set_client = utf8 */;
CREATE TABLE `inspection_template` (
  `id` int(10) unsigned NOT NULL AUTO_INCREMENT,
  `account_id` int(10) unsigned NOT NULL,
  `name` varchar(100) NOT NULL,
  `display_text` varchar(500) NOT NULL,
  `active_fl` bit(1) NOT NULL DEFAULT b'1',
  `last_updated_by` int(10) unsigned DEFAULT NULL,
  `last_updated_time` datetime DEFAULT NULL,
  `created_by` int(10) unsigned DEFAULT NULL,
  `created_time` datetime DEFAULT NULL,
  `answer_all_questions_to_complete_fl` bit(1) NOT NULL DEFAULT b'0',
  `disable_default_answers_fl` bit(1) NOT NULL DEFAULT b'0',
  `display_signature_block_fl` bit(1) NOT NULL DEFAULT b'0',
  `require_signature_fl` bit(1) NOT NULL DEFAULT b'0',
  PRIMARY KEY (`id`),
  KEY `fk_inspection_template_account` (`account_id`),
  CONSTRAINT `fk_inspection_template_account` FOREIGN KEY (`account_id`) REFERENCES `account` (`id`) ON DELETE NO ACTION ON UPDATE NO ACTION
) ENGINE=InnoDB DEFAULT CHARSET=latin1;
/*!40101 SET character_set_client = @saved_cs_client */;

--
-- Dumping data for table `inspection_template`
--

LOCK TABLES `inspection_template` WRITE;
/*!40000 ALTER TABLE `inspection_template` DISABLE KEYS */;
/*!40000 ALTER TABLE `inspection_template` ENABLE KEYS */;
UNLOCK TABLES;
ALTER DATABASE `pharmacy_keeper` CHARACTER SET latin1 COLLATE latin1_general_ci ;
/*!50003 SET @saved_cs_client      = @@character_set_client */ ;
/*!50003 SET @saved_cs_results     = @@character_set_results */ ;
/*!50003 SET @saved_col_connection = @@collation_connection */ ;
/*!50003 SET character_set_client  = latin1 */ ;
/*!50003 SET character_set_results = latin1 */ ;
/*!50003 SET collation_connection  = latin1_general_ci */ ;
/*!50003 SET @saved_sql_mode       = @@sql_mode */ ;
/*!50003 SET sql_mode              = 'ONLY_FULL_GROUP_BY,STRICT_TRANS_TABLES,NO_ZERO_IN_DATE,NO_ZERO_DATE,ERROR_FOR_DIVISION_BY_ZERO,NO_ENGINE_SUBSTITUTION' */ ;
DELIMITER ;;
/*!50003 CREATE*/ /*!50017 DEFINER=`root`@`localhost`*/ /*!50003 TRIGGER inspection_template_deletion
            AFTER DELETE ON inspection_template FOR EACH ROW
            BEGIN
            INSERT INTO deletion_trail (primary_record_id, secondary_record_id, table_name, account_id,  primary_id_name, secondary_id_name, deletion_time)
            VALUES (OLD.id, NULL, "inspection_template", OLD.account_id, "id", NULL, NOW());
            END */;;
DELIMITER ;
/*!50003 SET sql_mode              = @saved_sql_mode */ ;
/*!50003 SET character_set_client  = @saved_cs_client */ ;
/*!50003 SET character_set_results = @saved_cs_results */ ;
/*!50003 SET collation_connection  = @saved_col_connection */ ;
ALTER DATABASE `pharmacy_keeper` CHARACTER SET latin1 COLLATE latin1_swedish_ci ;

--
-- Table structure for table `inspection_template_section`
--

DROP TABLE IF EXISTS `inspection_template_section`;
/*!40101 SET @saved_cs_client     = @@character_set_client */;
/*!40101 SET character_set_client = utf8 */;
CREATE TABLE `inspection_template_section` (
  `id` int(10) unsigned NOT NULL AUTO_INCREMENT,
  `inspection_template_id` int(10) unsigned NOT NULL,
  `inspection_section_id` int(10) unsigned NOT NULL,
  `position` int(10) unsigned NOT NULL,
  `active_fl` bit(1) NOT NULL DEFAULT b'1',
  `last_updated_by` int(10) unsigned DEFAULT NULL,
  `last_updated_time` datetime DEFAULT NULL,
  `created_by` int(10) unsigned DEFAULT NULL,
  `created_time` datetime DEFAULT NULL,
  PRIMARY KEY (`id`),
  KEY `fk_template_section_section` (`inspection_section_id`),
  KEY `fk_template_section_template` (`inspection_template_id`),
  CONSTRAINT `fk_template_section_section` FOREIGN KEY (`inspection_section_id`) REFERENCES `inspection_section` (`id`) ON DELETE NO ACTION ON UPDATE NO ACTION,
  CONSTRAINT `fk_template_section_template` FOREIGN KEY (`inspection_template_id`) REFERENCES `inspection_template` (`id`) ON DELETE NO ACTION ON UPDATE NO ACTION
) ENGINE=InnoDB DEFAULT CHARSET=latin1;
/*!40101 SET character_set_client = @saved_cs_client */;

--
-- Dumping data for table `inspection_template_section`
--

LOCK TABLES `inspection_template_section` WRITE;
/*!40000 ALTER TABLE `inspection_template_section` DISABLE KEYS */;
/*!40000 ALTER TABLE `inspection_template_section` ENABLE KEYS */;
UNLOCK TABLES;
ALTER DATABASE `pharmacy_keeper` CHARACTER SET latin1 COLLATE latin1_general_ci ;
/*!50003 SET @saved_cs_client      = @@character_set_client */ ;
/*!50003 SET @saved_cs_results     = @@character_set_results */ ;
/*!50003 SET @saved_col_connection = @@collation_connection */ ;
/*!50003 SET character_set_client  = latin1 */ ;
/*!50003 SET character_set_results = latin1 */ ;
/*!50003 SET collation_connection  = latin1_general_ci */ ;
/*!50003 SET @saved_sql_mode       = @@sql_mode */ ;
/*!50003 SET sql_mode              = 'ONLY_FULL_GROUP_BY,STRICT_TRANS_TABLES,NO_ZERO_IN_DATE,NO_ZERO_DATE,ERROR_FOR_DIVISION_BY_ZERO,NO_ENGINE_SUBSTITUTION' */ ;
DELIMITER ;;
/*!50003 CREATE*/ /*!50017 DEFINER=`root`@`localhost`*/ /*!50003 TRIGGER inspection_template_section_deletion
            BEFORE DELETE ON inspection_template_section FOR EACH ROW
            BEGIN
            INSERT INTO deletion_trail (primary_record_id, secondary_record_id, table_name, account_id,  primary_id_name, secondary_id_name, deletion_time)
            select its.id, NULL, "inspection_template_section", it.account_id, "id", NULL, NOW()
            from inspection_template_section its,
            inspection_template it
            where its.id = OLD.id
            and its.inspection_template_id = it.id;
            END */;;
DELIMITER ;
/*!50003 SET sql_mode              = @saved_sql_mode */ ;
/*!50003 SET character_set_client  = @saved_cs_client */ ;
/*!50003 SET character_set_results = @saved_cs_results */ ;
/*!50003 SET collation_connection  = @saved_col_connection */ ;
ALTER DATABASE `pharmacy_keeper` CHARACTER SET latin1 COLLATE latin1_swedish_ci ;

--
-- Table structure for table `item_dictionary`
--

DROP TABLE IF EXISTS `item_dictionary`;
/*!40101 SET @saved_cs_client     = @@character_set_client */;
/*!40101 SET character_set_client = utf8 */;
CREATE TABLE `item_dictionary` (
  `id` int(10) unsigned NOT NULL AUTO_INCREMENT,
  `account_id` int(10) unsigned NOT NULL,
  `status` int(10) unsigned DEFAULT '1',
  `name` varchar(2000) DEFAULT NULL,
  `description` varchar(45) DEFAULT NULL,
  `serialized_identifier` varchar(50) DEFAULT NULL,
  `system_id` varchar(45) DEFAULT NULL,
  `high_alert` bit(1) NOT NULL DEFAULT b'0',
  `sound_alike_look_alike` bit(1) NOT NULL DEFAULT b'0',
  `alias` varchar(1500) DEFAULT NULL,
  `active` bit(1) NOT NULL DEFAULT b'1',
  `module_id` int(11) NOT NULL,
  `billing_data` varchar(100) DEFAULT NULL,
  `last_updated_by` int(10) unsigned DEFAULT NULL,
  `last_updated_time` datetime DEFAULT NULL,
  `created_by` int(10) unsigned DEFAULT NULL,
  `created_time` datetime DEFAULT NULL,
  `manual_grouping` bit(1) NOT NULL DEFAULT b'0',
  `hard_stop_operator` enum('lessthan','greaterthan') DEFAULT NULL,
  `hard_stop_number_of_days` int(10) unsigned DEFAULT NULL,
  `external_formulary_mapping_level` enum('strength','volume','none') DEFAULT NULL,
  `component_fields_not_required` bit(1) DEFAULT b'0',
  `external_formulary_id_type` enum('pkfItemId','gsddItemId','gsddSpecificProductId') DEFAULT NULL,
  `external_formulary_id` int(10) unsigned DEFAULT NULL,
  `batch_alias` varchar(1500) DEFAULT NULL,
  `waste_field_required_fl` bit(1) DEFAULT b'0',
  `instructions` longtext,
  `concentration_amount` varchar(64) DEFAULT NULL,
  `concentration_unit` varchar(64) DEFAULT NULL,
  PRIMARY KEY (`id`),
  KEY `ACCOUNT_ID` (`account_id`),
  KEY `fk_item_dictionary_lastUpdatedby` (`last_updated_by`),
  KEY `fk_item_dictionary_createdby` (`created_by`),
  KEY `idx_account_formulary_id` (`account_id`,`external_formulary_id`),
  KEY `NAME` (`name`),
  CONSTRAINT `fk_item_dictionary_createdby` FOREIGN KEY (`created_by`) REFERENCES `users` (`id`),
  CONSTRAINT `fk_item_dictionary_lastUpdatedby` FOREIGN KEY (`last_updated_by`) REFERENCES `users` (`id`)
) ENGINE=InnoDB AUTO_INCREMENT=206 DEFAULT CHARSET=latin1;
/*!40101 SET character_set_client = @saved_cs_client */;

--
-- Dumping data for table `item_dictionary`
--

LOCK TABLES `item_dictionary` WRITE;
/*!40000 ALTER TABLE `item_dictionary` DISABLE KEYS */;
INSERT INTO `item_dictionary` VALUES (1,2,NULL,'ADENOSINE INJ 3MG/ML 2ML UD SYR',NULL,NULL,NULL,_binary '\0',_binary '\0',NULL,_binary '',1,NULL,NULL,NULL,NULL,NULL,_binary '\0',NULL,NULL,'volume',_binary '\0',NULL,NULL,NULL,_binary '\0',NULL,NULL,NULL),(2,2,NULL,'ALBUTEROL HFA MDI 90MCG/INH  8G',NULL,NULL,NULL,_binary '\0',_binary '\0',NULL,_binary '',1,NULL,NULL,NULL,NULL,NULL,_binary '\0',NULL,NULL,'volume',_binary '\0',NULL,NULL,NULL,_binary '\0',NULL,NULL,NULL),(3,2,NULL,'ALBUTEROL INH SLN 2.5MG/3ML UD NEB',NULL,NULL,NULL,_binary '\0',_binary '\0',NULL,_binary '',1,NULL,NULL,NULL,NULL,NULL,_binary '\0',NULL,NULL,'volume',_binary '\0',NULL,NULL,NULL,_binary '\0',NULL,NULL,NULL),(4,2,NULL,'ALPROSTADIL INJ 500MCG/1 ML VL',NULL,NULL,NULL,_binary '\0',_binary '\0',NULL,_binary '',1,NULL,NULL,NULL,NULL,NULL,_binary '\0',NULL,NULL,'volume',_binary '\0',NULL,NULL,NULL,_binary '\0',NULL,NULL,NULL),(5,2,NULL,'AMIODARONE INJ 150MG/3ML UD SYR',NULL,NULL,NULL,_binary '',_binary '\0',NULL,_binary '',1,NULL,NULL,NULL,NULL,NULL,_binary '\0',NULL,NULL,'volume',_binary '\0',NULL,NULL,NULL,_binary '\0',NULL,NULL,NULL),(6,2,NULL,'AMIODARONE INJ 50MG/ML 3ML VL',NULL,NULL,NULL,_binary '',_binary '\0',NULL,_binary '',1,NULL,NULL,NULL,NULL,NULL,_binary '\0',NULL,NULL,'volume',_binary '\0',NULL,NULL,NULL,_binary '\0',NULL,NULL,NULL),(7,2,NULL,'AMMONIA SPIRIT AROMATIC 0.33ML 10BX',NULL,NULL,NULL,_binary '\0',_binary '\0',NULL,_binary '',1,NULL,NULL,NULL,NULL,NULL,_binary '\0',NULL,NULL,'volume',_binary '\0',NULL,NULL,NULL,_binary '\0',NULL,NULL,NULL),(8,2,NULL,'ASPIRIN TB325MG 100UD',NULL,NULL,NULL,_binary '\0',_binary '\0',NULL,_binary '',1,NULL,NULL,NULL,NULL,NULL,_binary '\0',NULL,NULL,'volume',_binary '\0',NULL,NULL,NULL,_binary '\0',NULL,NULL,NULL),(9,2,NULL,'ATROPINE INJ 1MG/10ML UD SYR',NULL,NULL,NULL,_binary '\0',_binary '\0',NULL,_binary '',1,NULL,NULL,NULL,NULL,NULL,_binary '\0',NULL,NULL,'volume',_binary '\0',NULL,NULL,NULL,_binary '\0',NULL,NULL,NULL),(10,2,NULL,'ATROPINE INJ 400MCG/ML 1 ML VL',NULL,NULL,NULL,_binary '\0',_binary '\0',NULL,_binary '',1,NULL,NULL,NULL,NULL,NULL,_binary '\0',NULL,NULL,'volume',_binary '\0',NULL,NULL,NULL,_binary '\0',NULL,NULL,NULL),(11,2,NULL,'BENOXINATE/FLUORESCEIN OPH SLN 0.25%/0.4%',NULL,NULL,NULL,_binary '\0',_binary '\0',NULL,_binary '',1,NULL,NULL,NULL,NULL,NULL,_binary '\0',NULL,NULL,'volume',_binary '\0',NULL,NULL,NULL,_binary '\0',NULL,NULL,NULL),(12,2,NULL,'calcium CHLOride INJ 1G/10ML UD SYR',NULL,NULL,NULL,_binary '\0',_binary '\0',NULL,_binary '',1,NULL,NULL,NULL,NULL,NULL,_binary '\0',NULL,NULL,'volume',_binary '\0',NULL,NULL,NULL,_binary '\0',NULL,NULL,NULL),(13,2,NULL,'calcium GLUConate INJ 100MG/ML 10ML VL',NULL,NULL,NULL,_binary '\0',_binary '',NULL,_binary '',1,NULL,NULL,NULL,NULL,NULL,_binary '\0',NULL,NULL,'volume',_binary '\0',NULL,NULL,NULL,_binary '\0',NULL,NULL,NULL),(14,2,NULL,'CHLORAL HYDRATE SYRUP 500MG/5ML UD CUP',NULL,NULL,NULL,_binary '\0',_binary '\0',NULL,_binary '',1,NULL,NULL,NULL,NULL,NULL,_binary '\0',NULL,NULL,'volume',_binary '\0',NULL,NULL,NULL,_binary '\0',NULL,NULL,NULL),(15,2,NULL,'cloNIDINE TB 100MCG 100UD',NULL,NULL,NULL,_binary '\0',_binary '',NULL,_binary '',1,NULL,NULL,NULL,NULL,NULL,_binary '\0',NULL,NULL,'volume',_binary '\0',NULL,NULL,NULL,_binary '\0',NULL,NULL,NULL),(16,2,NULL,'CLOPIDOGRELTB300MG  100UD',NULL,NULL,NULL,_binary '\0',_binary '\0',NULL,_binary '',1,NULL,NULL,NULL,NULL,NULL,_binary '\0',NULL,NULL,'volume',_binary '\0',NULL,NULL,NULL,_binary '\0',NULL,NULL,NULL),(17,2,NULL,'DALTEPARIN INJ 10.000UNIT/1ML UD SYR',NULL,NULL,NULL,_binary '\0',_binary '\0',NULL,_binary '',1,NULL,NULL,NULL,NULL,NULL,_binary '\0',NULL,NULL,'volume',_binary '\0',NULL,NULL,NULL,_binary '\0',NULL,NULL,NULL),(18,2,NULL,'DEXTROSE INJ 50% 25G/50ML VL',NULL,NULL,NULL,_binary '\0',_binary '\0',NULL,_binary '',1,NULL,NULL,NULL,NULL,NULL,_binary '\0',NULL,NULL,'volume',_binary '\0',NULL,NULL,NULL,_binary '\0',NULL,NULL,NULL),(19,2,NULL,'DIAZEPAM INJ 10MG/2ML UD SYR',NULL,NULL,NULL,_binary '\0',_binary '\0',NULL,_binary '',1,NULL,NULL,NULL,NULL,NULL,_binary '\0',NULL,NULL,'volume',_binary '\0',NULL,NULL,NULL,_binary '\0',NULL,NULL,NULL),(20,2,NULL,'DILTIAZEM INJ 5MG/ML 10ML VL',NULL,NULL,NULL,_binary '\0',_binary '\0',NULL,_binary '',1,NULL,NULL,NULL,NULL,NULL,_binary '\0',NULL,NULL,'volume',_binary '\0',NULL,NULL,NULL,_binary '\0',NULL,NULL,NULL),(21,2,NULL,'DIPHENHYDRAMINE ELXR 12.5MG/5ML U-D',NULL,NULL,NULL,_binary '\0',_binary '\0',NULL,_binary '',1,NULL,NULL,NULL,NULL,NULL,_binary '\0',NULL,NULL,'volume',_binary '\0',NULL,NULL,NULL,_binary '\0',NULL,NULL,NULL),(22,2,NULL,'DIPHENHYDRAMINE HCL INJ 50MG/ML U-D SYR',NULL,NULL,NULL,_binary '\0',_binary '\0',NULL,_binary '',1,NULL,NULL,NULL,NULL,NULL,_binary '\0',NULL,NULL,'volume',_binary '\0',NULL,NULL,NULL,_binary '\0',NULL,NULL,NULL),(23,2,NULL,'diPHENHYDRamine INJ 50MG/ML 1 ML VL',NULL,NULL,NULL,_binary '\0',_binary '',NULL,_binary '',1,NULL,NULL,NULL,NULL,NULL,_binary '\0',NULL,NULL,'volume',_binary '\0',NULL,NULL,NULL,_binary '\0',NULL,NULL,NULL),(24,2,NULL,'diPHENHYDRamine INJ 50MG/ML UD SYR',NULL,NULL,NULL,_binary '\0',_binary '\0',NULL,_binary '',1,NULL,NULL,NULL,NULL,NULL,_binary '\0',NULL,NULL,'volume',_binary '\0',NULL,NULL,NULL,_binary '\0',NULL,NULL,NULL),(25,2,NULL,'diPHENHYDRamine SLN 25MG/10ML UD CUP',NULL,NULL,NULL,_binary '\0',_binary '',NULL,_binary '',1,NULL,NULL,NULL,NULL,NULL,_binary '\0',NULL,NULL,'volume',_binary '\0',NULL,NULL,NULL,_binary '\0',NULL,NULL,NULL),(26,2,NULL,'DOBUTamine INJ 12.5MG/ML 20ML VL',NULL,NULL,NULL,_binary '',_binary '',NULL,_binary '',1,NULL,NULL,NULL,NULL,NULL,_binary '\0',NULL,NULL,'volume',_binary '\0',NULL,NULL,NULL,_binary '\0',NULL,NULL,NULL),(27,2,NULL,'DOBUTamine/D5W INJ 1G/250ML BG',NULL,NULL,NULL,_binary '',_binary '',NULL,_binary '',1,NULL,NULL,NULL,NULL,NULL,_binary '\0',NULL,NULL,'volume',_binary '\0',NULL,NULL,NULL,_binary '\0',NULL,NULL,NULL),(28,2,NULL,'DOPamine INJ 80MG/ML 5ML VL',NULL,NULL,NULL,_binary '',_binary '',NULL,_binary '',1,NULL,NULL,NULL,NULL,NULL,_binary '\0',NULL,NULL,'volume',_binary '\0',NULL,NULL,NULL,_binary '\0',NULL,NULL,NULL),(29,2,NULL,'DOPamine/D5W INJ 800MG/250ML BG',NULL,NULL,NULL,_binary '',_binary '',NULL,_binary '',1,NULL,NULL,NULL,NULL,NULL,_binary '\0',NULL,NULL,'volume',_binary '\0',NULL,NULL,NULL,_binary '\0',NULL,NULL,NULL),(30,2,NULL,'epiNEPHrine AUTO-INJ 1:1000 0.3MG KIT (SO)',NULL,NULL,NULL,_binary '',_binary '',NULL,_binary '',1,NULL,NULL,NULL,NULL,NULL,_binary '\0',NULL,NULL,'volume',_binary '\0',NULL,NULL,NULL,_binary '\0',NULL,NULL,NULL),(31,2,NULL,'epiNEPHrine AUTO-INJ 1:2000 0.15MG PED (SO)',NULL,NULL,NULL,_binary '',_binary '',NULL,_binary '',1,NULL,NULL,NULL,NULL,NULL,_binary '\0',NULL,NULL,'volume',_binary '\0',NULL,NULL,NULL,_binary '\0',NULL,NULL,NULL),(32,2,NULL,'epiNEPHrine INJ 1:10000 10ML UD SYR',NULL,NULL,NULL,_binary '',_binary '',NULL,_binary '',1,NULL,NULL,NULL,NULL,NULL,_binary '\0',NULL,NULL,'volume',_binary '\0',NULL,NULL,NULL,_binary '\0',NULL,NULL,NULL),(33,2,NULL,'epiNEPHrine INJ 1MG/ML 1 ML AMP',NULL,NULL,NULL,_binary '',_binary '',NULL,_binary '',1,NULL,NULL,NULL,NULL,NULL,_binary '\0',NULL,NULL,'volume',_binary '\0',NULL,NULL,NULL,_binary '\0',NULL,NULL,NULL),(34,2,NULL,'epiNEPHrine INJ 1MG/ML 30ML VL',NULL,NULL,NULL,_binary '',_binary '',NULL,_binary '',1,NULL,NULL,NULL,NULL,NULL,_binary '\0',NULL,NULL,'volume',_binary '\0',NULL,NULL,NULL,_binary '\0',NULL,NULL,NULL),(35,2,NULL,'epiNEPHrine INJ 1MG/ML1MLAMP',NULL,NULL,NULL,_binary '',_binary '',NULL,_binary '',1,NULL,NULL,NULL,NULL,NULL,_binary '\0',NULL,NULL,'volume',_binary '\0',NULL,NULL,NULL,_binary '\0',NULL,NULL,NULL),(36,2,NULL,'epiNEPHrine RACEMIC INH 2.25% 0.5ML BTL',NULL,NULL,NULL,_binary '\0',_binary '',NULL,_binary '',1,NULL,NULL,NULL,NULL,NULL,_binary '\0',NULL,NULL,'volume',_binary '\0',NULL,NULL,NULL,_binary '\0',NULL,NULL,NULL),(37,2,NULL,'ESMOLOLINJ 10MG/ML 10ML VL',NULL,NULL,NULL,_binary '\0',_binary '\0',NULL,_binary '',1,NULL,NULL,NULL,NULL,NULL,_binary '\0',NULL,NULL,'volume',_binary '\0',NULL,NULL,NULL,_binary '\0',NULL,NULL,NULL),(38,2,NULL,'ETOMIDATE INJ 2MG/ML 10ML VL',NULL,NULL,NULL,_binary '\0',_binary '\0',NULL,_binary '',1,NULL,NULL,NULL,NULL,NULL,_binary '\0',NULL,NULL,'volume',_binary '\0',NULL,NULL,NULL,_binary '\0',NULL,NULL,NULL),(39,2,NULL,'FENTanyl INJ 50MCG/ML 2ML UD SYR',NULL,NULL,NULL,_binary '',_binary '',NULL,_binary '',1,NULL,NULL,NULL,NULL,NULL,_binary '\0',NULL,NULL,'volume',_binary '\0',NULL,NULL,NULL,_binary '\0',NULL,NULL,NULL),(40,2,NULL,'FENTanyl INJ 50MCG/ML 5ML VL',NULL,NULL,NULL,_binary '',_binary '',NULL,_binary '',1,NULL,NULL,NULL,NULL,NULL,_binary '\0',NULL,NULL,'volume',_binary '\0',NULL,NULL,NULL,_binary '\0',NULL,NULL,NULL),(41,2,NULL,'FLUMAZENIL INJ 100MCG/ML 5ML VL',NULL,NULL,NULL,_binary '\0',_binary '\0',NULL,_binary '',1,NULL,NULL,NULL,NULL,NULL,_binary '\0',NULL,NULL,'volume',_binary '\0',NULL,NULL,NULL,_binary '\0',NULL,NULL,NULL),(42,2,NULL,'FUROSEMIDE INJ 10MG/ML 2ML VL',NULL,NULL,NULL,_binary '\0',_binary '\0',NULL,_binary '',1,NULL,NULL,NULL,NULL,NULL,_binary '\0',NULL,NULL,'volume',_binary '\0',NULL,NULL,NULL,_binary '\0',NULL,NULL,NULL),(43,2,NULL,'GLUCAGON INJ 1MG VL',NULL,NULL,NULL,_binary '\0',_binary '\0',NULL,_binary '',1,NULL,NULL,NULL,NULL,NULL,_binary '\0',NULL,NULL,'volume',_binary '\0',NULL,NULL,NULL,_binary '\0',NULL,NULL,NULL),(44,2,NULL,'GLUCOSE GEL 15G3/CTN',NULL,NULL,NULL,_binary '\0',_binary '\0',NULL,_binary '',1,NULL,NULL,NULL,NULL,NULL,_binary '\0',NULL,NULL,'volume',_binary '\0',NULL,NULL,NULL,_binary '\0',NULL,NULL,NULL),(45,2,NULL,'hydrALAZINE INJ 20MG/ML 1ML VL',NULL,NULL,NULL,_binary '\0',_binary '',NULL,_binary '',1,NULL,NULL,NULL,NULL,NULL,_binary '\0',NULL,NULL,'volume',_binary '\0',NULL,NULL,NULL,_binary '\0',NULL,NULL,NULL),(46,2,NULL,'HYDROmorphone INJ 2MG/ML 1ML UD SYR 10BX',NULL,NULL,NULL,_binary '\0',_binary '\0',NULL,_binary '',1,NULL,NULL,NULL,NULL,NULL,_binary '\0',NULL,NULL,'volume',_binary '\0',NULL,NULL,NULL,_binary '\0',NULL,NULL,NULL),(47,2,NULL,'INSULIN REGULAR (HUMAN-NOVOLIN) 10ML VL [MD]',NULL,NULL,NULL,_binary '',_binary '\0',NULL,_binary '',1,NULL,NULL,NULL,NULL,NULL,_binary '\0',NULL,NULL,'volume',_binary '\0',NULL,NULL,NULL,_binary '\0',NULL,NULL,NULL),(48,2,NULL,'IPRATROPIUM INH SLN 500MCG/2.5ML UD (Robot)',NULL,NULL,NULL,_binary '\0',_binary '\0',NULL,_binary '',1,NULL,NULL,NULL,NULL,NULL,_binary '\0',NULL,NULL,'volume',_binary '\0',NULL,NULL,NULL,_binary '\0',NULL,NULL,NULL),(49,2,NULL,'ketAMINE INJ 100MG/ML 5ML VL',NULL,NULL,NULL,_binary '',_binary '',NULL,_binary '',1,NULL,NULL,NULL,NULL,NULL,_binary '\0',NULL,NULL,'volume',_binary '\0',NULL,NULL,NULL,_binary '\0',NULL,NULL,NULL),(50,2,NULL,'ketAMINE INJ 50MG/1ML SYR (CHG ONLY)',NULL,NULL,NULL,_binary '',_binary '',NULL,_binary '',1,NULL,NULL,NULL,NULL,NULL,_binary '\0',NULL,NULL,'volume',_binary '\0',NULL,NULL,NULL,_binary '\0',NULL,NULL,NULL),(51,2,NULL,'ketOROLAC INJ 30MG/1ML (CHG ONLY)',NULL,NULL,NULL,_binary '\0',_binary '',NULL,_binary '',1,NULL,NULL,NULL,NULL,NULL,_binary '\0',NULL,NULL,'volume',_binary '\0',NULL,NULL,NULL,_binary '\0',NULL,NULL,NULL),(52,2,NULL,'LABETALOL INJ 5MG/ML 20ML VL',NULL,NULL,NULL,_binary '\0',_binary '\0',NULL,_binary '',1,NULL,NULL,NULL,NULL,NULL,_binary '\0',NULL,NULL,'volume',_binary '\0',NULL,NULL,NULL,_binary '\0',NULL,NULL,NULL),(53,2,NULL,'LEVETIRACETAM INJ 500MG/5ML VL 10BX',NULL,NULL,NULL,_binary '\0',_binary '\0',NULL,_binary '',1,NULL,NULL,NULL,NULL,NULL,_binary '\0',NULL,NULL,'volume',_binary '\0',NULL,NULL,NULL,_binary '\0',NULL,NULL,NULL),(54,2,NULL,'LIDOCAINE INJ (1%) 10MG/ML 10ML VL',NULL,NULL,NULL,_binary '\0',_binary '\0',NULL,_binary '',1,NULL,NULL,NULL,NULL,NULL,_binary '\0',NULL,NULL,'volume',_binary '\0',NULL,NULL,NULL,_binary '\0',NULL,NULL,NULL),(55,2,NULL,'LIDOCAINE INJ 100MG/5ML UD SYR',NULL,NULL,NULL,_binary '\0',_binary '\0',NULL,_binary '',1,NULL,NULL,NULL,NULL,NULL,_binary '\0',NULL,NULL,'volume',_binary '\0',NULL,NULL,NULL,_binary '\0',NULL,NULL,NULL),(56,2,NULL,'LIDOCAINE/DEXTROSE BG 2G 500ML (CHG ONLY)',NULL,NULL,NULL,_binary '\0',_binary '\0',NULL,_binary '',1,NULL,NULL,NULL,NULL,NULL,_binary '\0',NULL,NULL,'volume',_binary '\0',NULL,NULL,NULL,_binary '\0',NULL,NULL,NULL),(57,2,NULL,'LORAZEPAM INJ 2MG/0.5ML (CHG ONLY)',NULL,NULL,NULL,_binary '\0',_binary '\0',NULL,_binary '',1,NULL,NULL,NULL,NULL,NULL,_binary '\0',NULL,NULL,'volume',_binary '\0',NULL,NULL,NULL,_binary '\0',NULL,NULL,NULL),(58,2,NULL,'LORAZEPAM INJ 2MG/ML 10ML VL',NULL,NULL,NULL,_binary '\0',_binary '\0',NULL,_binary '',1,NULL,NULL,NULL,NULL,NULL,_binary '\0',NULL,NULL,'volume',_binary '\0',NULL,NULL,NULL,_binary '\0',NULL,NULL,NULL),(59,2,NULL,'MAGNESIUM SULF INJ 500MG/ML 10ML VL',NULL,NULL,NULL,_binary '',_binary '\0',NULL,_binary '',1,NULL,NULL,NULL,NULL,NULL,_binary '\0',NULL,NULL,'volume',_binary '\0',NULL,NULL,NULL,_binary '\0',NULL,NULL,NULL),(60,2,NULL,'MANNITOL INJ 25% 50ML (PF) VL 25CTN',NULL,NULL,NULL,_binary '\0',_binary '\0',NULL,_binary '',1,NULL,NULL,NULL,NULL,NULL,_binary '\0',NULL,NULL,'volume',_binary '\0',NULL,NULL,NULL,_binary '\0',NULL,NULL,NULL),(61,2,NULL,'METHYLPREDNSLN(SUC) INJ 125MG VL',NULL,NULL,NULL,_binary '\0',_binary '\0',NULL,_binary '',1,NULL,NULL,NULL,NULL,NULL,_binary '\0',NULL,NULL,'volume',_binary '\0',NULL,NULL,NULL,_binary '\0',NULL,NULL,NULL),(62,2,NULL,'METHYLPREDNSLN(SUC) INJ 1G VL',NULL,NULL,NULL,_binary '\0',_binary '\0',NULL,_binary '',1,NULL,NULL,NULL,NULL,NULL,_binary '\0',NULL,NULL,'volume',_binary '\0',NULL,NULL,NULL,_binary '\0',NULL,NULL,NULL),(63,2,NULL,'METOPROLOL INJ 5MG/5ML LL SYR',NULL,NULL,NULL,_binary '\0',_binary '\0',NULL,_binary '',1,NULL,NULL,NULL,NULL,NULL,_binary '\0',NULL,NULL,'volume',_binary '\0',NULL,NULL,NULL,_binary '\0',NULL,NULL,NULL),(64,2,NULL,'MIDAZOLAM INJ 1MG/ML10MLVL',NULL,NULL,NULL,_binary '',_binary '\0',NULL,_binary '',1,NULL,NULL,NULL,NULL,NULL,_binary '\0',NULL,NULL,'volume',_binary '\0',NULL,NULL,NULL,_binary '\0',NULL,NULL,NULL),(65,2,NULL,'MIDAZOLAM INJ 5MG/1ML (CHG ONLY)',NULL,NULL,NULL,_binary '',_binary '\0',NULL,_binary '',1,NULL,NULL,NULL,NULL,NULL,_binary '\0',NULL,NULL,'volume',_binary '\0',NULL,NULL,NULL,_binary '\0',NULL,NULL,NULL),(66,2,NULL,'MIDAZOLAM INJ 5MG/ML 10ML VL',NULL,NULL,NULL,_binary '',_binary '\0',NULL,_binary '',1,NULL,NULL,NULL,NULL,NULL,_binary '\0',NULL,NULL,'volume',_binary '\0',NULL,NULL,NULL,_binary '\0',NULL,NULL,NULL),(67,2,NULL,'MIDAZOLAM INJ 5MG/ML UD SYR',NULL,NULL,NULL,_binary '',_binary '\0',NULL,_binary '',1,NULL,NULL,NULL,NULL,NULL,_binary '\0',NULL,NULL,'volume',_binary '\0',NULL,NULL,NULL,_binary '\0',NULL,NULL,NULL),(68,2,NULL,'MIDAZOLAM ORAL SLN 5MG/2.5ML UD',NULL,NULL,NULL,_binary '\0',_binary '\0',NULL,_binary '',1,NULL,NULL,NULL,NULL,NULL,_binary '\0',NULL,NULL,'volume',_binary '\0',NULL,NULL,NULL,_binary '\0',NULL,NULL,NULL),(69,2,NULL,'MORPHine 2MG/ML 1ML LM01T HW10',NULL,NULL,NULL,_binary '\0',_binary '',NULL,_binary '',1,NULL,NULL,NULL,NULL,NULL,_binary '\0',NULL,NULL,'volume',_binary '\0',NULL,NULL,NULL,_binary '\0',NULL,NULL,NULL),(70,2,NULL,'MORPHine INJ 10MG/ML LL SYR',NULL,NULL,NULL,_binary '\0',_binary '',NULL,_binary '',1,NULL,NULL,NULL,NULL,NULL,_binary '\0',NULL,NULL,'volume',_binary '\0',NULL,NULL,NULL,_binary '\0',NULL,NULL,NULL),(71,2,NULL,'NALOXONE INJ 400MCG/ML 1 ML VL',NULL,NULL,NULL,_binary '\0',_binary '\0',NULL,_binary '',1,NULL,NULL,NULL,NULL,NULL,_binary '\0',NULL,NULL,'volume',_binary '\0',NULL,NULL,NULL,_binary '\0',NULL,NULL,NULL),(72,2,NULL,'NALOXONE INJ 400MCG/ML UD SYR',NULL,NULL,NULL,_binary '\0',_binary '\0',NULL,_binary '',1,NULL,NULL,NULL,NULL,NULL,_binary '\0',NULL,NULL,'volume',_binary '\0',NULL,NULL,NULL,_binary '\0',NULL,NULL,NULL),(73,2,NULL,'NITROGLYCERIN OINT2% 1G PKT UD',NULL,NULL,NULL,_binary '\0',_binary '\0',NULL,_binary '',1,NULL,NULL,NULL,NULL,NULL,_binary '\0',NULL,NULL,'volume',_binary '\0',NULL,NULL,NULL,_binary '\0',NULL,NULL,NULL),(74,2,NULL,'NITROGLYCERIN SL TB 400MCG 25BTL [MD]',NULL,NULL,NULL,_binary '\0',_binary '\0',NULL,_binary '',1,NULL,NULL,NULL,NULL,NULL,_binary '\0',NULL,NULL,'volume',_binary '\0',NULL,NULL,NULL,_binary '\0',NULL,NULL,NULL),(75,2,NULL,'NITROGLYCERIN SPRAY 400MCG/DOSE 4.9G [MD]',NULL,NULL,NULL,_binary '\0',_binary '\0',NULL,_binary '',1,NULL,NULL,NULL,NULL,NULL,_binary '\0',NULL,NULL,'volume',_binary '\0',NULL,NULL,NULL,_binary '\0',NULL,NULL,NULL),(76,2,NULL,'NITROGLYCERIN/D5W50MG/250ML 12CS',NULL,NULL,NULL,_binary '\0',_binary '\0',NULL,_binary '',1,NULL,NULL,NULL,NULL,NULL,_binary '\0',NULL,NULL,'volume',_binary '\0',NULL,NULL,NULL,_binary '\0',NULL,NULL,NULL),(77,2,NULL,'NITROPRUSSIDE SOD INJ 25MG/ML 2ML VL',NULL,NULL,NULL,_binary '',_binary '\0',NULL,_binary '',1,NULL,NULL,NULL,NULL,NULL,_binary '\0',NULL,NULL,'volume',_binary '\0',NULL,NULL,NULL,_binary '\0',NULL,NULL,NULL),(78,2,NULL,'NOREPINEPHRINE INJ 1MG/ML4ML VL',NULL,NULL,NULL,_binary '',_binary '\0',NULL,_binary '',1,NULL,NULL,NULL,NULL,NULL,_binary '\0',NULL,NULL,'volume',_binary '\0',NULL,NULL,NULL,_binary '\0',NULL,NULL,NULL),(79,2,NULL,'ONDANSETRON INJ 2MG/ML 2ML VL (SO)',NULL,NULL,NULL,_binary '\0',_binary '\0',NULL,_binary '',1,NULL,NULL,NULL,NULL,NULL,_binary '\0',NULL,NULL,'volume',_binary '\0',NULL,NULL,NULL,_binary '\0',NULL,NULL,NULL),(80,2,NULL,'ONDANSETRON INJ 4MG/2ML UD SYR 10BX',NULL,NULL,NULL,_binary '\0',_binary '\0',NULL,_binary '',1,NULL,NULL,NULL,NULL,NULL,_binary '\0',NULL,NULL,'volume',_binary '\0',NULL,NULL,NULL,_binary '\0',NULL,NULL,NULL),(81,2,NULL,'PHENOBARBITAL INJ 130MG/ML 1MLVL',NULL,NULL,NULL,_binary '\0',_binary '\0',NULL,_binary '',1,NULL,NULL,NULL,NULL,NULL,_binary '\0',NULL,NULL,'volume',_binary '\0',NULL,NULL,NULL,_binary '\0',NULL,NULL,NULL),(82,2,NULL,'phenylEPHRINE INJ 10MG/ML 1 ML VL',NULL,NULL,NULL,_binary '',_binary '',NULL,_binary '',1,NULL,NULL,NULL,NULL,NULL,_binary '\0',NULL,NULL,'volume',_binary '\0',NULL,NULL,NULL,_binary '\0',NULL,NULL,NULL),(83,2,NULL,'phenylEPHRINE OPH SLN 2.5% 5ML BTL [MD]',NULL,NULL,NULL,_binary '\0',_binary '',NULL,_binary '',1,NULL,NULL,NULL,NULL,NULL,_binary '\0',NULL,NULL,'volume',_binary '\0',NULL,NULL,NULL,_binary '\0',NULL,NULL,NULL),(84,2,NULL,'PHYSOSTIGMINE INJ 1MG/ML2MLAMP',NULL,NULL,NULL,_binary '\0',_binary '\0',NULL,_binary '',1,NULL,NULL,NULL,NULL,NULL,_binary '\0',NULL,NULL,'volume',_binary '\0',NULL,NULL,NULL,_binary '\0',NULL,NULL,NULL),(85,2,NULL,'PROPARACAINE OPH SLN 0.5% 15ML BTL [MD]',NULL,NULL,NULL,_binary '\0',_binary '\0',NULL,_binary '',1,NULL,NULL,NULL,NULL,NULL,_binary '\0',NULL,NULL,'volume',_binary '\0',NULL,NULL,NULL,_binary '\0',NULL,NULL,NULL),(86,2,NULL,'PROPOFOL 10MG/ML 20ML VL (DIPRIVAN)',NULL,NULL,NULL,_binary '',_binary '\0',NULL,_binary '',1,NULL,NULL,NULL,NULL,NULL,_binary '\0',NULL,NULL,'volume',_binary '\0',NULL,NULL,NULL,_binary '\0',NULL,NULL,NULL),(87,2,NULL,'PROPOFOL 10MG/ML 50ML VL (DIPRIVAN)',NULL,NULL,NULL,_binary '',_binary '\0',NULL,_binary '',1,NULL,NULL,NULL,NULL,NULL,_binary '\0',NULL,NULL,'volume',_binary '\0',NULL,NULL,NULL,_binary '\0',NULL,NULL,NULL),(88,2,NULL,'PROPOFOL 10MG/ML50MLVL(DIPRIVAN)',NULL,NULL,NULL,_binary '',_binary '\0',NULL,_binary '',1,NULL,NULL,NULL,NULL,NULL,_binary '\0',NULL,NULL,'volume',_binary '\0',NULL,NULL,NULL,_binary '\0',NULL,NULL,NULL),(89,2,NULL,'SODIUM BICARB INJ 8.4%(50MEQ)50ML UD SYR',NULL,NULL,NULL,_binary '\0',_binary '\0',NULL,_binary '',1,NULL,NULL,NULL,NULL,NULL,_binary '\0',NULL,NULL,'volume',_binary '\0',NULL,NULL,NULL,_binary '\0',NULL,NULL,NULL),(90,2,NULL,'SODIUM CL FLUSH INJ 0.9% 10ML UD',NULL,NULL,NULL,_binary '\0',_binary '\0',NULL,_binary '',1,NULL,NULL,NULL,NULL,NULL,_binary '\0',NULL,NULL,'volume',_binary '\0',NULL,NULL,NULL,_binary '\0',NULL,NULL,NULL),(91,2,NULL,'SODIUM CL INJ 0.9% BACTROSTAT 30ML VL',NULL,NULL,NULL,_binary '\0',_binary '\0',NULL,_binary '',1,NULL,NULL,NULL,NULL,NULL,_binary '\0',NULL,NULL,'volume',_binary '\0',NULL,NULL,NULL,_binary '\0',NULL,NULL,NULL),(92,2,NULL,'SODIUM CLSOLN 0.9% 1000ML',NULL,NULL,NULL,_binary '\0',_binary '\0',NULL,_binary '',1,NULL,NULL,NULL,NULL,NULL,_binary '\0',NULL,NULL,'volume',_binary '\0',NULL,NULL,NULL,_binary '\0',NULL,NULL,NULL),(93,2,NULL,'SUCCINYLCHOLINE INJ 20MG/ML 10ML VL',NULL,NULL,NULL,_binary '',_binary '\0',NULL,_binary '',1,NULL,NULL,NULL,NULL,NULL,_binary '\0',NULL,NULL,'volume',_binary '\0',NULL,NULL,NULL,_binary '\0',NULL,NULL,NULL),(94,2,NULL,'TERBUTALINE INJ 1MG/ML 1 ML VL',NULL,NULL,NULL,_binary '\0',_binary '\0',NULL,_binary '',1,NULL,NULL,NULL,NULL,NULL,_binary '\0',NULL,NULL,'volume',_binary '\0',NULL,NULL,NULL,_binary '\0',NULL,NULL,NULL),(95,2,NULL,'TETRACAINE OPH SLN 0.5% 2ML DRPR [MD]',NULL,NULL,NULL,_binary '\0',_binary '\0',NULL,_binary '',1,NULL,NULL,NULL,NULL,NULL,_binary '\0',NULL,NULL,'volume',_binary '\0',NULL,NULL,NULL,_binary '\0',NULL,NULL,NULL),(96,2,NULL,'TROPICAMIDE OPH SLN 1% 3ML BTL [MD]',NULL,NULL,NULL,_binary '\0',_binary '\0',NULL,_binary '',1,NULL,NULL,NULL,NULL,NULL,_binary '\0',NULL,NULL,'volume',_binary '\0',NULL,NULL,NULL,_binary '\0',NULL,NULL,NULL),(97,2,NULL,'VASOPRESSIN INJ 20UNIT/ML 1 ML VL',NULL,NULL,NULL,_binary '\0',_binary '\0',NULL,_binary '',1,NULL,NULL,NULL,NULL,NULL,_binary '\0',NULL,NULL,'volume',_binary '\0',NULL,NULL,NULL,_binary '\0',NULL,NULL,NULL),(98,2,NULL,'VECURONIUM INJ 10MG VL',NULL,NULL,NULL,_binary '',_binary '\0',NULL,_binary '',1,NULL,NULL,NULL,NULL,NULL,_binary '\0',NULL,NULL,'volume',_binary '\0',NULL,NULL,NULL,_binary '\0',NULL,NULL,NULL),(99,2,NULL,'WATER FOR INJ STERILE 10ML VL',NULL,NULL,NULL,_binary '\0',_binary '\0',NULL,_binary '',1,NULL,NULL,NULL,NULL,NULL,_binary '\0',NULL,NULL,'volume',_binary '\0',NULL,NULL,NULL,_binary '\0',NULL,NULL,NULL),(100,2,NULL,'WATER FOR INJ STERILE 20ML VL',NULL,NULL,NULL,_binary '\0',_binary '\0',NULL,_binary '',1,NULL,NULL,NULL,NULL,NULL,_binary '\0',NULL,NULL,'volume',_binary '\0',NULL,NULL,NULL,_binary '\0',NULL,NULL,NULL),(101,3,NULL,'ADENOSINE INJ 3MG/ML 2ML UD SYR',NULL,NULL,NULL,_binary '\0',_binary '\0',NULL,_binary '',1,NULL,NULL,NULL,NULL,NULL,_binary '\0',NULL,NULL,'volume',_binary '\0',NULL,NULL,NULL,_binary '\0',NULL,NULL,NULL),(102,3,NULL,'ALBUTEROL HFA MDI 90MCG/INH  8G',NULL,NULL,NULL,_binary '\0',_binary '\0',NULL,_binary '',1,NULL,NULL,NULL,NULL,NULL,_binary '\0',NULL,NULL,'volume',_binary '\0',NULL,NULL,NULL,_binary '\0',NULL,NULL,NULL),(103,3,NULL,'ALBUTEROL INH SLN 2.5MG/3ML UD NEB',NULL,NULL,NULL,_binary '\0',_binary '\0',NULL,_binary '',1,NULL,NULL,NULL,NULL,NULL,_binary '\0',NULL,NULL,'volume',_binary '\0',NULL,NULL,NULL,_binary '\0',NULL,NULL,NULL),(104,3,NULL,'ALPROSTADIL INJ 500MCG/1 ML VL',NULL,NULL,NULL,_binary '\0',_binary '\0',NULL,_binary '',1,NULL,NULL,NULL,NULL,NULL,_binary '\0',NULL,NULL,'volume',_binary '\0',NULL,NULL,NULL,_binary '\0',NULL,NULL,NULL),(105,3,NULL,'AMIODARONE INJ 150MG/3ML UD SYR',NULL,NULL,NULL,_binary '',_binary '\0',NULL,_binary '',1,NULL,NULL,NULL,NULL,NULL,_binary '\0',NULL,NULL,'volume',_binary '\0',NULL,NULL,NULL,_binary '\0',NULL,NULL,NULL),(106,3,NULL,'AMIODARONE INJ 50MG/ML 3ML VL',NULL,NULL,NULL,_binary '',_binary '\0',NULL,_binary '',1,NULL,NULL,NULL,NULL,NULL,_binary '\0',NULL,NULL,'volume',_binary '\0',NULL,NULL,NULL,_binary '\0',NULL,NULL,NULL),(107,3,NULL,'AMMONIA SPIRIT AROMATIC 0.33ML 10BX',NULL,NULL,NULL,_binary '\0',_binary '\0',NULL,_binary '',1,NULL,NULL,NULL,NULL,NULL,_binary '\0',NULL,NULL,'volume',_binary '\0',NULL,NULL,NULL,_binary '\0',NULL,NULL,NULL),(108,3,NULL,'ASPIRIN TB325MG 100UD',NULL,NULL,NULL,_binary '\0',_binary '\0',NULL,_binary '',1,NULL,NULL,NULL,NULL,NULL,_binary '\0',NULL,NULL,'volume',_binary '\0',NULL,NULL,NULL,_binary '\0',NULL,NULL,NULL),(109,3,NULL,'ATROPINE INJ 1MG/10ML UD SYR',NULL,NULL,NULL,_binary '\0',_binary '\0',NULL,_binary '',1,NULL,NULL,NULL,NULL,NULL,_binary '\0',NULL,NULL,'volume',_binary '\0',NULL,NULL,NULL,_binary '\0',NULL,NULL,NULL),(110,3,NULL,'ATROPINE INJ 400MCG/ML 1 ML VL',NULL,NULL,NULL,_binary '\0',_binary '\0',NULL,_binary '',1,NULL,NULL,NULL,NULL,NULL,_binary '\0',NULL,NULL,'volume',_binary '\0',NULL,NULL,NULL,_binary '\0',NULL,NULL,NULL),(111,3,NULL,'BENOXINATE/FLUORESCEIN OPH SLN 0.25%/0.4%',NULL,NULL,NULL,_binary '\0',_binary '\0',NULL,_binary '',1,NULL,NULL,NULL,NULL,NULL,_binary '\0',NULL,NULL,'volume',_binary '\0',NULL,NULL,NULL,_binary '\0',NULL,NULL,NULL),(112,3,NULL,'calcium CHLOride INJ 1G/10ML UD SYR',NULL,NULL,NULL,_binary '\0',_binary '\0',NULL,_binary '',1,NULL,NULL,NULL,NULL,NULL,_binary '\0',NULL,NULL,'volume',_binary '\0',NULL,NULL,NULL,_binary '\0',NULL,NULL,NULL),(113,3,NULL,'calcium GLUConate INJ 100MG/ML 10ML VL',NULL,NULL,NULL,_binary '\0',_binary '',NULL,_binary '',1,NULL,NULL,NULL,NULL,NULL,_binary '\0',NULL,NULL,'volume',_binary '\0',NULL,NULL,NULL,_binary '\0',NULL,NULL,NULL),(114,3,NULL,'CHLORAL HYDRATE SYRUP 500MG/5ML UD CUP',NULL,NULL,NULL,_binary '\0',_binary '\0',NULL,_binary '',1,NULL,NULL,NULL,NULL,NULL,_binary '\0',NULL,NULL,'volume',_binary '\0',NULL,NULL,NULL,_binary '\0',NULL,NULL,NULL),(115,3,NULL,'cloNIDINE TB 100MCG 100UD',NULL,NULL,NULL,_binary '\0',_binary '',NULL,_binary '',1,NULL,NULL,NULL,NULL,NULL,_binary '\0',NULL,NULL,'volume',_binary '\0',NULL,NULL,NULL,_binary '\0',NULL,NULL,NULL),(116,3,NULL,'CLOPIDOGRELTB300MG  100UD',NULL,NULL,NULL,_binary '\0',_binary '\0',NULL,_binary '',1,NULL,NULL,NULL,NULL,NULL,_binary '\0',NULL,NULL,'volume',_binary '\0',NULL,NULL,NULL,_binary '\0',NULL,NULL,NULL),(117,3,NULL,'DALTEPARIN INJ 10.000UNIT/1ML UD SYR',NULL,NULL,NULL,_binary '\0',_binary '\0',NULL,_binary '',1,NULL,NULL,NULL,NULL,NULL,_binary '\0',NULL,NULL,'volume',_binary '\0',NULL,NULL,NULL,_binary '\0',NULL,NULL,NULL),(118,3,NULL,'DEXTROSE INJ 50% 25G/50ML VL',NULL,NULL,NULL,_binary '\0',_binary '\0',NULL,_binary '',1,NULL,NULL,NULL,NULL,NULL,_binary '\0',NULL,NULL,'volume',_binary '\0',NULL,NULL,NULL,_binary '\0',NULL,NULL,NULL),(119,3,NULL,'DIAZEPAM INJ 10MG/2ML UD SYR',NULL,NULL,NULL,_binary '\0',_binary '\0',NULL,_binary '',1,NULL,NULL,NULL,NULL,NULL,_binary '\0',NULL,NULL,'volume',_binary '\0',NULL,NULL,NULL,_binary '\0',NULL,NULL,NULL),(120,3,NULL,'DILTIAZEM INJ 5MG/ML 10ML VL',NULL,NULL,NULL,_binary '\0',_binary '\0',NULL,_binary '',1,NULL,NULL,NULL,NULL,NULL,_binary '\0',NULL,NULL,'volume',_binary '\0',NULL,NULL,NULL,_binary '\0',NULL,NULL,NULL),(121,3,NULL,'DIPHENHYDRAMINE ELXR 12.5MG/5ML U-D',NULL,NULL,NULL,_binary '\0',_binary '\0',NULL,_binary '',1,NULL,NULL,NULL,NULL,NULL,_binary '\0',NULL,NULL,'volume',_binary '\0',NULL,NULL,NULL,_binary '\0',NULL,NULL,NULL),(122,3,NULL,'DIPHENHYDRAMINE HCL INJ 50MG/ML U-D SYR',NULL,NULL,NULL,_binary '\0',_binary '\0',NULL,_binary '',1,NULL,NULL,NULL,NULL,NULL,_binary '\0',NULL,NULL,'volume',_binary '\0',NULL,NULL,NULL,_binary '\0',NULL,NULL,NULL),(123,3,NULL,'diPHENHYDRamine INJ 50MG/ML 1 ML VL',NULL,NULL,NULL,_binary '\0',_binary '',NULL,_binary '',1,NULL,NULL,NULL,NULL,NULL,_binary '\0',NULL,NULL,'volume',_binary '\0',NULL,NULL,NULL,_binary '\0',NULL,NULL,NULL),(124,3,NULL,'diPHENHYDRamine INJ 50MG/ML UD SYR',NULL,NULL,NULL,_binary '\0',_binary '\0',NULL,_binary '',1,NULL,NULL,NULL,NULL,NULL,_binary '\0',NULL,NULL,'volume',_binary '\0',NULL,NULL,NULL,_binary '\0',NULL,NULL,NULL),(125,3,NULL,'diPHENHYDRamine SLN 25MG/10ML UD CUP',NULL,NULL,NULL,_binary '\0',_binary '',NULL,_binary '',1,NULL,NULL,NULL,NULL,NULL,_binary '\0',NULL,NULL,'volume',_binary '\0',NULL,NULL,NULL,_binary '\0',NULL,NULL,NULL),(126,3,NULL,'DOBUTamine INJ 12.5MG/ML 20ML VL',NULL,NULL,NULL,_binary '',_binary '',NULL,_binary '',1,NULL,NULL,NULL,NULL,NULL,_binary '\0',NULL,NULL,'volume',_binary '\0',NULL,NULL,NULL,_binary '\0',NULL,NULL,NULL),(127,3,NULL,'DOBUTamine/D5W INJ 1G/250ML BG',NULL,NULL,NULL,_binary '',_binary '',NULL,_binary '',1,NULL,NULL,NULL,NULL,NULL,_binary '\0',NULL,NULL,'volume',_binary '\0',NULL,NULL,NULL,_binary '\0',NULL,NULL,NULL),(128,3,NULL,'DOPamine INJ 80MG/ML 5ML VL',NULL,NULL,NULL,_binary '',_binary '',NULL,_binary '',1,NULL,NULL,NULL,NULL,NULL,_binary '\0',NULL,NULL,'volume',_binary '\0',NULL,NULL,NULL,_binary '\0',NULL,NULL,NULL),(129,3,NULL,'DOPamine/D5W INJ 800MG/250ML BG',NULL,NULL,NULL,_binary '',_binary '',NULL,_binary '',1,NULL,NULL,NULL,NULL,NULL,_binary '\0',NULL,NULL,'volume',_binary '\0',NULL,NULL,NULL,_binary '\0',NULL,NULL,NULL),(130,3,NULL,'epiNEPHrine AUTO-INJ 1:1000 0.3MG KIT (SO)',NULL,NULL,NULL,_binary '',_binary '',NULL,_binary '',1,NULL,NULL,NULL,NULL,NULL,_binary '\0',NULL,NULL,'volume',_binary '\0',NULL,NULL,NULL,_binary '\0',NULL,NULL,NULL),(131,3,NULL,'epiNEPHrine AUTO-INJ 1:2000 0.15MG PED (SO)',NULL,NULL,NULL,_binary '',_binary '',NULL,_binary '',1,NULL,NULL,NULL,NULL,NULL,_binary '\0',NULL,NULL,'volume',_binary '\0',NULL,NULL,NULL,_binary '\0',NULL,NULL,NULL),(132,3,NULL,'epiNEPHrine INJ 1:10000 10ML UD SYR',NULL,NULL,NULL,_binary '',_binary '',NULL,_binary '',1,NULL,NULL,NULL,NULL,NULL,_binary '\0',NULL,NULL,'volume',_binary '\0',NULL,NULL,NULL,_binary '\0',NULL,NULL,NULL),(133,3,NULL,'epiNEPHrine INJ 1MG/ML 1 ML AMP',NULL,NULL,NULL,_binary '',_binary '',NULL,_binary '',1,NULL,NULL,NULL,NULL,NULL,_binary '\0',NULL,NULL,'volume',_binary '\0',NULL,NULL,NULL,_binary '\0',NULL,NULL,NULL),(134,3,NULL,'epiNEPHrine INJ 1MG/ML 30ML VL',NULL,NULL,NULL,_binary '',_binary '',NULL,_binary '',1,NULL,NULL,NULL,NULL,NULL,_binary '\0',NULL,NULL,'volume',_binary '\0',NULL,NULL,NULL,_binary '\0',NULL,NULL,NULL),(135,3,NULL,'epiNEPHrine INJ 1MG/ML1MLAMP',NULL,NULL,NULL,_binary '',_binary '',NULL,_binary '',1,NULL,NULL,NULL,NULL,NULL,_binary '\0',NULL,NULL,'volume',_binary '\0',NULL,NULL,NULL,_binary '\0',NULL,NULL,NULL),(136,3,NULL,'epiNEPHrine RACEMIC INH 2.25% 0.5ML BTL',NULL,NULL,NULL,_binary '\0',_binary '',NULL,_binary '',1,NULL,NULL,NULL,NULL,NULL,_binary '\0',NULL,NULL,'volume',_binary '\0',NULL,NULL,NULL,_binary '\0',NULL,NULL,NULL),(137,3,NULL,'ESMOLOLINJ 10MG/ML 10ML VL',NULL,NULL,NULL,_binary '\0',_binary '\0',NULL,_binary '',1,NULL,NULL,NULL,NULL,NULL,_binary '\0',NULL,NULL,'volume',_binary '\0',NULL,NULL,NULL,_binary '\0',NULL,NULL,NULL),(138,3,NULL,'ETOMIDATE INJ 2MG/ML 10ML VL',NULL,NULL,NULL,_binary '\0',_binary '\0',NULL,_binary '',1,NULL,NULL,NULL,NULL,NULL,_binary '\0',NULL,NULL,'volume',_binary '\0',NULL,NULL,NULL,_binary '\0',NULL,NULL,NULL),(139,3,NULL,'FENTanyl INJ 50MCG/ML 2ML UD SYR',NULL,NULL,NULL,_binary '',_binary '',NULL,_binary '',1,NULL,NULL,NULL,NULL,NULL,_binary '\0',NULL,NULL,'volume',_binary '\0',NULL,NULL,NULL,_binary '\0',NULL,NULL,NULL),(140,3,NULL,'FENTanyl INJ 50MCG/ML 5ML VL',NULL,NULL,NULL,_binary '',_binary '',NULL,_binary '',1,NULL,NULL,NULL,NULL,NULL,_binary '\0',NULL,NULL,'volume',_binary '\0',NULL,NULL,NULL,_binary '\0',NULL,NULL,NULL),(141,3,NULL,'FLUMAZENIL INJ 100MCG/ML 5ML VL',NULL,NULL,NULL,_binary '\0',_binary '\0',NULL,_binary '',1,NULL,NULL,NULL,NULL,NULL,_binary '\0',NULL,NULL,'volume',_binary '\0',NULL,NULL,NULL,_binary '\0',NULL,NULL,NULL),(142,3,NULL,'FUROSEMIDE INJ 10MG/ML 2ML VL',NULL,NULL,NULL,_binary '\0',_binary '\0',NULL,_binary '',1,NULL,NULL,NULL,NULL,NULL,_binary '\0',NULL,NULL,'volume',_binary '\0',NULL,NULL,NULL,_binary '\0',NULL,NULL,NULL),(143,3,NULL,'GLUCAGON INJ 1MG VL',NULL,NULL,NULL,_binary '\0',_binary '\0',NULL,_binary '',1,NULL,NULL,NULL,NULL,NULL,_binary '\0',NULL,NULL,'volume',_binary '\0',NULL,NULL,NULL,_binary '\0',NULL,NULL,NULL),(144,3,NULL,'GLUCOSE GEL 15G3/CTN',NULL,NULL,NULL,_binary '\0',_binary '\0',NULL,_binary '',1,NULL,NULL,NULL,NULL,NULL,_binary '\0',NULL,NULL,'volume',_binary '\0',NULL,NULL,NULL,_binary '\0',NULL,NULL,NULL),(145,3,NULL,'hydrALAZINE INJ 20MG/ML 1ML VL',NULL,NULL,NULL,_binary '\0',_binary '',NULL,_binary '',1,NULL,NULL,NULL,NULL,NULL,_binary '\0',NULL,NULL,'volume',_binary '\0',NULL,NULL,NULL,_binary '\0',NULL,NULL,NULL),(146,3,NULL,'HYDROmorphone INJ 2MG/ML 1ML UD SYR 10BX',NULL,NULL,NULL,_binary '\0',_binary '\0',NULL,_binary '',1,NULL,NULL,NULL,NULL,NULL,_binary '\0',NULL,NULL,'volume',_binary '\0',NULL,NULL,NULL,_binary '\0',NULL,NULL,NULL),(147,3,NULL,'INSULIN REGULAR (HUMAN-NOVOLIN) 10ML VL [MD]',NULL,NULL,NULL,_binary '',_binary '\0',NULL,_binary '',1,NULL,NULL,NULL,NULL,NULL,_binary '\0',NULL,NULL,'volume',_binary '\0',NULL,NULL,NULL,_binary '\0',NULL,NULL,NULL),(148,3,NULL,'IPRATROPIUM INH SLN 500MCG/2.5ML UD (Robot)',NULL,NULL,NULL,_binary '\0',_binary '\0',NULL,_binary '',1,NULL,NULL,NULL,NULL,NULL,_binary '\0',NULL,NULL,'volume',_binary '\0',NULL,NULL,NULL,_binary '\0',NULL,NULL,NULL),(149,3,NULL,'ketAMINE INJ 100MG/ML 5ML VL',NULL,NULL,NULL,_binary '',_binary '',NULL,_binary '',1,NULL,NULL,NULL,NULL,NULL,_binary '\0',NULL,NULL,'volume',_binary '\0',NULL,NULL,NULL,_binary '\0',NULL,NULL,NULL),(150,3,NULL,'ketAMINE INJ 50MG/1ML SYR (CHG ONLY)',NULL,NULL,NULL,_binary '',_binary '',NULL,_binary '',1,NULL,NULL,NULL,NULL,NULL,_binary '\0',NULL,NULL,'volume',_binary '\0',NULL,NULL,NULL,_binary '\0',NULL,NULL,NULL),(151,3,NULL,'ketOROLAC INJ 30MG/1ML (CHG ONLY)',NULL,NULL,NULL,_binary '\0',_binary '',NULL,_binary '',1,NULL,NULL,NULL,NULL,NULL,_binary '\0',NULL,NULL,'volume',_binary '\0',NULL,NULL,NULL,_binary '\0',NULL,NULL,NULL),(152,3,NULL,'LABETALOL INJ 5MG/ML 20ML VL',NULL,NULL,NULL,_binary '\0',_binary '\0',NULL,_binary '',1,NULL,NULL,NULL,NULL,NULL,_binary '\0',NULL,NULL,'volume',_binary '\0',NULL,NULL,NULL,_binary '\0',NULL,NULL,NULL),(153,3,NULL,'LEVETIRACETAM INJ 500MG/5ML VL 10BX',NULL,NULL,NULL,_binary '\0',_binary '\0',NULL,_binary '',1,NULL,NULL,NULL,NULL,NULL,_binary '\0',NULL,NULL,'volume',_binary '\0',NULL,NULL,NULL,_binary '\0',NULL,NULL,NULL),(154,3,NULL,'LIDOCAINE INJ (1%) 10MG/ML 10ML VL',NULL,NULL,NULL,_binary '\0',_binary '\0',NULL,_binary '',1,NULL,NULL,NULL,NULL,NULL,_binary '\0',NULL,NULL,'volume',_binary '\0',NULL,NULL,NULL,_binary '\0',NULL,NULL,NULL),(155,3,NULL,'LIDOCAINE INJ 100MG/5ML UD SYR',NULL,NULL,NULL,_binary '\0',_binary '\0',NULL,_binary '',1,NULL,NULL,NULL,NULL,NULL,_binary '\0',NULL,NULL,'volume',_binary '\0',NULL,NULL,NULL,_binary '\0',NULL,NULL,NULL),(156,3,NULL,'LIDOCAINE/DEXTROSE BG 2G 500ML (CHG ONLY)',NULL,NULL,NULL,_binary '\0',_binary '\0',NULL,_binary '',1,NULL,NULL,NULL,NULL,NULL,_binary '\0',NULL,NULL,'volume',_binary '\0',NULL,NULL,NULL,_binary '\0',NULL,NULL,NULL),(157,3,NULL,'LORAZEPAM INJ 2MG/0.5ML (CHG ONLY)',NULL,NULL,NULL,_binary '\0',_binary '\0',NULL,_binary '',1,NULL,NULL,NULL,NULL,NULL,_binary '\0',NULL,NULL,'volume',_binary '\0',NULL,NULL,NULL,_binary '\0',NULL,NULL,NULL),(158,3,NULL,'LORAZEPAM INJ 2MG/ML 10ML VL',NULL,NULL,NULL,_binary '\0',_binary '\0',NULL,_binary '',1,NULL,NULL,NULL,NULL,NULL,_binary '\0',NULL,NULL,'volume',_binary '\0',NULL,NULL,NULL,_binary '\0',NULL,NULL,NULL),(159,3,NULL,'MAGNESIUM SULF INJ 500MG/ML 10ML VL',NULL,NULL,NULL,_binary '',_binary '\0',NULL,_binary '',1,NULL,NULL,NULL,NULL,NULL,_binary '\0',NULL,NULL,'volume',_binary '\0',NULL,NULL,NULL,_binary '\0',NULL,NULL,NULL),(160,3,NULL,'MANNITOL INJ 25% 50ML (PF) VL 25CTN',NULL,NULL,NULL,_binary '\0',_binary '\0',NULL,_binary '',1,NULL,NULL,NULL,NULL,NULL,_binary '\0',NULL,NULL,'volume',_binary '\0',NULL,NULL,NULL,_binary '\0',NULL,NULL,NULL),(161,3,NULL,'METHYLPREDNSLN(SUC) INJ 125MG VL',NULL,NULL,NULL,_binary '\0',_binary '\0',NULL,_binary '',1,NULL,NULL,NULL,NULL,NULL,_binary '\0',NULL,NULL,'volume',_binary '\0',NULL,NULL,NULL,_binary '\0',NULL,NULL,NULL),(162,3,NULL,'METHYLPREDNSLN(SUC) INJ 1G VL',NULL,NULL,NULL,_binary '\0',_binary '\0',NULL,_binary '',1,NULL,NULL,NULL,NULL,NULL,_binary '\0',NULL,NULL,'volume',_binary '\0',NULL,NULL,NULL,_binary '\0',NULL,NULL,NULL),(163,3,NULL,'METOPROLOL INJ 5MG/5ML LL SYR',NULL,NULL,NULL,_binary '\0',_binary '\0',NULL,_binary '',1,NULL,NULL,NULL,NULL,NULL,_binary '\0',NULL,NULL,'volume',_binary '\0',NULL,NULL,NULL,_binary '\0',NULL,NULL,NULL),(164,3,NULL,'MIDAZOLAM INJ 1MG/ML10MLVL',NULL,NULL,NULL,_binary '',_binary '\0',NULL,_binary '',1,NULL,NULL,NULL,NULL,NULL,_binary '\0',NULL,NULL,'volume',_binary '\0',NULL,NULL,NULL,_binary '\0',NULL,NULL,NULL),(165,3,NULL,'MIDAZOLAM INJ 5MG/1ML (CHG ONLY)',NULL,NULL,NULL,_binary '',_binary '\0',NULL,_binary '',1,NULL,NULL,NULL,NULL,NULL,_binary '\0',NULL,NULL,'volume',_binary '\0',NULL,NULL,NULL,_binary '\0',NULL,NULL,NULL),(166,3,NULL,'MIDAZOLAM INJ 5MG/ML 10ML VL',NULL,NULL,NULL,_binary '',_binary '\0',NULL,_binary '',1,NULL,NULL,NULL,NULL,NULL,_binary '\0',NULL,NULL,'volume',_binary '\0',NULL,NULL,NULL,_binary '\0',NULL,NULL,NULL),(167,3,NULL,'MIDAZOLAM INJ 5MG/ML UD SYR',NULL,NULL,NULL,_binary '',_binary '\0',NULL,_binary '',1,NULL,NULL,NULL,NULL,NULL,_binary '\0',NULL,NULL,'volume',_binary '\0',NULL,NULL,NULL,_binary '\0',NULL,NULL,NULL),(168,3,NULL,'MIDAZOLAM ORAL SLN 5MG/2.5ML UD',NULL,NULL,NULL,_binary '\0',_binary '\0',NULL,_binary '',1,NULL,NULL,NULL,NULL,NULL,_binary '\0',NULL,NULL,'volume',_binary '\0',NULL,NULL,NULL,_binary '\0',NULL,NULL,NULL),(169,3,NULL,'MORPHine 2MG/ML 1ML LM01T HW10',NULL,NULL,NULL,_binary '\0',_binary '',NULL,_binary '',1,NULL,NULL,NULL,NULL,NULL,_binary '\0',NULL,NULL,'volume',_binary '\0',NULL,NULL,NULL,_binary '\0',NULL,NULL,NULL),(170,3,NULL,'MORPHine INJ 10MG/ML LL SYR',NULL,NULL,NULL,_binary '\0',_binary '',NULL,_binary '',1,NULL,NULL,NULL,NULL,NULL,_binary '\0',NULL,NULL,'volume',_binary '\0',NULL,NULL,NULL,_binary '\0',NULL,NULL,NULL),(171,3,NULL,'NALOXONE INJ 400MCG/ML 1 ML VL',NULL,NULL,NULL,_binary '\0',_binary '\0',NULL,_binary '',1,NULL,NULL,NULL,NULL,NULL,_binary '\0',NULL,NULL,'volume',_binary '\0',NULL,NULL,NULL,_binary '\0',NULL,NULL,NULL),(172,3,NULL,'NALOXONE INJ 400MCG/ML UD SYR',NULL,NULL,NULL,_binary '\0',_binary '\0',NULL,_binary '',1,NULL,NULL,NULL,NULL,NULL,_binary '\0',NULL,NULL,'volume',_binary '\0',NULL,NULL,NULL,_binary '\0',NULL,NULL,NULL),(173,3,NULL,'NITROGLYCERIN OINT2% 1G PKT UD',NULL,NULL,NULL,_binary '\0',_binary '\0',NULL,_binary '',1,NULL,NULL,NULL,NULL,NULL,_binary '\0',NULL,NULL,'volume',_binary '\0',NULL,NULL,NULL,_binary '\0',NULL,NULL,NULL),(174,3,NULL,'NITROGLYCERIN SL TB 400MCG 25BTL [MD]',NULL,NULL,NULL,_binary '\0',_binary '\0',NULL,_binary '',1,NULL,NULL,NULL,NULL,NULL,_binary '\0',NULL,NULL,'volume',_binary '\0',NULL,NULL,NULL,_binary '\0',NULL,NULL,NULL),(175,3,NULL,'NITROGLYCERIN SPRAY 400MCG/DOSE 4.9G [MD]',NULL,NULL,NULL,_binary '\0',_binary '\0',NULL,_binary '',1,NULL,NULL,NULL,NULL,NULL,_binary '\0',NULL,NULL,'volume',_binary '\0',NULL,NULL,NULL,_binary '\0',NULL,NULL,NULL),(176,3,NULL,'NITROGLYCERIN/D5W50MG/250ML 12CS',NULL,NULL,NULL,_binary '\0',_binary '\0',NULL,_binary '',1,NULL,NULL,NULL,NULL,NULL,_binary '\0',NULL,NULL,'volume',_binary '\0',NULL,NULL,NULL,_binary '\0',NULL,NULL,NULL),(177,3,NULL,'NITROPRUSSIDE SOD INJ 25MG/ML 2ML VL',NULL,NULL,NULL,_binary '',_binary '\0',NULL,_binary '',1,NULL,NULL,NULL,NULL,NULL,_binary '\0',NULL,NULL,'volume',_binary '\0',NULL,NULL,NULL,_binary '\0',NULL,NULL,NULL),(178,3,NULL,'NOREPINEPHRINE INJ 1MG/ML4ML VL',NULL,NULL,NULL,_binary '',_binary '\0',NULL,_binary '',1,NULL,NULL,NULL,NULL,NULL,_binary '\0',NULL,NULL,'volume',_binary '\0',NULL,NULL,NULL,_binary '\0',NULL,NULL,NULL),(179,3,NULL,'ONDANSETRON INJ 2MG/ML 2ML VL (SO)',NULL,NULL,NULL,_binary '\0',_binary '\0',NULL,_binary '',1,NULL,NULL,NULL,NULL,NULL,_binary '\0',NULL,NULL,'volume',_binary '\0',NULL,NULL,NULL,_binary '\0',NULL,NULL,NULL),(180,3,NULL,'ONDANSETRON INJ 4MG/2ML UD SYR 10BX',NULL,NULL,NULL,_binary '\0',_binary '\0',NULL,_binary '',1,NULL,NULL,NULL,NULL,NULL,_binary '\0',NULL,NULL,'volume',_binary '\0',NULL,NULL,NULL,_binary '\0',NULL,NULL,NULL),(181,3,NULL,'PHENOBARBITAL INJ 130MG/ML 1MLVL',NULL,NULL,NULL,_binary '\0',_binary '\0',NULL,_binary '',1,NULL,NULL,NULL,NULL,NULL,_binary '\0',NULL,NULL,'volume',_binary '\0',NULL,NULL,NULL,_binary '\0',NULL,NULL,NULL),(182,3,NULL,'phenylEPHRINE INJ 10MG/ML 1 ML VL',NULL,NULL,NULL,_binary '',_binary '',NULL,_binary '',1,NULL,NULL,NULL,NULL,NULL,_binary '\0',NULL,NULL,'volume',_binary '\0',NULL,NULL,NULL,_binary '\0',NULL,NULL,NULL),(183,3,NULL,'phenylEPHRINE OPH SLN 2.5% 5ML BTL [MD]',NULL,NULL,NULL,_binary '\0',_binary '',NULL,_binary '',1,NULL,NULL,NULL,NULL,NULL,_binary '\0',NULL,NULL,'volume',_binary '\0',NULL,NULL,NULL,_binary '\0',NULL,NULL,NULL),(184,3,NULL,'PHYSOSTIGMINE INJ 1MG/ML2MLAMP',NULL,NULL,NULL,_binary '\0',_binary '\0',NULL,_binary '',1,NULL,NULL,NULL,NULL,NULL,_binary '\0',NULL,NULL,'volume',_binary '\0',NULL,NULL,NULL,_binary '\0',NULL,NULL,NULL),(185,3,NULL,'PROPARACAINE OPH SLN 0.5% 15ML BTL [MD]',NULL,NULL,NULL,_binary '\0',_binary '\0',NULL,_binary '',1,NULL,NULL,NULL,NULL,NULL,_binary '\0',NULL,NULL,'volume',_binary '\0',NULL,NULL,NULL,_binary '\0',NULL,NULL,NULL),(186,3,NULL,'PROPOFOL 10MG/ML 20ML VL (DIPRIVAN)',NULL,NULL,NULL,_binary '',_binary '\0',NULL,_binary '',1,NULL,NULL,NULL,NULL,NULL,_binary '\0',NULL,NULL,'volume',_binary '\0',NULL,NULL,NULL,_binary '\0',NULL,NULL,NULL),(187,3,NULL,'PROPOFOL 10MG/ML 50ML VL (DIPRIVAN)',NULL,NULL,NULL,_binary '',_binary '\0',NULL,_binary '',1,NULL,NULL,NULL,NULL,NULL,_binary '\0',NULL,NULL,'volume',_binary '\0',NULL,NULL,NULL,_binary '\0',NULL,NULL,NULL),(188,3,NULL,'PROPOFOL 10MG/ML50MLVL(DIPRIVAN)',NULL,NULL,NULL,_binary '',_binary '\0',NULL,_binary '',1,NULL,NULL,NULL,NULL,NULL,_binary '\0',NULL,NULL,'volume',_binary '\0',NULL,NULL,NULL,_binary '\0',NULL,NULL,NULL),(189,3,NULL,'SODIUM BICARB INJ 8.4%(50MEQ)50ML UD SYR',NULL,NULL,NULL,_binary '\0',_binary '\0',NULL,_binary '',1,NULL,NULL,NULL,NULL,NULL,_binary '\0',NULL,NULL,'volume',_binary '\0',NULL,NULL,NULL,_binary '\0',NULL,NULL,NULL),(190,3,NULL,'SODIUM CL FLUSH INJ 0.9% 10ML UD',NULL,NULL,NULL,_binary '\0',_binary '\0',NULL,_binary '',1,NULL,NULL,NULL,NULL,NULL,_binary '\0',NULL,NULL,'volume',_binary '\0',NULL,NULL,NULL,_binary '\0',NULL,NULL,NULL),(191,3,NULL,'SODIUM CL INJ 0.9% BACTROSTAT 30ML VL',NULL,NULL,NULL,_binary '\0',_binary '\0',NULL,_binary '',1,NULL,NULL,NULL,NULL,NULL,_binary '\0',NULL,NULL,'volume',_binary '\0',NULL,NULL,NULL,_binary '\0',NULL,NULL,NULL),(192,3,NULL,'SODIUM CLSOLN 0.9% 1000ML',NULL,NULL,NULL,_binary '\0',_binary '\0',NULL,_binary '',1,NULL,NULL,NULL,NULL,NULL,_binary '\0',NULL,NULL,'volume',_binary '\0',NULL,NULL,NULL,_binary '\0',NULL,NULL,NULL),(193,3,NULL,'SUCCINYLCHOLINE INJ 20MG/ML 10ML VL',NULL,NULL,NULL,_binary '',_binary '\0',NULL,_binary '',1,NULL,NULL,NULL,NULL,NULL,_binary '\0',NULL,NULL,'volume',_binary '\0',NULL,NULL,NULL,_binary '\0',NULL,NULL,NULL),(194,3,NULL,'TERBUTALINE INJ 1MG/ML 1 ML VL',NULL,NULL,NULL,_binary '\0',_binary '\0',NULL,_binary '',1,NULL,NULL,NULL,NULL,NULL,_binary '\0',NULL,NULL,'volume',_binary '\0',NULL,NULL,NULL,_binary '\0',NULL,NULL,NULL),(195,3,NULL,'TETRACAINE OPH SLN 0.5% 2ML DRPR [MD]',NULL,NULL,NULL,_binary '\0',_binary '\0',NULL,_binary '',1,NULL,NULL,NULL,NULL,NULL,_binary '\0',NULL,NULL,'volume',_binary '\0',NULL,NULL,NULL,_binary '\0',NULL,NULL,NULL),(196,3,NULL,'TROPICAMIDE OPH SLN 1% 3ML BTL [MD]',NULL,NULL,NULL,_binary '\0',_binary '\0',NULL,_binary '',1,NULL,NULL,NULL,NULL,NULL,_binary '\0',NULL,NULL,'volume',_binary '\0',NULL,NULL,NULL,_binary '\0',NULL,NULL,NULL),(197,3,NULL,'VASOPRESSIN INJ 20UNIT/ML 1 ML VL',NULL,NULL,NULL,_binary '\0',_binary '\0',NULL,_binary '',1,NULL,NULL,NULL,NULL,NULL,_binary '\0',NULL,NULL,'volume',_binary '\0',NULL,NULL,NULL,_binary '\0',NULL,NULL,NULL),(198,3,NULL,'VECURONIUM INJ 10MG VL',NULL,NULL,NULL,_binary '',_binary '\0',NULL,_binary '',1,NULL,NULL,NULL,NULL,NULL,_binary '\0',NULL,NULL,'volume',_binary '\0',NULL,NULL,NULL,_binary '\0',NULL,NULL,NULL),(199,3,NULL,'WATER FOR INJ STERILE 10ML VL',NULL,NULL,NULL,_binary '\0',_binary '\0',NULL,_binary '',1,NULL,NULL,NULL,NULL,NULL,_binary '\0',NULL,NULL,'volume',_binary '\0',NULL,NULL,NULL,_binary '\0',NULL,NULL,NULL),(200,3,NULL,'WATER FOR INJ STERILE 20ML VL',NULL,NULL,NULL,_binary '\0',_binary '\0',NULL,_binary '',1,NULL,NULL,NULL,NULL,NULL,_binary '\0',NULL,NULL,'volume',_binary '\0',NULL,NULL,NULL,_binary '\0',NULL,NULL,NULL),(202,2,NULL,'Another New Drug',NULL,NULL,'123456',_binary '',_binary '',NULL,_binary '',1,NULL,NULL,NULL,NULL,NULL,_binary '\0',NULL,NULL,'volume',_binary '\0',NULL,NULL,NULL,_binary '\0',NULL,NULL,NULL),(203,2,NULL,'AAA',NULL,NULL,'123456',_binary '\0',_binary '\0',NULL,_binary '',1,NULL,NULL,NULL,NULL,NULL,_binary '\0',NULL,NULL,'volume',_binary '\0',NULL,NULL,NULL,_binary '\0',NULL,NULL,NULL),(204,2,NULL,'Test Drug Chrome',NULL,NULL,'2134',_binary '',_binary '',NULL,_binary '',1,NULL,NULL,NULL,NULL,NULL,_binary '\0',NULL,NULL,'volume',_binary '\0',NULL,NULL,NULL,_binary '\0',NULL,NULL,NULL),(205,2,NULL,'Test Drug Chrome',NULL,NULL,'21312',_binary '\0',_binary '',NULL,_binary '',1,NULL,NULL,NULL,NULL,NULL,_binary '\0',NULL,NULL,'volume',_binary '\0',NULL,NULL,NULL,_binary '\0',NULL,NULL,NULL);
/*!40000 ALTER TABLE `item_dictionary` ENABLE KEYS */;
UNLOCK TABLES;
ALTER DATABASE `pharmacy_keeper` CHARACTER SET latin1 COLLATE latin1_general_ci ;
/*!50003 SET @saved_cs_client      = @@character_set_client */ ;
/*!50003 SET @saved_cs_results     = @@character_set_results */ ;
/*!50003 SET @saved_col_connection = @@collation_connection */ ;
/*!50003 SET character_set_client  = latin1 */ ;
/*!50003 SET character_set_results = latin1 */ ;
/*!50003 SET collation_connection  = latin1_general_ci */ ;
/*!50003 SET @saved_sql_mode       = @@sql_mode */ ;
/*!50003 SET sql_mode              = 'ONLY_FULL_GROUP_BY,STRICT_TRANS_TABLES,NO_ZERO_IN_DATE,NO_ZERO_DATE,ERROR_FOR_DIVISION_BY_ZERO,NO_ENGINE_SUBSTITUTION' */ ;
DELIMITER ;;
/*!50003 CREATE*/ /*!50017 DEFINER=`root`@`localhost`*/ /*!50003 TRIGGER item_dictionary_deletion
            AFTER DELETE ON item_dictionary FOR EACH ROW
            BEGIN
            INSERT INTO deletion_trail (primary_record_id, secondary_record_id, table_name, account_id,  primary_id_name, secondary_id_name, deletion_time)
            VALUES (OLD.id, NULL, "item_dictionary", OLD.account_id, "id", NULL, NOW());
            END */;;
DELIMITER ;
/*!50003 SET sql_mode              = @saved_sql_mode */ ;
/*!50003 SET character_set_client  = @saved_cs_client */ ;
/*!50003 SET character_set_results = @saved_cs_results */ ;
/*!50003 SET collation_connection  = @saved_col_connection */ ;
ALTER DATABASE `pharmacy_keeper` CHARACTER SET latin1 COLLATE latin1_swedish_ci ;

--
-- Table structure for table `item_dictionary_alternate`
--

DROP TABLE IF EXISTS `item_dictionary_alternate`;
/*!40101 SET @saved_cs_client     = @@character_set_client */;
/*!40101 SET character_set_client = utf8 */;
CREATE TABLE `item_dictionary_alternate` (
  `id` int(10) unsigned NOT NULL AUTO_INCREMENT,
  `item_dictionary_id` int(10) unsigned NOT NULL,
  `alternate_item_dictionary_id` int(10) unsigned NOT NULL,
  `alternate_type` varchar(20) NOT NULL DEFAULT 'both',
  PRIMARY KEY (`id`),
  KEY `idx_item_dictionary_id_alternate_item_dictionary_id` (`item_dictionary_id`,`alternate_item_dictionary_id`),
  KEY `idx_alternate_type` (`alternate_type`)
) ENGINE=InnoDB DEFAULT CHARSET=latin1;
/*!40101 SET character_set_client = @saved_cs_client */;

--
-- Dumping data for table `item_dictionary_alternate`
--

LOCK TABLES `item_dictionary_alternate` WRITE;
/*!40000 ALTER TABLE `item_dictionary_alternate` DISABLE KEYS */;
/*!40000 ALTER TABLE `item_dictionary_alternate` ENABLE KEYS */;
UNLOCK TABLES;
ALTER DATABASE `pharmacy_keeper` CHARACTER SET latin1 COLLATE latin1_general_ci ;
/*!50003 SET @saved_cs_client      = @@character_set_client */ ;
/*!50003 SET @saved_cs_results     = @@character_set_results */ ;
/*!50003 SET @saved_col_connection = @@collation_connection */ ;
/*!50003 SET character_set_client  = latin1 */ ;
/*!50003 SET character_set_results = latin1 */ ;
/*!50003 SET collation_connection  = latin1_general_ci */ ;
/*!50003 SET @saved_sql_mode       = @@sql_mode */ ;
/*!50003 SET sql_mode              = 'ONLY_FULL_GROUP_BY,STRICT_TRANS_TABLES,NO_ZERO_IN_DATE,NO_ZERO_DATE,ERROR_FOR_DIVISION_BY_ZERO,NO_ENGINE_SUBSTITUTION' */ ;
DELIMITER ;;
/*!50003 CREATE*/ /*!50017 DEFINER=`root`@`localhost`*/ /*!50003 TRIGGER item_dictionary_alternate_deletion
            BEFORE DELETE ON item_dictionary_alternate FOR EACH ROW
            BEGIN
            INSERT INTO deletion_trail (primary_record_id, secondary_record_id, table_name, account_id,  primary_id_name, secondary_id_name, deletion_time)
            select item_dictionary_id, alternate_item_dictionary_id, "item_dictionary_alternate", id.account_id, "item_dictionary_id", "alternate_item_dictionary_id", NOW()
            from item_dictionary_alternate ida,
            item_dictionary id
            where ida.item_dictionary_id = OLD.item_dictionary_id
            and ida.alternate_item_dictionary_id = OLD.alternate_item_dictionary_id
            and ida.item_dictionary_id = id.id;
            END */;;
DELIMITER ;
/*!50003 SET sql_mode              = @saved_sql_mode */ ;
/*!50003 SET character_set_client  = @saved_cs_client */ ;
/*!50003 SET character_set_results = @saved_cs_results */ ;
/*!50003 SET collation_connection  = @saved_col_connection */ ;
ALTER DATABASE `pharmacy_keeper` CHARACTER SET latin1 COLLATE latin1_swedish_ci ;

--
-- Table structure for table `item_dictionary_identifier`
--

DROP TABLE IF EXISTS `item_dictionary_identifier`;
/*!40101 SET @saved_cs_client     = @@character_set_client */;
/*!40101 SET character_set_client = utf8 */;
CREATE TABLE `item_dictionary_identifier` (
  `id` int(10) unsigned NOT NULL AUTO_INCREMENT,
  `item_dictionary_id` int(10) unsigned DEFAULT NULL,
  `identifier` varchar(255) NOT NULL,
  `created_by` int(10) unsigned DEFAULT NULL,
  `created_time` datetime DEFAULT NULL,
  PRIMARY KEY (`id`),
  KEY `item_dictionary_id_idx` (`item_dictionary_id`),
  KEY `identifier_idx` (`identifier`)
) ENGINE=InnoDB DEFAULT CHARSET=latin1;
/*!40101 SET character_set_client = @saved_cs_client */;

--
-- Dumping data for table `item_dictionary_identifier`
--

LOCK TABLES `item_dictionary_identifier` WRITE;
/*!40000 ALTER TABLE `item_dictionary_identifier` DISABLE KEYS */;
/*!40000 ALTER TABLE `item_dictionary_identifier` ENABLE KEYS */;
UNLOCK TABLES;
ALTER DATABASE `pharmacy_keeper` CHARACTER SET latin1 COLLATE latin1_general_ci ;
/*!50003 SET @saved_cs_client      = @@character_set_client */ ;
/*!50003 SET @saved_cs_results     = @@character_set_results */ ;
/*!50003 SET @saved_col_connection = @@collation_connection */ ;
/*!50003 SET character_set_client  = latin1 */ ;
/*!50003 SET character_set_results = latin1 */ ;
/*!50003 SET collation_connection  = latin1_general_ci */ ;
/*!50003 SET @saved_sql_mode       = @@sql_mode */ ;
/*!50003 SET sql_mode              = 'ONLY_FULL_GROUP_BY,STRICT_TRANS_TABLES,NO_ZERO_IN_DATE,NO_ZERO_DATE,ERROR_FOR_DIVISION_BY_ZERO,NO_ENGINE_SUBSTITUTION' */ ;
DELIMITER ;;
/*!50003 CREATE*/ /*!50017 DEFINER=`root`@`localhost`*/ /*!50003 TRIGGER item_dictionary_identifier_deletion
            BEFORE DELETE ON item_dictionary_identifier FOR EACH ROW
            BEGIN
            INSERT INTO deletion_trail (primary_record_id, secondary_record_id, table_name, account_id,  primary_id_name, secondary_id_name, deletion_time)
            select idi.id, NULL, "item_dictionary_identifier", id.account_id, "id", NULL, NOW()
            from item_dictionary_identifier idi,
            item_dictionary id
            where idi.id = OLD.id
            and idi.item_dictionary_id = id.id;
            END */;;
DELIMITER ;
/*!50003 SET sql_mode              = @saved_sql_mode */ ;
/*!50003 SET character_set_client  = @saved_cs_client */ ;
/*!50003 SET character_set_results = @saved_cs_results */ ;
/*!50003 SET collation_connection  = @saved_col_connection */ ;
ALTER DATABASE `pharmacy_keeper` CHARACTER SET latin1 COLLATE latin1_swedish_ci ;

--
-- Table structure for table `item_dictionary_override`
--

DROP TABLE IF EXISTS `item_dictionary_override`;
/*!40101 SET @saved_cs_client     = @@character_set_client */;
/*!40101 SET character_set_client = utf8 */;
CREATE TABLE `item_dictionary_override` (
  `id` int(10) unsigned NOT NULL AUTO_INCREMENT,
  `item_dictionary_id` int(10) unsigned NOT NULL,
  `mnemonic` varchar(256) NOT NULL,
  `created_by` int(10) unsigned DEFAULT NULL,
  `created_time` datetime DEFAULT NULL,
  `last_updated_by` int(10) unsigned DEFAULT NULL,
  `last_updated_time` datetime DEFAULT NULL,
  `active_fl` bit(1) NOT NULL DEFAULT b'1',
  PRIMARY KEY (`id`),
  KEY `idx_item_dictionary_override` (`mnemonic`,`active_fl`)
) ENGINE=InnoDB DEFAULT CHARSET=latin1;
/*!40101 SET character_set_client = @saved_cs_client */;

--
-- Dumping data for table `item_dictionary_override`
--

LOCK TABLES `item_dictionary_override` WRITE;
/*!40000 ALTER TABLE `item_dictionary_override` DISABLE KEYS */;
/*!40000 ALTER TABLE `item_dictionary_override` ENABLE KEYS */;
UNLOCK TABLES;
ALTER DATABASE `pharmacy_keeper` CHARACTER SET latin1 COLLATE latin1_general_ci ;
/*!50003 SET @saved_cs_client      = @@character_set_client */ ;
/*!50003 SET @saved_cs_results     = @@character_set_results */ ;
/*!50003 SET @saved_col_connection = @@collation_connection */ ;
/*!50003 SET character_set_client  = latin1 */ ;
/*!50003 SET character_set_results = latin1 */ ;
/*!50003 SET collation_connection  = latin1_general_ci */ ;
/*!50003 SET @saved_sql_mode       = @@sql_mode */ ;
/*!50003 SET sql_mode              = 'ONLY_FULL_GROUP_BY,STRICT_TRANS_TABLES,NO_ZERO_IN_DATE,NO_ZERO_DATE,ERROR_FOR_DIVISION_BY_ZERO,NO_ENGINE_SUBSTITUTION' */ ;
DELIMITER ;;
/*!50003 CREATE*/ /*!50017 DEFINER=`root`@`localhost`*/ /*!50003 TRIGGER item_dictionary_override_deletion
            BEFORE DELETE ON item_dictionary_override FOR EACH ROW
            BEGIN
            INSERT INTO deletion_trail (primary_record_id, secondary_record_id, table_name, account_id,  primary_id_name, secondary_id_name, deletion_time)
            select ido.id, NULL, "item_dictionary_override", id.account_id, "id", NULL, NOW()
            from item_dictionary_override ido,
            item_dictionary id
            where ido.id = OLD.id
            and ido.item_dictionary_id = id.id;
            END */;;
DELIMITER ;
/*!50003 SET sql_mode              = @saved_sql_mode */ ;
/*!50003 SET character_set_client  = @saved_cs_client */ ;
/*!50003 SET character_set_results = @saved_cs_results */ ;
/*!50003 SET collation_connection  = @saved_col_connection */ ;
ALTER DATABASE `pharmacy_keeper` CHARACTER SET latin1 COLLATE latin1_swedish_ci ;

--
-- Table structure for table `item_dictionary_override_ndc`
--

DROP TABLE IF EXISTS `item_dictionary_override_ndc`;
/*!40101 SET @saved_cs_client     = @@character_set_client */;
/*!40101 SET character_set_client = utf8 */;
CREATE TABLE `item_dictionary_override_ndc` (
  `id` int(10) unsigned NOT NULL AUTO_INCREMENT,
  `item_dictionary_override_id` int(10) unsigned NOT NULL,
  `ndc` varchar(20) NOT NULL,
  `created_by` int(10) unsigned DEFAULT NULL,
  `created_time` datetime DEFAULT NULL,
  `last_updated_by` int(10) unsigned DEFAULT NULL,
  `last_updated_time` datetime DEFAULT NULL,
  `preservative_free` varchar(10) DEFAULT NULL,
  `package_descriptor` varchar(255) DEFAULT NULL,
  `gsdd_item_ndc_id` int(10) unsigned NOT NULL,
  PRIMARY KEY (`id`),
  KEY `idx_item_dictionary_override_id` (`item_dictionary_override_id`)
) ENGINE=InnoDB DEFAULT CHARSET=latin1;
/*!40101 SET character_set_client = @saved_cs_client */;

--
-- Dumping data for table `item_dictionary_override_ndc`
--

LOCK TABLES `item_dictionary_override_ndc` WRITE;
/*!40000 ALTER TABLE `item_dictionary_override_ndc` DISABLE KEYS */;
/*!40000 ALTER TABLE `item_dictionary_override_ndc` ENABLE KEYS */;
UNLOCK TABLES;
ALTER DATABASE `pharmacy_keeper` CHARACTER SET latin1 COLLATE latin1_general_ci ;
/*!50003 SET @saved_cs_client      = @@character_set_client */ ;
/*!50003 SET @saved_cs_results     = @@character_set_results */ ;
/*!50003 SET @saved_col_connection = @@collation_connection */ ;
/*!50003 SET character_set_client  = latin1 */ ;
/*!50003 SET character_set_results = latin1 */ ;
/*!50003 SET collation_connection  = latin1_general_ci */ ;
/*!50003 SET @saved_sql_mode       = @@sql_mode */ ;
/*!50003 SET sql_mode              = 'ONLY_FULL_GROUP_BY,STRICT_TRANS_TABLES,NO_ZERO_IN_DATE,NO_ZERO_DATE,ERROR_FOR_DIVISION_BY_ZERO,NO_ENGINE_SUBSTITUTION' */ ;
DELIMITER ;;
/*!50003 CREATE*/ /*!50017 DEFINER=`root`@`localhost`*/ /*!50003 TRIGGER item_dictionary_override_ndc_deletion
            BEFORE DELETE ON item_dictionary_override_ndc FOR EACH ROW
            BEGIN
            INSERT INTO deletion_trail (primary_record_id, secondary_record_id, table_name, account_id,  primary_id_name, secondary_id_name, deletion_time)
            select idon.id, NULL, "item_dictionary_override_ndc", id.account_id, "id", NULL, NOW()
            from item_dictionary_override_ndc idon,
            item_dictionary_override ido,
            item_dictionary id
            where idon.id = OLD.id
            and idon.item_dictionary_override_id = ido.id
            and ido.item_dictionary_id = id.id;
            END */;;
DELIMITER ;
/*!50003 SET sql_mode              = @saved_sql_mode */ ;
/*!50003 SET character_set_client  = @saved_cs_client */ ;
/*!50003 SET character_set_results = @saved_cs_results */ ;
/*!50003 SET collation_connection  = @saved_col_connection */ ;
ALTER DATABASE `pharmacy_keeper` CHARACTER SET latin1 COLLATE latin1_swedish_ci ;

--
-- Table structure for table `item_dictionary_serializations`
--

DROP TABLE IF EXISTS `item_dictionary_serializations`;
/*!40101 SET @saved_cs_client     = @@character_set_client */;
/*!40101 SET character_set_client = utf8 */;
CREATE TABLE `item_dictionary_serializations` (
  `id` int(10) unsigned NOT NULL AUTO_INCREMENT,
  `item_dictionary_id` int(10) unsigned DEFAULT NULL,
  `serialized_identifier` varchar(128) NOT NULL,
  `billing_data` varchar(50) DEFAULT NULL,
  `last_updated_by` int(10) unsigned DEFAULT NULL,
  `last_updated_time` datetime DEFAULT NULL,
  `created_by` int(10) unsigned DEFAULT NULL,
  `created_time` datetime DEFAULT NULL,
  `partial_ndc_match_fl` bit(1) NOT NULL DEFAULT b'0',
  `partial_ndc_match_value` varchar(32) DEFAULT NULL,
  `amount` varchar(64) DEFAULT NULL,
  `amount_unit` varchar(64) DEFAULT NULL,
  PRIMARY KEY (`id`),
  KEY `fk_item_dictionary_serialization_lastUpdatedby` (`last_updated_by`),
  KEY `fk_item_dictionary_serialization_createdby` (`created_by`),
  KEY `idx_item_dictionary_id` (`item_dictionary_id`),
  KEY `idx_serialized_identifier` (`serialized_identifier`),
  CONSTRAINT `fk_item_dictionary_serialization_createdby` FOREIGN KEY (`created_by`) REFERENCES `users` (`id`),
  CONSTRAINT `fk_item_dictionary_serialization_lastUpdatedby` FOREIGN KEY (`last_updated_by`) REFERENCES `users` (`id`)
) ENGINE=InnoDB AUTO_INCREMENT=8 DEFAULT CHARSET=latin1;
/*!40101 SET character_set_client = @saved_cs_client */;

--
-- Dumping data for table `item_dictionary_serializations`
--

LOCK TABLES `item_dictionary_serializations` WRITE;
/*!40000 ALTER TABLE `item_dictionary_serializations` DISABLE KEYS */;
INSERT INTO `item_dictionary_serializations` VALUES (1,1,'111111',NULL,NULL,NULL,NULL,NULL,_binary '\0',NULL,NULL,NULL),(2,1,'222222',NULL,NULL,NULL,NULL,NULL,_binary '\0',NULL,NULL,NULL),(4,1,'333333',NULL,NULL,NULL,NULL,NULL,_binary '\0',NULL,NULL,NULL),(5,2,'444444',NULL,NULL,NULL,NULL,NULL,_binary '\0',NULL,NULL,NULL),(6,2,'555555',NULL,NULL,NULL,NULL,NULL,_binary '\0',NULL,NULL,NULL),(7,2,'666666',NULL,NULL,NULL,NULL,NULL,_binary '\0',NULL,NULL,NULL);
/*!40000 ALTER TABLE `item_dictionary_serializations` ENABLE KEYS */;
UNLOCK TABLES;
ALTER DATABASE `pharmacy_keeper` CHARACTER SET latin1 COLLATE latin1_general_ci ;
/*!50003 SET @saved_cs_client      = @@character_set_client */ ;
/*!50003 SET @saved_cs_results     = @@character_set_results */ ;
/*!50003 SET @saved_col_connection = @@collation_connection */ ;
/*!50003 SET character_set_client  = latin1 */ ;
/*!50003 SET character_set_results = latin1 */ ;
/*!50003 SET collation_connection  = latin1_general_ci */ ;
/*!50003 SET @saved_sql_mode       = @@sql_mode */ ;
/*!50003 SET sql_mode              = 'ONLY_FULL_GROUP_BY,STRICT_TRANS_TABLES,NO_ZERO_IN_DATE,NO_ZERO_DATE,ERROR_FOR_DIVISION_BY_ZERO,NO_ENGINE_SUBSTITUTION' */ ;
DELIMITER ;;
/*!50003 CREATE*/ /*!50017 DEFINER=`root`@`localhost`*/ /*!50003 TRIGGER item_dictionary_serializations_deletion
            BEFORE DELETE ON item_dictionary_serializations FOR EACH ROW
            BEGIN
            INSERT INTO deletion_trail (primary_record_id, secondary_record_id, table_name, account_id,  primary_id_name, secondary_id_name, deletion_time)
            select ids.id, NULL, "item_dictionary_serializations", id.account_id, "id", NULL, NOW()
            from item_dictionary_serializations ids,
            item_dictionary id
            where ids.id = OLD.id
            and ids.item_dictionary_id = id.id;
            END */;;
DELIMITER ;
/*!50003 SET sql_mode              = @saved_sql_mode */ ;
/*!50003 SET character_set_client  = @saved_cs_client */ ;
/*!50003 SET character_set_results = @saved_cs_results */ ;
/*!50003 SET collation_connection  = @saved_col_connection */ ;
ALTER DATABASE `pharmacy_keeper` CHARACTER SET latin1 COLLATE latin1_swedish_ci ;

--
-- Table structure for table `items`
--

DROP TABLE IF EXISTS `items`;
/*!40101 SET @saved_cs_client     = @@character_set_client */;
/*!40101 SET character_set_client = utf8 */;
CREATE TABLE `items` (
  `id` int(10) unsigned NOT NULL AUTO_INCREMENT,
  `account_id` int(10) unsigned NOT NULL,
  `status_id` int(10) unsigned DEFAULT '1',
  `tray_template_item_id` int(10) unsigned DEFAULT NULL,
  `tray_id` int(10) unsigned DEFAULT NULL,
  `serialization` varchar(128) DEFAULT NULL,
  `lot` varchar(45) DEFAULT NULL,
  `expire` datetime DEFAULT NULL,
  `quantity` double DEFAULT NULL,
  `in_template_fl` bit(1) DEFAULT b'1',
  `on_tray_fl` bit(1) DEFAULT b'1',
  `name` varchar(1500) DEFAULT NULL,
  `errors` varchar(4000) DEFAULT NULL,
  `no_fields_required_fl` bit(1) DEFAULT b'0',
  `no_fields_required_fill_fl` bit(1) DEFAULT b'0',
  `last_updated_by` int(10) unsigned DEFAULT NULL,
  `last_updated_time` datetime DEFAULT NULL,
  `created_by` int(10) unsigned DEFAULT NULL,
  `created_time` datetime DEFAULT NULL,
  `uuid` varchar(36) DEFAULT NULL,
  `item_dictionary_id` int(10) unsigned NOT NULL,
  `slot_number` varchar(255) DEFAULT NULL,
  `removed` bit(1) NOT NULL DEFAULT b'0',
  `enforced_item_error` bit(1) NOT NULL DEFAULT b'0',
  `current_count_cycle` bit(1) NOT NULL DEFAULT b'0',
  `scanned` bit(1) NOT NULL DEFAULT b'0',
  PRIMARY KEY (`id`),
  KEY `idx_items_tray_id` (`tray_id`),
  KEY `idx_items_tray_template_item_id` (`tray_template_item_id`),
  KEY `fk_item_lastUpdatedby` (`last_updated_by`),
  KEY `fk_item_createdby` (`created_by`),
  CONSTRAINT `fk_item_createdby` FOREIGN KEY (`created_by`) REFERENCES `users` (`id`),
  CONSTRAINT `fk_item_lastUpdatedby` FOREIGN KEY (`last_updated_by`) REFERENCES `users` (`id`)
) ENGINE=InnoDB DEFAULT CHARSET=latin1;
/*!40101 SET character_set_client = @saved_cs_client */;

--
-- Dumping data for table `items`
--

LOCK TABLES `items` WRITE;
/*!40000 ALTER TABLE `items` DISABLE KEYS */;
/*!40000 ALTER TABLE `items` ENABLE KEYS */;
UNLOCK TABLES;
ALTER DATABASE `pharmacy_keeper` CHARACTER SET latin1 COLLATE latin1_general_ci ;
/*!50003 SET @saved_cs_client      = @@character_set_client */ ;
/*!50003 SET @saved_cs_results     = @@character_set_results */ ;
/*!50003 SET @saved_col_connection = @@collation_connection */ ;
/*!50003 SET character_set_client  = latin1 */ ;
/*!50003 SET character_set_results = latin1 */ ;
/*!50003 SET collation_connection  = latin1_general_ci */ ;
/*!50003 SET @saved_sql_mode       = @@sql_mode */ ;
/*!50003 SET sql_mode              = 'ONLY_FULL_GROUP_BY,STRICT_TRANS_TABLES,NO_ZERO_IN_DATE,NO_ZERO_DATE,ERROR_FOR_DIVISION_BY_ZERO,NO_ENGINE_SUBSTITUTION' */ ;
DELIMITER ;;
/*!50003 CREATE*/ /*!50017 DEFINER=`root`@`localhost`*/ /*!50003 TRIGGER items_deletion
            AFTER DELETE ON items FOR EACH ROW
            BEGIN
            INSERT INTO deletion_trail (primary_record_id, secondary_record_id, table_name, account_id,  primary_id_name, secondary_id_name, deletion_time)
            VALUES (OLD.id, NULL, "items", OLD.account_id, "id", NULL, NOW());
            END */;;
DELIMITER ;
/*!50003 SET sql_mode              = @saved_sql_mode */ ;
/*!50003 SET character_set_client  = @saved_cs_client */ ;
/*!50003 SET character_set_results = @saved_cs_results */ ;
/*!50003 SET collation_connection  = @saved_col_connection */ ;
ALTER DATABASE `pharmacy_keeper` CHARACTER SET latin1 COLLATE latin1_swedish_ci ;

--
-- Table structure for table `label_configuration`
--

DROP TABLE IF EXISTS `label_configuration`;
/*!40101 SET @saved_cs_client     = @@character_set_client */;
/*!40101 SET character_set_client = utf8 */;
CREATE TABLE `label_configuration` (
  `id` int(10) unsigned NOT NULL AUTO_INCREMENT,
  `account_id` int(10) unsigned DEFAULT NULL,
  `name` varchar(100) NOT NULL,
  `label_width` float DEFAULT NULL,
  `label_height` float DEFAULT NULL,
  `margin_top` float DEFAULT NULL,
  `margin_bottom` float DEFAULT NULL,
  `margin_left` float DEFAULT NULL,
  `margin_right` float DEFAULT NULL,
  `unit_of_measure` varchar(50) DEFAULT NULL,
  `font` int(11) DEFAULT NULL,
  `font_size` int(11) DEFAULT NULL,
  `font_style` int(11) DEFAULT NULL,
  `selected_label_content_items` varchar(2550) DEFAULT NULL,
  `default_compound_label` bit(1) DEFAULT NULL,
  `system` bit(1) DEFAULT NULL,
  `active_fl` bit(1) NOT NULL,
  `last_updated_by` int(10) unsigned DEFAULT NULL,
  `last_updated_time` datetime DEFAULT NULL,
  `created_by` int(10) unsigned DEFAULT NULL,
  `created_time` datetime DEFAULT NULL,
  `label_body` longtext,
  `module_id` int(10) unsigned NOT NULL,
  `barcode_height` float DEFAULT NULL,
  `barcode_width` float DEFAULT NULL,
  `smart_label` bit(1) NOT NULL DEFAULT b'0',
  `line_height` float DEFAULT NULL,
  `pocket_label` bit(1) NOT NULL DEFAULT b'0',
  `state_label` bit(1) NOT NULL DEFAULT b'0',
  `default_patient_label` bit(1) NOT NULL DEFAULT b'0',
  `default_batch_label` bit(1) NOT NULL DEFAULT b'0',
  `barcode_type` varchar(50) NOT NULL,
  `quick_label` bit(1) DEFAULT b'0',
  `return_label` bit(1) DEFAULT b'0',
  `default_type` varchar(40) DEFAULT NULL,
  `default_picklist_label` bit(1) NOT NULL DEFAULT b'0',
  `network_label_configuration_id` int(10) unsigned DEFAULT NULL,
  PRIMARY KEY (`id`),
  KEY `fk_label_configuration_lastUpdatedby` (`last_updated_by`),
  KEY `fk_label_configuration_createdby` (`created_by`),
  KEY `fk_label_config_module` (`module_id`),
  CONSTRAINT `fk_label_config_module` FOREIGN KEY (`module_id`) REFERENCES `modules` (`id`) ON DELETE NO ACTION ON UPDATE NO ACTION,
  CONSTRAINT `fk_label_configuration_createdby` FOREIGN KEY (`created_by`) REFERENCES `users` (`id`),
  CONSTRAINT `fk_label_configuration_lastUpdatedby` FOREIGN KEY (`last_updated_by`) REFERENCES `users` (`id`)
) ENGINE=InnoDB AUTO_INCREMENT=19 DEFAULT CHARSET=latin1;
/*!40101 SET character_set_client = @saved_cs_client */;

--
-- Dumping data for table `label_configuration`
--

LOCK TABLES `label_configuration` WRITE;
/*!40000 ALTER TABLE `label_configuration` DISABLE KEYS */;
INSERT INTO `label_configuration` VALUES (1,1,'Default State Label',4,1,0,0,0,0,'in',0,0,0,NULL,_binary '\0',_binary '\0',_binary '',NULL,NULL,NULL,NULL,'<table border=\"0\" cellpadding=\"0\" cellspacing=\"0\">\n                <tr>\n                    <td valign=\"middle\" width=\"25%\">&lt;&lt;BARCODE&gt;&gt;</td>\n                    <td valign=\"top\">\n                        <div style=\"display: block; margin-left: 8px; margin-bottom: 2px; font-size: 12pt; font-weight: bold;\">\n                            &lt;&lt;LOCATION_NAME&gt;&gt;\n                        </div>\n                        <div style=\"display: block; margin-left: 8px; margin-bottom: 2px; font-size: 10pt;\">\n                            &lt;&lt;STATUS_NAME&gt;&gt;\n                        </div>\n                    </td>\n                </tr>\n            </table>',2,60,60,_binary '\0',NULL,_binary '\0',_binary '',_binary '\0',_binary '\0','datamatrix',_binary '\0',_binary '\0',NULL,_binary '\0',NULL),(2,2,'Default State Label',4,1,0,0,0,0,'in',0,0,0,NULL,_binary '\0',_binary '\0',_binary '',NULL,NULL,NULL,NULL,'<table border=\"0\" cellpadding=\"0\" cellspacing=\"0\">\n                <tr>\n                    <td valign=\"middle\" width=\"25%\">&lt;&lt;BARCODE&gt;&gt;</td>\n                    <td valign=\"top\">\n                        <div style=\"display: block; margin-left: 8px; margin-bottom: 2px; font-size: 12pt; font-weight: bold;\">\n                            &lt;&lt;LOCATION_NAME&gt;&gt;\n                        </div>\n                        <div style=\"display: block; margin-left: 8px; margin-bottom: 2px; font-size: 10pt;\">\n                            &lt;&lt;STATUS_NAME&gt;&gt;\n                        </div>\n                    </td>\n                </tr>\n            </table>',2,60,60,_binary '\0',NULL,_binary '\0',_binary '',_binary '\0',_binary '\0','datamatrix',_binary '\0',_binary '\0',NULL,_binary '\0',NULL),(4,NULL,'Default State Label',4,1,0,0,0,0,'in',0,0,0,NULL,_binary '\0',_binary '',_binary '',NULL,NULL,NULL,NULL,'<table border=\"0\" cellpadding=\"0\" cellspacing=\"0\">\n                <tr>\n                    <td valign=\"middle\" width=\"25%\">&lt;&lt;BARCODE&gt;&gt;</td>\n                    <td valign=\"top\">\n                        <div style=\"display: block; margin-left: 8px; margin-bottom: 2px; font-size: 12pt; font-weight: bold;\">\n                            &lt;&lt;LOCATION_NAME&gt;&gt;\n                        </div>\n                        <div style=\"display: block; margin-left: 8px; margin-bottom: 2px; font-size: 10pt;\">\n                            &lt;&lt;STATUS_NAME&gt;&gt;\n                        </div>\n                    </td>\n                </tr>\n            </table>',2,60,60,_binary '\0',NULL,_binary '\0',_binary '',_binary '\0',_binary '\0','datamatrix',_binary '\0',_binary '\0','STATE',_binary '\0',NULL),(5,NULL,'Default Smart Label',1.5,0.5,0,0,0,0,'in',0,0,0,NULL,_binary '\0',_binary '',_binary '',NULL,NULL,NULL,NULL,'<table border=\"0\" cellpadding=\"0\" cellspacing=\"0\">\n                <tr>\n                <td valign=\"middle\" width=\"25%\">&lt;&lt;BARCODE&gt;&gt;</td>\n                <td valign=\"top\">\n                <div style=\"display: block; margin-bottom: 2px; font-size: 6pt; font-weight: bold;\">\n                &lt;&lt;ITEM_NAME&gt;&gt;\n                </div>\n                </td>\n                </tr>\n                </table>',2,30,30,_binary '',NULL,_binary '\0',_binary '\0',_binary '\0',_binary '\0','datamatrix',_binary '\0',_binary '\0','SMART',_binary '\0',NULL),(6,NULL,'Default Pocket Label',1.5,1,-0.05,-0.1,-0.05,-0.1,'in',0,0,0,NULL,_binary '\0',_binary '',_binary '',NULL,NULL,NULL,NULL,'<table border=\"0\" cellpadding=\"0\" cellspacing=\"0\">\n                <tr>\n                <td valign=\"middle\" align=\"center\" width=\"20%\">&lt;&lt;BARCODE&gt;&gt;</td>\n                </tr>\n                <tr>\n                <td valign=\"top\" style=\"display: block; margin-bottom: 2px; font-size: 11pt; font-weight: bold;\">\n                &lt;&lt;SLOT_NUMBER&gt;&gt;\n                </td>\n                </tr>\n                </table>',1,32,32,_binary '\0',NULL,_binary '',_binary '\0',_binary '\0',_binary '\0','datamatrix',_binary '\0',_binary '\0','POCKET',_binary '\0',NULL),(7,NULL,'Default Quick Label',4,1,0,0,0,0,'in',0,0,0,NULL,_binary '\0',_binary '',_binary '',NULL,NULL,NULL,NULL,'<p>&lt;&lt;BARCODE&gt;&gt;</p>',2,60,60,_binary '\0',NULL,_binary '\0',_binary '\0',_binary '\0',_binary '\0','datamatrix',_binary '',_binary '\0','QUICK',_binary '\0',NULL),(8,NULL,'Default Return Label',4,2,0,0,0,0,'in',0,0,0,NULL,_binary '\0',_binary '',_binary '',NULL,NULL,NULL,NULL,'<p>Name:&nbsp;&lt;&lt;COMPOUND_NAME&gt;&gt;</p><br/><p>Expiration:&nbsp;&lt;&lt;EXPIRATION&gt;&gt;</p><br/><p>&lt;&lt;BARCODE&gt;&gt;</p>',2,60,60,_binary '\0',NULL,_binary '\0',_binary '\0',_binary '\0',_binary '\0','datamatrix',_binary '\0',_binary '','RETURN',_binary '\0',NULL),(9,NULL,'Default Tray/Cart Label',4,1,0,0,0,0,'in',0,0,0,NULL,_binary '\0',_binary '',_binary '',NULL,NULL,NULL,NULL,'<table border=\"0\" cellpadding=\"1\" cellspacing=\"0\">\n                <tbody>\n                    <tr>\n                        <td><span style=\"font-size:10px\">Tray Name:</span></td>\n                        <td><span style=\"font-size:10px\">&lt;&lt;TRAY_NAME&gt;&gt;</span></td>\n                    </tr>\n                    <tr>\n                        <td><span style=\"font-size:10px\">Date Filled:</span></td>\n                        <td><span style=\"font-size:10px\">&lt;&lt;FILLED_DATE&gt;&gt;</span></td>\n                    </tr>\n                    <tr>\n                        <td><span style=\"font-size:10px\">Exp Date:</span></td>\n                        <td><span style=\"font-size:10px\">&lt;&lt;EXPIRATION&gt;&gt;</span></td>\n                    </tr>\n                    <tr>\n                        <td><span style=\"font-size:10px\">Approved By:</span></td>\n                        <td><span style=\"font-size:10px\">&lt;&lt;APPROVED_BY&gt;&gt;</span></td>\n                    </tr>\n                </tbody>\n             </table>',1,32,32,_binary '\0',NULL,_binary '\0',_binary '\0',_binary '\0',_binary '\0','datamatrix',_binary '\0',_binary '\0','TRAY_CART',_binary '\0',NULL),(10,NULL,'Sheet Label 1.75 x 1.5',1.75,1.5,0.4,0,0.2,0,'in',0,0,0,NULL,_binary '\0',_binary '',_binary '',NULL,NULL,NULL,NULL,'<p style=\"text-align: center; vertical-align: middle;\">&lt;&lt;BARCODE&gt;&gt;</p>\n<p style=\"text-align: center; vertical-align: middle;\"><span style=\"font-size:8px\">&lt;&lt;ITEM_NAME&gt;&gt;</span></p>',2,40,40,_binary '\0',NULL,_binary '\0',_binary '\0',_binary '\0',_binary '\0','datamatrix',_binary '',_binary '\0',NULL,_binary '\0',NULL),(11,NULL,'Sheet Label 1.75 x 1.0',1.75,1,0.1,0,0.2,0,'in',0,0,0,NULL,_binary '\0',_binary '',_binary '',NULL,NULL,NULL,NULL,'<p style=\"text-align: center; vertical-align: middle;\">&lt;&lt;BARCODE&gt;&gt;</p>\n<p style=\"text-align: center; vertical-align: middle;\"><span style=\"font-size:8px\">&lt;&lt;ITEM_NAME&gt;&gt;</span></p>',2,40,40,_binary '\0',NULL,_binary '\0',_binary '\0',_binary '\0',_binary '\0','datamatrix',_binary '',_binary '\0',NULL,_binary '\0',NULL),(12,NULL,'Sheet Label 2/3 x 1 3/4',1.75,0.66,0,0,0,0,'in',0,0,0,NULL,_binary '\0',_binary '',_binary '',NULL,NULL,NULL,NULL,'<div style=\"width:100%;display: table;\">\n	<div style=\"float:left; width:40px;font-family:Helvetica, Arial, sans-serif;\">&lt;&lt;BARCODE&gt;&gt;</div>\n	<div style=\"font-size:8px;font-family:Helvetica, Arial, sans-serif;font-weight:700;\">&lt;&lt;ITEM_NAME&gt;&gt;</div>\n</div>\n<div style=\"font-size:8px;font-family:Helvetica, Arial, sans-serif;font-weight:700;\">&lt;&lt;ORDER_NUMBER&gt;&gt;</div>',2,30,30,_binary '\0',NULL,_binary '\0',_binary '\0',_binary '\0',_binary '\0','datamatrix',_binary '',_binary '\0',NULL,_binary '\0',NULL),(13,NULL,'Sheet Label 1 1/2 x 1 1/2',1.5,1.5,0.4,0,0,0,'in',0,0,0,NULL,_binary '\0',_binary '',_binary '',NULL,NULL,NULL,NULL,'<div style=\"width:100%;display: table;\">\n	<div style=\"float:left; width:50px;font-family:Helvetica, Arial, sans-serif;\">&lt;&lt;BARCODE&gt;&gt;</div>\n	<div style=\"font-size:8px;font-family:Helvetica, Arial, sans-serif;font-weight:700;\">&lt;&lt;ITEM_NAME&gt;&gt;</div>\n</div>\n<div style=\"font-size:8px;font-family:Helvetica, Arial, sans-serif;font-weight:700;\">&lt;&lt;ORDER_NUMBER&gt;&gt;</div>',2,40,40,_binary '\0',NULL,_binary '\0',_binary '\0',_binary '\0',_binary '\0','datamatrix',_binary '',_binary '\0',NULL,_binary '\0',NULL),(14,NULL,'High Barrier Foil Label 1 x 1.72',1.72,1,0.2,0,0,0,'in',0,0,0,NULL,_binary '\0',_binary '',_binary '',NULL,NULL,NULL,NULL,'<div style=\"width:100%;display: table;\">\n	<div style=\"float:left; width:45px;font-family:Helvetica, Arial, sans-serif;\">&lt;&lt;BARCODE&gt;&gt;</div>\n	<div style=\"font-size:8px;font-family:Helvetica, Arial, sans-serif;font-weight:700;\">&lt;&lt;ITEM_NAME&gt;&gt;</div>\n</div>\n<div style=\"font-size:8px;font-family:Helvetica, Arial, sans-serif;font-weight:700;\">&lt;&lt;ORDER_NUMBER&gt;&gt;</div>',2,35,35,_binary '\0',NULL,_binary '\0',_binary '\0',_binary '\0',_binary '\0','datamatrix',_binary '',_binary '\0',NULL,_binary '\0',NULL),(15,NULL,'Health Care Logistics Label 1 1/8 x 1 5/8',1.625,1.125,0.4,0,0.2,0,'in',0,0,0,NULL,_binary '\0',_binary '',_binary '',NULL,NULL,NULL,NULL,'<div style=\"width:100%;display: table;\">\n	<div style=\"float:left; width:50px;font-family:Helvetica, Arial, sans-serif;\">&lt;&lt;BARCODE&gt;&gt;</div>\n	<div style=\"font-size:8px;font-family:Helvetica, Arial, sans-serif;font-weight:700;\">&lt;&lt;ITEM_NAME&gt;&gt;</div>\n</div>\n<div style=\"font-size:8px;font-family:Helvetica, Arial, sans-serif;font-weight:700;\">&lt;&lt;ORDER_NUMBER&gt;&gt;</div>',2,40,40,_binary '\0',NULL,_binary '\0',_binary '\0',_binary '\0',_binary '\0','datamatrix',_binary '',_binary '\0',NULL,_binary '\0',NULL),(16,NULL,'Health Care Logistics Label 1 3/16 x 1 3/16',1.3,1.3,0.1,0,0.05,0,'in',0,0,0,NULL,_binary '\0',_binary '',_binary '',NULL,NULL,NULL,NULL,'<div style=\"width:100%;display: table;\">\n	<div style=\"float:left; width:50px;font-family:Helvetica, Arial, sans-serif;\">&lt;&lt;BARCODE&gt;&gt;</div>\n	<div style=\"font-size:8px;font-family:Helvetica, Arial, sans-serif;font-weight:700;\">&lt;&lt;ITEM_NAME&gt;&gt;</div>\n</div>\n<div style=\"font-size:8px;font-family:Helvetica, Arial, sans-serif;font-weight:700;\">&lt;&lt;ORDER_NUMBER&gt;&gt;</div>',2,40,40,_binary '\0',NULL,_binary '\0',_binary '\0',_binary '\0',_binary '\0','datamatrix',_binary '',_binary '\0',NULL,_binary '\0',NULL),(17,NULL,'Sheet Label 1 x 2 5/8',1,2.625,0.1,0,0.1,0,'in',0,0,0,NULL,_binary '\0',_binary '',_binary '',NULL,NULL,NULL,NULL,'<div style=\"width:100%;display: table;\">\n	        <div style=\"float:left; width:50px;font-family:Helvetica, Arial, sans-serif;\">&lt;&lt;BARCODE&gt;&gt;</div>\n	        <div style=\"font-size:8px;font-family:Helvetica, Arial, sans-serif;font-weight:700;\">&lt;&lt;ITEM_NAME&gt;&gt;</div>\n            </div>\n            <div style=\"font-size:8px;font-family:Helvetica, Arial, sans-serif;font-weight:700;\">&lt;&lt;ORDER_NUMBER&gt;&gt;</div>',2,40,40,_binary '\0',NULL,_binary '\0',_binary '\0',_binary '\0',_binary '\0','datamatrix',_binary '',_binary '\0',NULL,_binary '\0',NULL),(18,NULL,'Default Pick List Label',3,6,0,0,0,0,'in',0,0,0,NULL,_binary '\0',_binary '',_binary '',NULL,NULL,NULL,NULL,'<p><span style=\"font-family:arial,helvetica,sans-serif\"><span style=\"font-size:10px\">&lt;&lt;CURRENT_TIMESTAMP&gt;&gt;</span></span></p>\n            <p>&nbsp;</p>\n            <p><span style=\"font-family:arial,helvetica,sans-serif\"><span style=\"font-size:10px\">&lt;&lt;INTERNAL_LOT_NUM&gt;&gt;</span></span></p>\n            <p>&nbsp;</p>\n            <p><span style=\"font-family:arial,helvetica,sans-serif\"><span style=\"font-size:10px\"><strong>&lt;&lt;COMPOUND_NAME&gt;&gt;</strong></span></span></p>\n            <p>&nbsp;</p>\n            <p><span style=\"font-size:10px\">&lt;&lt;PICKLIST_INSTRUCTIONS&gt;&gt;</span></p>',2,0,0,_binary '\0',NULL,_binary '\0',_binary '\0',_binary '\0',_binary '\0','datamatrix',_binary '\0',_binary '\0','PICK_LIST',_binary '',NULL);
/*!40000 ALTER TABLE `label_configuration` ENABLE KEYS */;
UNLOCK TABLES;

--
-- Table structure for table `label_sheet`
--

DROP TABLE IF EXISTS `label_sheet`;
/*!40101 SET @saved_cs_client     = @@character_set_client */;
/*!40101 SET character_set_client = utf8 */;
CREATE TABLE `label_sheet` (
  `id` int(10) unsigned NOT NULL AUTO_INCREMENT,
  `account_id` int(10) unsigned DEFAULT NULL,
  `label_configuration_id` int(10) unsigned DEFAULT NULL,
  `name` varchar(100) NOT NULL,
  `num_rows` int(10) unsigned NOT NULL,
  `num_cols` int(10) unsigned NOT NULL,
  `num_labels_per_sheet` int(10) unsigned NOT NULL,
  `page_margin_top` float NOT NULL,
  `page_margin_bottom` float NOT NULL,
  `page_margin_left` float NOT NULL,
  `page_margin_right` float NOT NULL,
  `vertical_between_label_spacing` float NOT NULL,
  `horizontal_between_label_spacing` float NOT NULL,
  `label_height` float NOT NULL,
  `label_width` float NOT NULL,
  `active_fl` bit(1) DEFAULT NULL,
  `created_by` int(10) unsigned DEFAULT NULL,
  `created_time` datetime DEFAULT NULL,
  `last_updated_by` int(10) unsigned DEFAULT NULL,
  `last_updated_time` datetime DEFAULT NULL,
  PRIMARY KEY (`id`)
) ENGINE=InnoDB AUTO_INCREMENT=13 DEFAULT CHARSET=latin1;
/*!40101 SET character_set_client = @saved_cs_client */;

--
-- Dumping data for table `label_sheet`
--

LOCK TABLES `label_sheet` WRITE;
/*!40000 ALTER TABLE `label_sheet` DISABLE KEYS */;
INSERT INTO `label_sheet` VALUES (3,NULL,12,'Avery 5155, label : (2/3 x 1 3/4), sheet : (4 x 15)',15,4,60,1.2,0,0.3,0,0.3,0.3,0.66,1.75,_binary '',NULL,NULL,NULL,NULL),(4,NULL,13,'Avery 22805, label : (1 1/2 x 1 1/2), sheet : (4 x 6)',6,4,24,1.1,0,0.6,0,0.3,0.3,1.7,1.5,_binary '',NULL,NULL,NULL,NULL),(5,NULL,14,'HealthCare Logistics HCL 6118, label : (1 x 1.72), sheet : (4 x 10)',10,4,40,0.38,0,-0.12,0,0,0.63,1.08,1.57,_binary '',NULL,NULL,NULL,NULL),(6,NULL,15,'Health Care Logistics, Inc Item # 6121W Class A SML 4 x 8 Height 1 1/8 Length 1 5/8',8,4,32,0.7,0,0.05,0,0.3,0.55,1.3,1.625,_binary '',NULL,NULL,NULL,NULL),(7,NULL,16,'Health Care Logistics, Inc Item # 6027 Class A SML 5 x 7 Height 1 3/16 Length 1 3/16',7,5,35,1.25,0,0.1,0,0,0.404,1.308,1.308,_binary '',NULL,NULL,NULL,NULL),(8,NULL,17,'Avery 5960, label : (1 x 2 5/8), sheet : (3 x 10)',10,3,30,0.44,0,0,0,0.2,0.3,1.065,2.625,_binary '',NULL,NULL,NULL,NULL),(9,NULL,16,'Health Care Logistics, Inc Item # 6125 Class A 6 x 8 Height 1 3/16 Length 1 3/16',8,6,48,0.64,0,0,0,0,0,1.308,1.308,_binary '',NULL,NULL,NULL,NULL),(10,NULL,16,'Medi-Dose LaserLabel Lid-Label Covers Height 1 3/16 Length 1 3/16',5,5,25,1,4,1,1.5,0,0,1.308,1.308,_binary '',NULL,NULL,NULL,NULL),(11,NULL,46,'Health Care Logistics, Inc Item # 6026 Class A 2 x 10 Height 1 Length 1 3/4',10,2,20,0.36,0,2.1,0,0,2.62,1.07,1.85,_binary '',NULL,NULL,NULL,NULL),(12,NULL,49,'Avery 5167, label : (1/2 x 1 3/4), sheet : (4 x 20)',20,4,80,0.5,0,0.21,0,0,0.3,0.472,1.75,_binary '',NULL,NULL,NULL,NULL);
/*!40000 ALTER TABLE `label_sheet` ENABLE KEYS */;
UNLOCK TABLES;

--
-- Table structure for table `label_value`
--

DROP TABLE IF EXISTS `label_value`;
/*!40101 SET @saved_cs_client     = @@character_set_client */;
/*!40101 SET character_set_client = utf8 */;
CREATE TABLE `label_value` (
  `id` int(10) unsigned NOT NULL AUTO_INCREMENT,
  `account_id` int(10) unsigned NOT NULL,
  `module_id` int(10) unsigned NOT NULL,
  `value` varchar(100) NOT NULL,
  `active` bit(1) NOT NULL DEFAULT b'1',
  `last_updated_by` int(10) unsigned DEFAULT NULL,
  `last_updated_time` datetime DEFAULT NULL,
  `created_by` int(10) unsigned DEFAULT NULL,
  `created_time` datetime DEFAULT NULL,
  PRIMARY KEY (`id`),
  KEY `fk_label_value_lastUpdatedby` (`last_updated_by`),
  KEY `fk_label_value_createdby` (`created_by`),
  CONSTRAINT `fk_label_value_createdby` FOREIGN KEY (`created_by`) REFERENCES `users` (`id`),
  CONSTRAINT `fk_label_value_lastUpdatedby` FOREIGN KEY (`last_updated_by`) REFERENCES `users` (`id`)
) ENGINE=InnoDB DEFAULT CHARSET=latin1;
/*!40101 SET character_set_client = @saved_cs_client */;

--
-- Dumping data for table `label_value`
--

LOCK TABLES `label_value` WRITE;
/*!40000 ALTER TABLE `label_value` DISABLE KEYS */;
/*!40000 ALTER TABLE `label_value` ENABLE KEYS */;
UNLOCK TABLES;

--
-- Table structure for table `latex_drugs`
--

DROP TABLE IF EXISTS `latex_drugs`;
/*!40101 SET @saved_cs_client     = @@character_set_client */;
/*!40101 SET character_set_client = utf8 */;
CREATE TABLE `latex_drugs` (
  `id` int(10) unsigned NOT NULL AUTO_INCREMENT,
  `ndc` varchar(50) DEFAULT NULL,
  `therapeutic_class` varchar(50) DEFAULT NULL,
  `drug` varchar(100) NOT NULL,
  `name` varchar(255) NOT NULL,
  `strength` varchar(25) DEFAULT NULL,
  `size` varchar(25) DEFAULT NULL,
  `manufacturer` varchar(50) NOT NULL,
  `contains_latex` bit(1) NOT NULL,
  `location` varchar(500) DEFAULT NULL,
  `notes` varchar(1000) NOT NULL,
  PRIMARY KEY (`id`)
) ENGINE=InnoDB AUTO_INCREMENT=9 DEFAULT CHARSET=latin1;
/*!40101 SET character_set_client = @saved_cs_client */;

--
-- Dumping data for table `latex_drugs`
--

LOCK TABLES `latex_drugs` WRITE;
/*!40000 ALTER TABLE `latex_drugs` DISABLE KEYS */;
INSERT INTO `latex_drugs` VALUES (1,'','','Acyclovir','Acyclovir Sodium (ZOVIRAX) (Sterile power vial)','500 mg','','GlaxoSmithKline7',_binary '','The vial stopper',''),(2,'','','Acyclovir','Acyclovir Sodium (ZOVIRAX) (Sterile power vial)','1000 mg','','GlaxoSmithKline7',_binary '','The vial stopper',''),(3,'63323-325-10','','Acyclovir','Acyclovir Sodium Injection','50 mg/mL','10 mL','APPPharma',_binary '\0','',''),(4,'63323-325-20','','Acyclovir','Acyclovir Sodium Injection','50 mg/mL','20 mL','APPPharma',_binary '\0','',''),(5,'49281-400-10','','Tetanus','ADACEL (Tetanus Toxoid, Reducced Diphtheria Toxoid and Acellular Pertussis Vaccine Adsorbed)','','','Sanofi Pasteur',_binary '\0','','The tip cap on the syringe may contain latex; no other components contain latex'),(6,'0074-4339-02','','Adalimumab','Adalimumab (HUMIRA) Injection, Pen','40 mg','0.8 mL','Abbott',_binary '','The Needle Cover of the syringe, which is encased in the pen\'s cap',''),(7,'0074-3799-02','','Adalimumab','Adalimumab (HUMIRA) Injection, Syringe','500 mg','','Abbott',_binary '','The Needle Cover of the syringe',''),(8,'0074-9374-02','','Adalimumab','Adalimumab (HUMIRA) Injection, Syringe (Pediatric)','20 mg','0.4 mL','Abbott',_binary '','The Needle Cover of the syringe','');
/*!40000 ALTER TABLE `latex_drugs` ENABLE KEYS */;
UNLOCK TABLES;

--
-- Table structure for table `ldap_context`
--

DROP TABLE IF EXISTS `ldap_context`;
/*!40101 SET @saved_cs_client     = @@character_set_client */;
/*!40101 SET character_set_client = utf8 */;
CREATE TABLE `ldap_context` (
  `id` int(10) unsigned NOT NULL AUTO_INCREMENT,
  `account_id` int(10) unsigned NOT NULL,
  `provider_url` varchar(255) NOT NULL,
  `security_authentication` varchar(500) NOT NULL,
  `security_principal` varchar(255) NOT NULL,
  `search_scope` int(11) DEFAULT NULL,
  `security_credentials` varchar(255) DEFAULT '',
  `commonname_attribute_key` varchar(255) NOT NULL,
  `password_attribute_key` varchar(255) DEFAULT NULL,
  `username_attribute_key` varchar(255) DEFAULT NULL,
  `first_name_attribute_key` varchar(255) DEFAULT NULL,
  `last_name_attribute_key` varchar(255) DEFAULT NULL,
  `user_search_base` varchar(255) NOT NULL,
  `user_search_filter` varchar(255) DEFAULT NULL,
  `active_fl` bit(1) NOT NULL DEFAULT b'1',
  `last_updated_by` int(10) unsigned DEFAULT NULL,
  `last_updated_time` datetime DEFAULT NULL,
  `created_by` int(10) unsigned DEFAULT NULL,
  `created_time` datetime DEFAULT NULL,
  `group_name` varchar(255) DEFAULT '',
  `directory_provider` varchar(255) NOT NULL DEFAULT 'msActiveDirectory',
  `email_attribute_key` varchar(255) DEFAULT '',
  `group_attribute_key` varchar(255) DEFAULT '',
  PRIMARY KEY (`id`)
) ENGINE=InnoDB AUTO_INCREMENT=2 DEFAULT CHARSET=latin1;
/*!40101 SET character_set_client = @saved_cs_client */;

--
-- Dumping data for table `ldap_context`
--

LOCK TABLES `ldap_context` WRITE;
/*!40000 ALTER TABLE `ldap_context` DISABLE KEYS */;
INSERT INTO `ldap_context` VALUES (1,1,'ldaps://ldap.jumpcloud.com:636','simple','uid=MkprLdap,ou=Users,o=5b7d940c715eb4202c72225a,dc=jumpcloud,dc=com',2,NULL,'cn','','uid','givenName','sn','ou=Users,o=5b7d940c715eb4202c72225a,dc=jumpcloud,dc=com','mail',_binary '',1,'2019-02-13 00:00:00',1,'2019-02-13 00:00:00','PK Super User','jumpCloud','mail','memberOf');
/*!40000 ALTER TABLE `ldap_context` ENABLE KEYS */;
UNLOCK TABLES;

--
-- Table structure for table `location`
--

DROP TABLE IF EXISTS `location`;
/*!40101 SET @saved_cs_client     = @@character_set_client */;
/*!40101 SET character_set_client = utf8 */;
CREATE TABLE `location` (
  `id` int(10) unsigned NOT NULL AUTO_INCREMENT,
  `account_id` int(10) unsigned NOT NULL,
  `module_id` int(10) unsigned NOT NULL,
  `name` varchar(100) DEFAULT NULL,
  `description` varchar(45) DEFAULT NULL,
  `nickname` varchar(45) DEFAULT NULL,
  `building` varchar(45) DEFAULT NULL,
  `room` varchar(45) DEFAULT NULL,
  `status` bit(1) NOT NULL DEFAULT b'0',
  `is_fill_station` bit(1) NOT NULL DEFAULT b'0',
  `last_updated_by` int(10) unsigned DEFAULT NULL,
  `last_updated_time` datetime DEFAULT NULL,
  `created_by` int(10) unsigned DEFAULT NULL,
  `created_time` datetime DEFAULT NULL,
  `par_level` varchar(50) DEFAULT NULL,
  `dispense_location_fl` bit(1) NOT NULL DEFAULT b'0',
  `always_valid_delivery` bit(1) DEFAULT b'0',
  `tube_station` bit(1) NOT NULL DEFAULT b'0',
  PRIMARY KEY (`id`),
  KEY `fk_location_lastUpdatedby` (`last_updated_by`),
  KEY `fk_location_createdby` (`created_by`),
  CONSTRAINT `fk_location_createdby` FOREIGN KEY (`created_by`) REFERENCES `users` (`id`),
  CONSTRAINT `fk_location_lastUpdatedby` FOREIGN KEY (`last_updated_by`) REFERENCES `users` (`id`)
) ENGINE=InnoDB AUTO_INCREMENT=24 DEFAULT CHARSET=latin1;
/*!40101 SET character_set_client = @saved_cs_client */;

--
-- Dumping data for table `location`
--

LOCK TABLES `location` WRITE;
/*!40000 ALTER TABLE `location` DISABLE KEYS */;
INSERT INTO `location` VALUES (1,2,1,'Pharmacy','Pharmacy','Pharmacy Nickname','Main Building','Pharmacy',_binary '',_binary '',NULL,NULL,NULL,NULL,NULL,_binary '\0',_binary '\0',_binary '\0'),(2,2,1,'North Location','North Location Description','North Location Nickname','North Building','North Location Room',_binary '',_binary '\0',NULL,NULL,NULL,NULL,NULL,_binary '\0',_binary '\0',_binary '\0'),(3,2,1,'South Location','South Location Description','South Location Nickname','South Building','South Location Room',_binary '',_binary '\0',NULL,NULL,NULL,NULL,NULL,_binary '\0',_binary '\0',_binary '\0'),(4,2,1,'East Location','East Location Description','East Location Nickname','East Building','East Location Room',_binary '',_binary '\0',NULL,NULL,NULL,NULL,NULL,_binary '\0',_binary '\0',_binary '\0'),(5,2,1,'West Location','West Location Description','West Location Nickname','West Building','West Location Room',_binary '',_binary '\0',NULL,NULL,NULL,NULL,NULL,_binary '\0',_binary '\0',_binary '\0'),(10,2,2,'Main Pharmacy','Main Pharmacy','Main Pharmacy','Building 1','Main Pharmacy',_binary '',_binary '\0',NULL,NULL,NULL,NULL,NULL,_binary '\0',_binary '\0',_binary '\0'),(11,2,2,'Main Pharmacy - Chemo Hood','Main Pharmacy - Chemo Hood','Chemo Hood','Building 1','Chemo Hood',_binary '',_binary '\0',NULL,NULL,NULL,NULL,NULL,_binary '\0',_binary '\0',_binary '\0'),(12,2,2,'Main Pharmacy - Clean Room','Main Pharmacy - Clean Room','Clean Room','Building 1','Clean Room',_binary '',_binary '\0',NULL,NULL,NULL,NULL,NULL,_binary '\0',_binary '\0',_binary '\0'),(13,2,2,'NICU','NICU','NICU','Building 1','',_binary '',_binary '\0',NULL,NULL,NULL,NULL,NULL,_binary '\0',_binary '\0',_binary '\0'),(14,2,2,'CICU','CICU','CICU','Building 1','C123',_binary '',_binary '\0',NULL,NULL,NULL,NULL,NULL,_binary '\0',_binary '\0',_binary '\0'),(15,2,2,'ECU','ECU','ECU','Building 1','E1',_binary '',_binary '\0',NULL,NULL,NULL,NULL,NULL,_binary '\0',_binary '\0',_binary '\0'),(16,2,2,'2N','2N','2N','Building 1','2012',_binary '',_binary '\0',NULL,NULL,NULL,NULL,NULL,_binary '\0',_binary '\0',_binary '\0'),(17,2,2,'2S','2S','2S','Building 1','2044',_binary '',_binary '\0',NULL,NULL,NULL,NULL,NULL,_binary '\0',_binary '\0',_binary '\0'),(18,2,2,'2E','2E','2E','Building 1','2055',_binary '',_binary '\0',NULL,NULL,NULL,NULL,NULL,_binary '\0',_binary '\0',_binary '\0'),(19,2,2,'2W','2W','2W','Building 1','2084',_binary '',_binary '\0',NULL,NULL,NULL,NULL,NULL,_binary '\0',_binary '\0',_binary '\0'),(20,2,2,'3N','3N','3N','Building 1','3111',_binary '',_binary '\0',NULL,NULL,NULL,NULL,NULL,_binary '\0',_binary '\0',_binary '\0'),(21,2,2,'3S','3S','3S','Building 1','3228',_binary '',_binary '\0',NULL,NULL,NULL,NULL,NULL,_binary '\0',_binary '\0',_binary '\0'),(22,2,2,'3E','3E','3E','Building 1','3367',_binary '',_binary '\0',NULL,NULL,NULL,NULL,NULL,_binary '\0',_binary '\0',_binary '\0'),(23,2,2,'3W','3W','3W','Building 1','3401',_binary '',_binary '\0',NULL,NULL,NULL,NULL,NULL,_binary '\0',_binary '\0',_binary '\0');
/*!40000 ALTER TABLE `location` ENABLE KEYS */;
UNLOCK TABLES;
ALTER DATABASE `pharmacy_keeper` CHARACTER SET latin1 COLLATE latin1_general_ci ;
/*!50003 SET @saved_cs_client      = @@character_set_client */ ;
/*!50003 SET @saved_cs_results     = @@character_set_results */ ;
/*!50003 SET @saved_col_connection = @@collation_connection */ ;
/*!50003 SET character_set_client  = latin1 */ ;
/*!50003 SET character_set_results = latin1 */ ;
/*!50003 SET collation_connection  = latin1_general_ci */ ;
/*!50003 SET @saved_sql_mode       = @@sql_mode */ ;
/*!50003 SET sql_mode              = 'ONLY_FULL_GROUP_BY,STRICT_TRANS_TABLES,NO_ZERO_IN_DATE,NO_ZERO_DATE,ERROR_FOR_DIVISION_BY_ZERO,NO_ENGINE_SUBSTITUTION' */ ;
DELIMITER ;;
/*!50003 CREATE*/ /*!50017 DEFINER=`root`@`localhost`*/ /*!50003 TRIGGER location_deletion
            AFTER DELETE ON location FOR EACH ROW
            BEGIN
            INSERT INTO deletion_trail (primary_record_id, secondary_record_id, table_name, account_id,  primary_id_name, secondary_id_name, deletion_time)
            VALUES (OLD.id, NULL, "location", OLD.account_id, "id", NULL, NOW());
            END */;;
DELIMITER ;
/*!50003 SET sql_mode              = @saved_sql_mode */ ;
/*!50003 SET character_set_client  = @saved_cs_client */ ;
/*!50003 SET character_set_results = @saved_cs_results */ ;
/*!50003 SET collation_connection  = @saved_col_connection */ ;
ALTER DATABASE `pharmacy_keeper` CHARACTER SET latin1 COLLATE latin1_swedish_ci ;

--
-- Table structure for table `location_destination`
--

DROP TABLE IF EXISTS `location_destination`;
/*!40101 SET @saved_cs_client     = @@character_set_client */;
/*!40101 SET character_set_client = utf8 */;
CREATE TABLE `location_destination` (
  `location_id` int(10) unsigned NOT NULL,
  `destination` varchar(255) NOT NULL,
  KEY `idx_location_id` (`location_id`)
) ENGINE=InnoDB DEFAULT CHARSET=latin1;
/*!40101 SET character_set_client = @saved_cs_client */;

--
-- Dumping data for table `location_destination`
--

LOCK TABLES `location_destination` WRITE;
/*!40000 ALTER TABLE `location_destination` DISABLE KEYS */;
/*!40000 ALTER TABLE `location_destination` ENABLE KEYS */;
UNLOCK TABLES;

--
-- Table structure for table `message`
--

DROP TABLE IF EXISTS `message`;
/*!40101 SET @saved_cs_client     = @@character_set_client */;
/*!40101 SET character_set_client = utf8 */;
CREATE TABLE `message` (
  `HL7ID` int(10) unsigned NOT NULL AUTO_INCREMENT,
  `FacilityID` int(11) DEFAULT NULL,
  `processed` bit(1) NOT NULL DEFAULT b'0',
  `LogDateTime` datetime DEFAULT NULL,
  `MessageDateTime` datetime DEFAULT NULL,
  `PatientNumber` varchar(255) DEFAULT NULL,
  `MedRecNumber` varchar(255) DEFAULT NULL,
  `AccountNumber` varchar(255) DEFAULT NULL,
  `NameLast` varchar(255) DEFAULT NULL,
  `NameFirst` varchar(255) DEFAULT NULL,
  `NameMiddle` varchar(255) DEFAULT NULL,
  `Room` varchar(255) DEFAULT NULL,
  `Bed` varchar(255) DEFAULT NULL,
  `Delivery` varchar(255) DEFAULT NULL,
  `PointOfCare` varchar(255) DEFAULT NULL,
  `ServiceArea` varchar(255) DEFAULT NULL,
  `Gender` varchar(32) DEFAULT NULL,
  `Birthdate` datetime DEFAULT NULL,
  `PlacerOrderNumber` varchar(255) DEFAULT NULL,
  `GiveCodes` varchar(255) DEFAULT NULL,
  `GiveDrugs` varchar(255) DEFAULT NULL,
  `GiveAmount` double DEFAULT NULL,
  `GiveAmountUnits` varchar(20) DEFAULT NULL,
  `StartDate` datetime DEFAULT NULL,
  `Priority` varchar(255) DEFAULT NULL,
  `OrderType` varchar(255) DEFAULT NULL,
  `DoseNumber` varchar(16) DEFAULT NULL,
  `OrderProviderID` varchar(255) DEFAULT NULL,
  `OrderProviderNameLast` varchar(255) DEFAULT NULL,
  `OrderProviderNameFirst` varchar(255) DEFAULT NULL,
  `MessageID` varchar(50) DEFAULT NULL,
  `MessageSequence` double DEFAULT NULL,
  `Route` varchar(255) DEFAULT NULL,
  `AdministrationInstructions` longtext,
  `Quantity` varchar(255) DEFAULT NULL,
  `Parent` varchar(255) DEFAULT NULL,
  `DispensingPharmacy` varchar(255) DEFAULT NULL,
  `Frequency` varchar(255) DEFAULT NULL,
  `DispenseCode` varchar(255) DEFAULT NULL,
  `GUID` varchar(256) NOT NULL,
  `ExtFacilityId` varchar(256) DEFAULT NULL,
  `pk_processed` bit(1) NOT NULL DEFAULT b'0',
  `verification_message` bit(1) NOT NULL DEFAULT b'0',
  `status` varchar(255) DEFAULT NULL,
  `DosesDispensed` varchar(255) DEFAULT NULL,
  `OrderTime` datetime DEFAULT NULL,
  `PKFacilityID` int(11) DEFAULT NULL,
  `PKProcessingInstruction` varchar(64) DEFAULT NULL,
  `TherapeuticClass` varchar(128) DEFAULT NULL,
  `DispenseAmount` varchar(200) DEFAULT NULL,
  `DoseInterval` varchar(200) DEFAULT NULL,
  `CartFill` bit(1) DEFAULT NULL,
  `feed_recipe_identifier` varchar(255) DEFAULT NULL,
  `requires_delivery_signoff` bit(1) NOT NULL DEFAULT b'0',
  `transaction_id` varchar(100) DEFAULT NULL,
  `original_prescription_number` varchar(255) DEFAULT NULL,
  `original_drug_name` varchar(1000) DEFAULT NULL,
  `do_not_tube` bit(1) NOT NULL DEFAULT b'0',
  `ehr_info` longtext,
  `custom_field_value1` varchar(500) DEFAULT NULL,
  `custom_field_value2` varchar(500) DEFAULT NULL,
  `custom_field_value3` varchar(500) DEFAULT NULL,
  `custom_field_date_value1` datetime DEFAULT NULL,
  `custom_field_date_value2` datetime DEFAULT NULL,
  `custom_field_date_value3` datetime DEFAULT NULL,
  PRIMARY KEY (`HL7ID`),
  KEY `idx_GUID` (`GUID`),
  KEY `idx_facility_id_pk_processed` (`FacilityID`,`pk_processed`),
  KEY `idx_message_facilityid_placerordernumber` (`FacilityID`,`PlacerOrderNumber`),
  KEY `idx_message_facilityid_processed_hl7id` (`FacilityID`,`processed`,`HL7ID`),
  KEY `idx_message_logdatetime` (`LogDateTime`)
) ENGINE=InnoDB DEFAULT CHARSET=latin1;
/*!40101 SET character_set_client = @saved_cs_client */;

--
-- Dumping data for table `message`
--

LOCK TABLES `message` WRITE;
/*!40000 ALTER TABLE `message` DISABLE KEYS */;
/*!40000 ALTER TABLE `message` ENABLE KEYS */;
UNLOCK TABLES;

--
-- Table structure for table `message_store`
--

DROP TABLE IF EXISTS `message_store`;
/*!40101 SET @saved_cs_client     = @@character_set_client */;
/*!40101 SET character_set_client = utf8 */;
CREATE TABLE `message_store` (
  `id` int(10) unsigned NOT NULL AUTO_INCREMENT,
  `message_UUID` varchar(256) NOT NULL,
  `raw_interface_message` longtext NOT NULL,
  `metadata_payload` longtext,
  `created` timestamp NOT NULL DEFAULT CURRENT_TIMESTAMP,
  PRIMARY KEY (`id`),
  UNIQUE KEY `idx_message_UUID` (`message_UUID`)
) ENGINE=InnoDB DEFAULT CHARSET=latin1;
/*!40101 SET character_set_client = @saved_cs_client */;

--
-- Dumping data for table `message_store`
--

LOCK TABLES `message_store` WRITE;
/*!40000 ALTER TABLE `message_store` DISABLE KEYS */;
/*!40000 ALTER TABLE `message_store` ENABLE KEYS */;
UNLOCK TABLES;

--
-- Table structure for table `module_sections`
--

DROP TABLE IF EXISTS `module_sections`;
/*!40101 SET @saved_cs_client     = @@character_set_client */;
/*!40101 SET character_set_client = utf8 */;
CREATE TABLE `module_sections` (
  `id` int(10) unsigned NOT NULL AUTO_INCREMENT,
  `module_id` int(10) unsigned NOT NULL,
  `admin_section` bit(1) NOT NULL DEFAULT b'0',
  `name` varchar(100) NOT NULL,
  `path` varchar(100) NOT NULL,
  `list_item_id` varchar(100) DEFAULT NULL,
  `order` int(11) DEFAULT NULL,
  PRIMARY KEY (`id`)
) ENGINE=InnoDB AUTO_INCREMENT=48 DEFAULT CHARSET=latin1;
/*!40101 SET character_set_client = @saved_cs_client */;

--
-- Dumping data for table `module_sections`
--

LOCK TABLES `module_sections` WRITE;
/*!40000 ALTER TABLE `module_sections` DISABLE KEYS */;
INSERT INTO `module_sections` VALUES (1,1,_binary '\0','Dashboard','dashboard','t-dashboard',1),(2,1,_binary '\0','Reports','reportsV2','t-reports',10),(3,1,_binary '','Carts','carts',NULL,500),(5,1,_binary '','Templates','trayTemplates',NULL,520),(6,1,_binary '','Trays','trays',NULL,530),(7,2,_binary '\0','Dashboard','dashboard','t-dashboard',1),(8,8,_binary '\0','Dashboard','dashboard','t-dashboard',1),(14,4,_binary '\0','Dashboard','dashboard','t-dashboard',1),(15,4,_binary '\0','Reports','reportsV2','t-reports',10),(16,4,_binary '','Activities','activities',NULL,500),(17,3,_binary '\0','Dashboard','dashboard','t-dashboard',1),(18,3,_binary '','Inspection Templates','templates','',510),(19,3,_binary '','Inspections','inspections','',520),(20,3,_binary '\0','Analytics','analytics','t-analytics',10),(21,2,_binary '\0','Reports','reportsV2','t-reports',10),(22,1,_binary '\0','Labels','smartLabels','t-smartLabels',10),(23,2,_binary '\0','Labels','smartLabels','t-smartLabels',10),(24,2,_binary '\0','Analytics','analytics','t-analytics',15),(25,4,_binary '\0','Analytics','analytics','t-analytics',15),(26,3,_binary '\0','Reports','reportsV2','t-reports',10),(27,9,_binary '\0','Dashboard','dashboard','t-dashboard',1),(28,9,_binary '\0','Reports','reportsV2','t-reports',10),(29,9,_binary '','Training Templates','templates',NULL,500),(30,9,_binary '','Training Groups','groups',NULL,510),(31,9,_binary '','Training Scheduling','scheduling',NULL,520),(32,10,_binary '\0','Dashboard','dashboard','t-dashboard',1),(33,10,_binary '\0','Reports','reportsV2','t-reports',10),(34,11,_binary '\0','Dashboard','dashboard','t-dashboard',1),(35,3,_binary '\0','Search','search','t-search',5),(36,4,_binary '\0','Search','search','t-search',5),(37,2,_binary '\0','Search','search','t-search',10),(38,12,_binary '\0','Dashboard','dashboard','t-dashboard',1),(39,12,_binary '\0','Search','search','t-search',5),(40,9,_binary '\0','Search','search','t-search',10),(41,1,_binary '\0','Search','search','t-search',5),(42,13,_binary '\0','Dashboard','dashboard','t-dashboard',1),(43,13,_binary '\0','Search','search','t-search',5),(44,14,_binary '\0','Dashboard','dashboard','t-dashboard',1),(45,15,_binary '\0','Dashboard','dashboard','t-dashboard',1),(46,16,_binary '\0','Dashboard','dashboard','t-dashboard',1),(47,17,_binary '\0','Dashboard','dashboard','t-dashboard',1);
/*!40000 ALTER TABLE `module_sections` ENABLE KEYS */;
UNLOCK TABLES;

--
-- Table structure for table `modules`
--

DROP TABLE IF EXISTS `modules`;
/*!40101 SET @saved_cs_client     = @@character_set_client */;
/*!40101 SET character_set_client = utf8 */;
CREATE TABLE `modules` (
  `id` int(10) unsigned NOT NULL AUTO_INCREMENT,
  `display_name` varchar(50) DEFAULT NULL,
  `allow_status_creation` bit(1) NOT NULL DEFAULT b'0',
  `allow_location_creation` bit(1) NOT NULL DEFAULT b'0',
  `allow_view_creation` bit(1) NOT NULL DEFAULT b'0',
  `name` varchar(50) DEFAULT NULL,
  `allow_priority_creation` bit(1) DEFAULT b'0',
  `allow_subject_creation` bit(1) NOT NULL DEFAULT b'0',
  `allow_alert_creation` bit(1) NOT NULL DEFAULT b'0',
  `allow_label_creation` bit(1) NOT NULL DEFAULT b'0',
  `allow_item_dictionary_creation` bit(1) NOT NULL DEFAULT b'0',
  `allow_external_content_creation` bit(1) NOT NULL DEFAULT b'0',
  PRIMARY KEY (`id`)
) ENGINE=InnoDB AUTO_INCREMENT=18 DEFAULT CHARSET=latin1;
/*!40101 SET character_set_client = @saved_cs_client */;

--
-- Dumping data for table `modules`
--

LOCK TABLES `modules` WRITE;
/*!40000 ALTER TABLE `modules` DISABLE KEYS */;
INSERT INTO `modules` VALUES (1,'Carts',_binary '\0',_binary '',_binary '','carts',_binary '\0',_binary '\0',_binary '',_binary '',_binary '',_binary '\0'),(2,'Verification',_binary '',_binary '',_binary '','verification',_binary '',_binary '\0',_binary '\0',_binary '',_binary '',_binary '\0'),(3,'Inspections',_binary '\0',_binary '',_binary '','inspections',_binary '\0',_binary '\0',_binary '',_binary '\0',_binary '\0',_binary '\0'),(4,'Activities',_binary '\0',_binary '',_binary '','activities',_binary '\0',_binary '',_binary '',_binary '\0',_binary '\0',_binary '\0'),(9,'Training',_binary '\0',_binary '\0',_binary '','training',_binary '\0',_binary '\0',_binary '',_binary '\0',_binary '\0',_binary ''),(10,'Tracking',_binary '',_binary '',_binary '','tracking',_binary '',_binary '\0',_binary '\0',_binary '',_binary '\0',_binary '\0'),(11,'Productivity',_binary '\0',_binary '\0',_binary '\0','productivity',_binary '\0',_binary '\0',_binary '\0',_binary '\0',_binary '\0',_binary '\0'),(12,'CII Waste',_binary '\0',_binary '',_binary '','ciiwaste',_binary '\0',_binary '\0',_binary '\0',_binary '\0',_binary '\0',_binary '\0'),(13,'Barcodes',_binary '\0',_binary '\0',_binary '','barcodes',_binary '\0',_binary '\0',_binary '\0',_binary '\0',_binary '\0',_binary '\0'),(14,'503B (Dev Use Only)',_binary '\0',_binary '\0',_binary '\0','pk503b',_binary '\0',_binary '\0',_binary '\0',_binary '\0',_binary '\0',_binary '\0'),(15,'Documents',_binary '\0',_binary '\0',_binary '\0','documents',_binary '\0',_binary '\0',_binary '\0',_binary '\0',_binary '\0',_binary '\0'),(16,'Inclusiv',_binary '\0',_binary '\0',_binary '','inclusiv',_binary '\0',_binary '\0',_binary '\0',_binary '\0',_binary '\0',_binary '\0'),(17,'News & CE',_binary '\0',_binary '\0',_binary '','trc',_binary '\0',_binary '\0',_binary '\0',_binary '\0',_binary '\0',_binary '\0');
/*!40000 ALTER TABLE `modules` ENABLE KEYS */;
UNLOCK TABLES;

--
-- Table structure for table `multi_choice_group`
--

DROP TABLE IF EXISTS `multi_choice_group`;
/*!40101 SET @saved_cs_client     = @@character_set_client */;
/*!40101 SET character_set_client = utf8 */;
CREATE TABLE `multi_choice_group` (
  `id` int(10) unsigned NOT NULL AUTO_INCREMENT,
  `account_id` int(10) unsigned DEFAULT NULL,
  `name` varchar(255) DEFAULT NULL,
  `ad_hoc_fl` bit(1) NOT NULL DEFAULT b'1',
  `active_fl` bit(1) NOT NULL DEFAULT b'1',
  PRIMARY KEY (`id`)
) ENGINE=InnoDB AUTO_INCREMENT=2 DEFAULT CHARSET=latin1;
/*!40101 SET character_set_client = @saved_cs_client */;

--
-- Dumping data for table `multi_choice_group`
--

LOCK TABLES `multi_choice_group` WRITE;
/*!40000 ALTER TABLE `multi_choice_group` DISABLE KEYS */;
INSERT INTO `multi_choice_group` VALUES (1,NULL,'Pass/Fail',_binary '\0',_binary '');
/*!40000 ALTER TABLE `multi_choice_group` ENABLE KEYS */;
UNLOCK TABLES;

--
-- Table structure for table `multi_choice_option`
--

DROP TABLE IF EXISTS `multi_choice_option`;
/*!40101 SET @saved_cs_client     = @@character_set_client */;
/*!40101 SET character_set_client = utf8 */;
CREATE TABLE `multi_choice_option` (
  `id` int(10) unsigned NOT NULL AUTO_INCREMENT,
  `multi_choice_group_id` int(10) unsigned NOT NULL,
  `name` varchar(512) DEFAULT NULL,
  `is_correct_fl` bit(1) NOT NULL DEFAULT b'1',
  `active_fl` bit(1) NOT NULL DEFAULT b'1',
  PRIMARY KEY (`id`)
) ENGINE=InnoDB AUTO_INCREMENT=3 DEFAULT CHARSET=latin1;
/*!40101 SET character_set_client = @saved_cs_client */;

--
-- Dumping data for table `multi_choice_option`
--

LOCK TABLES `multi_choice_option` WRITE;
/*!40000 ALTER TABLE `multi_choice_option` DISABLE KEYS */;
INSERT INTO `multi_choice_option` VALUES (1,1,'Pass',_binary '',_binary ''),(2,1,'Fail',_binary '\0',_binary '');
/*!40000 ALTER TABLE `multi_choice_option` ENABLE KEYS */;
UNLOCK TABLES;

--
-- Table structure for table `network_notification`
--

DROP TABLE IF EXISTS `network_notification`;
/*!40101 SET @saved_cs_client     = @@character_set_client */;
/*!40101 SET character_set_client = utf8 */;
CREATE TABLE `network_notification` (
  `id` int(10) unsigned NOT NULL AUTO_INCREMENT,
  `parent_entity_id` int(10) unsigned NOT NULL,
  `parent_account_id` int(10) unsigned NOT NULL,
  `child_account_id` int(10) unsigned NOT NULL,
  `module_id` int(10) unsigned NOT NULL,
  `entity_type` varchar(64) NOT NULL,
  `notification_type` varchar(64) NOT NULL,
  `note` varchar(1024) DEFAULT NULL,
  `ignored_entity_id` int(10) unsigned DEFAULT NULL,
  `status` varchar(64) DEFAULT NULL,
  `acknowledged_fl` bit(1) NOT NULL DEFAULT b'0',
  `last_updated_by` int(10) unsigned DEFAULT NULL,
  `last_updated_time` datetime DEFAULT NULL,
  `created_by` int(10) unsigned DEFAULT NULL,
  `created_time` datetime DEFAULT NULL,
  PRIMARY KEY (`id`),
  KEY `idx_network_notification_parent_account_id` (`parent_account_id`),
  KEY `idx_network_notification_child_account_id` (`child_account_id`)
) ENGINE=InnoDB DEFAULT CHARSET=latin1;
/*!40101 SET character_set_client = @saved_cs_client */;

--
-- Dumping data for table `network_notification`
--

LOCK TABLES `network_notification` WRITE;
/*!40000 ALTER TABLE `network_notification` DISABLE KEYS */;
/*!40000 ALTER TABLE `network_notification` ENABLE KEYS */;
UNLOCK TABLES;

--
-- Table structure for table `networks`
--

DROP TABLE IF EXISTS `networks`;
/*!40101 SET @saved_cs_client     = @@character_set_client */;
/*!40101 SET character_set_client = utf8 */;
CREATE TABLE `networks` (
  `id` int(10) unsigned NOT NULL AUTO_INCREMENT,
  `name` varchar(255) NOT NULL,
  `active` bit(1) NOT NULL DEFAULT b'1',
  PRIMARY KEY (`id`)
) ENGINE=InnoDB DEFAULT CHARSET=latin1;
/*!40101 SET character_set_client = @saved_cs_client */;

--
-- Dumping data for table `networks`
--

LOCK TABLES `networks` WRITE;
/*!40000 ALTER TABLE `networks` DISABLE KEYS */;
/*!40000 ALTER TABLE `networks` ENABLE KEYS */;
UNLOCK TABLES;

--
-- Table structure for table `notification_device`
--

DROP TABLE IF EXISTS `notification_device`;
/*!40101 SET @saved_cs_client     = @@character_set_client */;
/*!40101 SET character_set_client = utf8 */;
CREATE TABLE `notification_device` (
  `notification_id` int(10) unsigned NOT NULL,
  `device_id` int(10) unsigned NOT NULL
) ENGINE=InnoDB DEFAULT CHARSET=latin1;
/*!40101 SET character_set_client = @saved_cs_client */;

--
-- Dumping data for table `notification_device`
--

LOCK TABLES `notification_device` WRITE;
/*!40000 ALTER TABLE `notification_device` DISABLE KEYS */;
/*!40000 ALTER TABLE `notification_device` ENABLE KEYS */;
UNLOCK TABLES;

--
-- Table structure for table `notifications`
--

DROP TABLE IF EXISTS `notifications`;
/*!40101 SET @saved_cs_client     = @@character_set_client */;
/*!40101 SET character_set_client = utf8 */;
CREATE TABLE `notifications` (
  `id` int(10) unsigned NOT NULL AUTO_INCREMENT,
  `created` datetime NOT NULL,
  `account_id` int(11) NOT NULL,
  `compound_id` int(10) unsigned DEFAULT NULL,
  `message` varchar(500) NOT NULL,
  `sender_user_id` int(11) NOT NULL,
  `response_code` int(11) NOT NULL,
  `notes` longtext,
  PRIMARY KEY (`id`)
) ENGINE=InnoDB DEFAULT CHARSET=latin1;
/*!40101 SET character_set_client = @saved_cs_client */;

--
-- Dumping data for table `notifications`
--

LOCK TABLES `notifications` WRITE;
/*!40000 ALTER TABLE `notifications` DISABLE KEYS */;
/*!40000 ALTER TABLE `notifications` ENABLE KEYS */;
UNLOCK TABLES;

--
-- Table structure for table `ocr_image_scan`
--

DROP TABLE IF EXISTS `ocr_image_scan`;
/*!40101 SET @saved_cs_client     = @@character_set_client */;
/*!40101 SET character_set_client = utf8 */;
CREATE TABLE `ocr_image_scan` (
  `id` int(10) unsigned NOT NULL AUTO_INCREMENT,
  `ocr_label_definition_id` int(10) unsigned DEFAULT NULL,
  `account_id` int(10) unsigned DEFAULT NULL,
  `hl7id` int(10) unsigned DEFAULT NULL,
  `compound_id` int(10) unsigned DEFAULT NULL,
  `confidence` decimal(10,4) DEFAULT NULL,
  `ocr_raw_response` longtext,
  `ocr_parsed_response` longtext,
  `image_url` varchar(500) DEFAULT NULL,
  `medium_image_url` varchar(500) DEFAULT NULL,
  `thumbnail_image_url` varchar(500) DEFAULT NULL,
  `original_file_name` varchar(255) DEFAULT NULL,
  `medium_file_name` varchar(255) DEFAULT NULL,
  `thumbnail_file_name` varchar(255) DEFAULT NULL,
  `status` varchar(255) DEFAULT NULL,
  `last_updated_by` int(10) unsigned DEFAULT NULL,
  `last_updated_time` datetime DEFAULT NULL,
  `created_by` int(10) unsigned DEFAULT NULL,
  `created_time` datetime DEFAULT NULL,
  `approved_by` int(10) unsigned DEFAULT NULL,
  `approved_time` datetime DEFAULT NULL,
  PRIMARY KEY (`id`),
  KEY `idx_ocr_image_scan_hl7id_account_id` (`hl7id`,`account_id`)
) ENGINE=InnoDB DEFAULT CHARSET=latin1;
/*!40101 SET character_set_client = @saved_cs_client */;

--
-- Dumping data for table `ocr_image_scan`
--

LOCK TABLES `ocr_image_scan` WRITE;
/*!40000 ALTER TABLE `ocr_image_scan` DISABLE KEYS */;
/*!40000 ALTER TABLE `ocr_image_scan` ENABLE KEYS */;
UNLOCK TABLES;

--
-- Table structure for table `ocr_label_definition`
--

DROP TABLE IF EXISTS `ocr_label_definition`;
/*!40101 SET @saved_cs_client     = @@character_set_client */;
/*!40101 SET character_set_client = utf8 */;
CREATE TABLE `ocr_label_definition` (
  `id` int(10) unsigned NOT NULL AUTO_INCREMENT,
  `account_id` int(10) unsigned NOT NULL,
  `name` varchar(1000) DEFAULT NULL,
  `active` bit(1) NOT NULL DEFAULT b'1',
  `vertical_tolerance` decimal(10,4) DEFAULT NULL,
  PRIMARY KEY (`id`),
  KEY `idx_ocr_label_def_acct_id` (`account_id`)
) ENGINE=InnoDB DEFAULT CHARSET=latin1;
/*!40101 SET character_set_client = @saved_cs_client */;

--
-- Dumping data for table `ocr_label_definition`
--

LOCK TABLES `ocr_label_definition` WRITE;
/*!40000 ALTER TABLE `ocr_label_definition` DISABLE KEYS */;
/*!40000 ALTER TABLE `ocr_label_definition` ENABLE KEYS */;
UNLOCK TABLES;

--
-- Table structure for table `ocr_label_definition_line`
--

DROP TABLE IF EXISTS `ocr_label_definition_line`;
/*!40101 SET @saved_cs_client     = @@character_set_client */;
/*!40101 SET character_set_client = utf8 */;
CREATE TABLE `ocr_label_definition_line` (
  `id` int(10) unsigned NOT NULL AUTO_INCREMENT,
  `ocr_label_definition_line_group_id` int(10) unsigned NOT NULL,
  `sort_order` int(11) DEFAULT NULL,
  PRIMARY KEY (`id`),
  KEY `idx_ocr_label_def_lg_id` (`ocr_label_definition_line_group_id`)
) ENGINE=InnoDB DEFAULT CHARSET=latin1;
/*!40101 SET character_set_client = @saved_cs_client */;

--
-- Dumping data for table `ocr_label_definition_line`
--

LOCK TABLES `ocr_label_definition_line` WRITE;
/*!40000 ALTER TABLE `ocr_label_definition_line` DISABLE KEYS */;
/*!40000 ALTER TABLE `ocr_label_definition_line` ENABLE KEYS */;
UNLOCK TABLES;

--
-- Table structure for table `ocr_label_definition_line_group`
--

DROP TABLE IF EXISTS `ocr_label_definition_line_group`;
/*!40101 SET @saved_cs_client     = @@character_set_client */;
/*!40101 SET character_set_client = utf8 */;
CREATE TABLE `ocr_label_definition_line_group` (
  `id` int(10) unsigned NOT NULL AUTO_INCREMENT,
  `ocr_label_definition_id` int(10) unsigned NOT NULL,
  `sort_order` int(11) DEFAULT NULL,
  `variable_note_lines` bit(1) NOT NULL DEFAULT b'0',
  `component` bit(1) NOT NULL DEFAULT b'0',
  PRIMARY KEY (`id`),
  KEY `idx_ocr_label_def_id` (`ocr_label_definition_id`)
) ENGINE=InnoDB DEFAULT CHARSET=latin1;
/*!40101 SET character_set_client = @saved_cs_client */;

--
-- Dumping data for table `ocr_label_definition_line_group`
--

LOCK TABLES `ocr_label_definition_line_group` WRITE;
/*!40000 ALTER TABLE `ocr_label_definition_line_group` DISABLE KEYS */;
/*!40000 ALTER TABLE `ocr_label_definition_line_group` ENABLE KEYS */;
UNLOCK TABLES;

--
-- Table structure for table `ocr_label_definition_section`
--

DROP TABLE IF EXISTS `ocr_label_definition_section`;
/*!40101 SET @saved_cs_client     = @@character_set_client */;
/*!40101 SET character_set_client = utf8 */;
CREATE TABLE `ocr_label_definition_section` (
  `id` int(10) unsigned NOT NULL AUTO_INCREMENT,
  `ocr_label_definition_line_id` int(10) unsigned NOT NULL,
  `horizontal_position` decimal(10,4) NOT NULL,
  `regex` varchar(1000) DEFAULT NULL,
  `map_to_field` varchar(255) DEFAULT NULL,
  `used` bit(1) NOT NULL DEFAULT b'1',
  PRIMARY KEY (`id`),
  KEY `idx_ocr_label_def_line_id` (`ocr_label_definition_line_id`)
) ENGINE=InnoDB DEFAULT CHARSET=latin1;
/*!40101 SET character_set_client = @saved_cs_client */;

--
-- Dumping data for table `ocr_label_definition_section`
--

LOCK TABLES `ocr_label_definition_section` WRITE;
/*!40000 ALTER TABLE `ocr_label_definition_section` DISABLE KEYS */;
/*!40000 ALTER TABLE `ocr_label_definition_section` ENABLE KEYS */;
UNLOCK TABLES;

--
-- Table structure for table `ocr_label_definition_section_capture_group`
--

DROP TABLE IF EXISTS `ocr_label_definition_section_capture_group`;
/*!40101 SET @saved_cs_client     = @@character_set_client */;
/*!40101 SET character_set_client = utf8 */;
CREATE TABLE `ocr_label_definition_section_capture_group` (
  `id` int(10) unsigned NOT NULL AUTO_INCREMENT,
  `ocr_label_definition_section_id` int(10) unsigned NOT NULL,
  `map_to_field` varchar(255) DEFAULT NULL,
  `group_number` int(10) unsigned NOT NULL,
  PRIMARY KEY (`id`),
  KEY `fk_ocr_label_definition_section` (`ocr_label_definition_section_id`),
  CONSTRAINT `fk_ocr_label_definition_section` FOREIGN KEY (`ocr_label_definition_section_id`) REFERENCES `ocr_label_definition_section` (`id`)
) ENGINE=InnoDB DEFAULT CHARSET=latin1;
/*!40101 SET character_set_client = @saved_cs_client */;

--
-- Dumping data for table `ocr_label_definition_section_capture_group`
--

LOCK TABLES `ocr_label_definition_section_capture_group` WRITE;
/*!40000 ALTER TABLE `ocr_label_definition_section_capture_group` DISABLE KEYS */;
/*!40000 ALTER TABLE `ocr_label_definition_section_capture_group` ENABLE KEYS */;
UNLOCK TABLES;

--
-- Table structure for table `orderset_staging`
--

DROP TABLE IF EXISTS `orderset_staging`;
/*!40101 SET @saved_cs_client     = @@character_set_client */;
/*!40101 SET character_set_client = utf8 */;
CREATE TABLE `orderset_staging` (
  `id` int(10) unsigned NOT NULL AUTO_INCREMENT,
  `account_id` int(10) unsigned NOT NULL,
  `ndc` varchar(36) NOT NULL,
  `mnemonic` varchar(100) NOT NULL,
  `order_string` varchar(200) NOT NULL,
  `recipe_name` varchar(200) NOT NULL,
  `active_fl` bit(1) NOT NULL DEFAULT b'0',
  `last_updated_by` int(10) unsigned DEFAULT NULL,
  `last_updated_time` datetime DEFAULT NULL,
  `created_by` int(10) unsigned DEFAULT NULL,
  `created_time` datetime DEFAULT NULL,
  PRIMARY KEY (`id`)
) ENGINE=InnoDB DEFAULT CHARSET=latin1;
/*!40101 SET character_set_client = @saved_cs_client */;

--
-- Dumping data for table `orderset_staging`
--

LOCK TABLES `orderset_staging` WRITE;
/*!40000 ALTER TABLE `orderset_staging` DISABLE KEYS */;
/*!40000 ALTER TABLE `orderset_staging` ENABLE KEYS */;
UNLOCK TABLES;

--
-- Table structure for table `outbound_component`
--

DROP TABLE IF EXISTS `outbound_component`;
/*!40101 SET @saved_cs_client     = @@character_set_client */;
/*!40101 SET character_set_client = utf8 */;
CREATE TABLE `outbound_component` (
  `id` int(11) NOT NULL AUTO_INCREMENT,
  `outbound_message_id` int(11) NOT NULL,
  `lot` varchar(255) DEFAULT NULL,
  `amount_dispensed` varchar(255) DEFAULT NULL,
  `amount_wasted` varchar(255) DEFAULT NULL,
  `ndc` varchar(75) DEFAULT NULL,
  `name` varchar(2050) DEFAULT NULL,
  `expiration_date` datetime DEFAULT NULL,
  `processed_fl` bit(1) DEFAULT b'0',
  `amount_dispensed_unit` varchar(10) DEFAULT NULL,
  `mnemonic` varchar(100) DEFAULT NULL,
  `outbound_translation_id` int(10) unsigned DEFAULT NULL,
  `ndc_10` varchar(75) DEFAULT NULL,
  `ndc_11` varchar(75) DEFAULT NULL,
  `amount_wasted_unit` varchar(20) DEFAULT NULL,
  `waste_message_delay_counter` int(11) NOT NULL DEFAULT '0',
  PRIMARY KEY (`id`),
  KEY `idx_outbound_message_id` (`outbound_message_id`)
) ENGINE=InnoDB DEFAULT CHARSET=latin1;
/*!40101 SET character_set_client = @saved_cs_client */;

--
-- Dumping data for table `outbound_component`
--

LOCK TABLES `outbound_component` WRITE;
/*!40000 ALTER TABLE `outbound_component` DISABLE KEYS */;
/*!40000 ALTER TABLE `outbound_component` ENABLE KEYS */;
UNLOCK TABLES;

--
-- Table structure for table `outbound_message`
--

DROP TABLE IF EXISTS `outbound_message`;
/*!40101 SET @saved_cs_client     = @@character_set_client */;
/*!40101 SET character_set_client = utf8 */;
CREATE TABLE `outbound_message` (
  `id` int(11) NOT NULL AUTO_INCREMENT,
  `account_id` int(11) NOT NULL,
  `outbound_message_type` enum('hev','epic') DEFAULT NULL,
  `ext_facility_id` varchar(255) DEFAULT NULL,
  `patient_id` varchar(255) DEFAULT NULL,
  `patient_first_name` varchar(255) DEFAULT NULL,
  `patient_middle_name` varchar(255) DEFAULT NULL,
  `patient_last_name` varchar(255) DEFAULT NULL,
  `patient_dob` datetime DEFAULT NULL,
  `patient_gender` varchar(255) DEFAULT NULL,
  `patient_location` varchar(255) DEFAULT NULL,
  `patient_room` varchar(255) DEFAULT NULL,
  `patient_bed` varchar(255) DEFAULT NULL,
  `order_number` varchar(255) DEFAULT NULL,
  `order_status` varchar(255) DEFAULT NULL,
  `order_date` datetime DEFAULT NULL,
  `dose_interval` varchar(255) DEFAULT NULL,
  `start_time` datetime DEFAULT NULL,
  `priority` varchar(255) DEFAULT NULL,
  `medication` varchar(255) DEFAULT NULL,
  `give_amount` varchar(255) DEFAULT NULL,
  `give_amount_units` varchar(255) DEFAULT NULL,
  `instructions` varchar(255) DEFAULT NULL,
  `dispense_amount` varchar(255) DEFAULT NULL,
  `order_provider_id` varchar(255) DEFAULT NULL,
  `order_provider_first_name` varchar(255) DEFAULT NULL,
  `order_provider_last_name` varchar(255) DEFAULT NULL,
  `route` varchar(255) DEFAULT NULL,
  `processed_fl` bit(1) DEFAULT b'0',
  `compound_id` int(10) unsigned DEFAULT NULL,
  `transaction_id` varchar(100) DEFAULT NULL,
  PRIMARY KEY (`id`),
  KEY `idx_processed_fl` (`processed_fl`)
) ENGINE=InnoDB DEFAULT CHARSET=latin1;
/*!40101 SET character_set_client = @saved_cs_client */;

--
-- Dumping data for table `outbound_message`
--

LOCK TABLES `outbound_message` WRITE;
/*!40000 ALTER TABLE `outbound_message` DISABLE KEYS */;
/*!40000 ALTER TABLE `outbound_message` ENABLE KEYS */;
UNLOCK TABLES;

--
-- Table structure for table `outbound_translation`
--

DROP TABLE IF EXISTS `outbound_translation`;
/*!40101 SET @saved_cs_client     = @@character_set_client */;
/*!40101 SET character_set_client = utf8 */;
CREATE TABLE `outbound_translation` (
  `id` int(10) unsigned NOT NULL AUTO_INCREMENT,
  `account_id` int(10) unsigned NOT NULL,
  `active` bit(1) NOT NULL DEFAULT b'1',
  `mnemonic` varchar(1500) NOT NULL,
  `representative_ndc` varchar(128) NOT NULL,
  `created_by` int(10) unsigned DEFAULT NULL,
  `created_time` datetime DEFAULT NULL,
  `last_updated_by` int(10) unsigned DEFAULT NULL,
  `last_updated_time` datetime DEFAULT NULL,
  PRIMARY KEY (`id`),
  KEY `outbound_translation_idx` (`account_id`)
) ENGINE=InnoDB DEFAULT CHARSET=latin1;
/*!40101 SET character_set_client = @saved_cs_client */;

--
-- Dumping data for table `outbound_translation`
--

LOCK TABLES `outbound_translation` WRITE;
/*!40000 ALTER TABLE `outbound_translation` DISABLE KEYS */;
/*!40000 ALTER TABLE `outbound_translation` ENABLE KEYS */;
UNLOCK TABLES;

--
-- Table structure for table `outbound_translation_associated_ndc`
--

DROP TABLE IF EXISTS `outbound_translation_associated_ndc`;
/*!40101 SET @saved_cs_client     = @@character_set_client */;
/*!40101 SET character_set_client = utf8 */;
CREATE TABLE `outbound_translation_associated_ndc` (
  `id` int(10) unsigned NOT NULL AUTO_INCREMENT,
  `account_id` int(10) unsigned NOT NULL,
  `outbound_translation_id` int(10) unsigned NOT NULL,
  `ndc` varchar(128) NOT NULL,
  `created_by` int(10) unsigned DEFAULT NULL,
  `created_time` datetime DEFAULT NULL,
  `last_updated_by` int(10) unsigned DEFAULT NULL,
  `last_updated_time` datetime DEFAULT NULL,
  PRIMARY KEY (`id`),
  KEY `outbound_translation_associated_ndc_idx` (`outbound_translation_id`)
) ENGINE=InnoDB DEFAULT CHARSET=latin1;
/*!40101 SET character_set_client = @saved_cs_client */;

--
-- Dumping data for table `outbound_translation_associated_ndc`
--

LOCK TABLES `outbound_translation_associated_ndc` WRITE;
/*!40000 ALTER TABLE `outbound_translation_associated_ndc` DISABLE KEYS */;
/*!40000 ALTER TABLE `outbound_translation_associated_ndc` ENABLE KEYS */;
UNLOCK TABLES;

--
-- Table structure for table `outbound_translation_error`
--

DROP TABLE IF EXISTS `outbound_translation_error`;
/*!40101 SET @saved_cs_client     = @@character_set_client */;
/*!40101 SET character_set_client = utf8 */;
CREATE TABLE `outbound_translation_error` (
  `id` int(10) unsigned NOT NULL AUTO_INCREMENT,
  `account_id` int(10) unsigned NOT NULL,
  `source` varchar(100) NOT NULL,
  `message` varchar(512) NOT NULL,
  `mnemonic` varchar(512) DEFAULT NULL,
  `representative_ndc` varchar(128) DEFAULT NULL,
  `associated_ndcs` varchar(3000) DEFAULT NULL,
  `created_time` datetime DEFAULT NULL,
  `component_name` varchar(1100) DEFAULT NULL,
  PRIMARY KEY (`id`),
  KEY `outbound_translation_error_idx` (`account_id`)
) ENGINE=InnoDB DEFAULT CHARSET=latin1;
/*!40101 SET character_set_client = @saved_cs_client */;

--
-- Dumping data for table `outbound_translation_error`
--

LOCK TABLES `outbound_translation_error` WRITE;
/*!40000 ALTER TABLE `outbound_translation_error` DISABLE KEYS */;
/*!40000 ALTER TABLE `outbound_translation_error` ENABLE KEYS */;
UNLOCK TABLES;

--
-- Table structure for table `outgoing_message_forwarding`
--

DROP TABLE IF EXISTS `outgoing_message_forwarding`;
/*!40101 SET @saved_cs_client     = @@character_set_client */;
/*!40101 SET character_set_client = utf8 */;
CREATE TABLE `outgoing_message_forwarding` (
  `id` int(10) unsigned NOT NULL AUTO_INCREMENT,
  `account_id` int(11) NOT NULL,
  `target_outgoing_interface` varchar(256) DEFAULT NULL,
  `original_message_UUID` varchar(256) NOT NULL,
  `compound_id` varchar(256) DEFAULT NULL,
  `forwarded_by` varchar(256) NOT NULL,
  `processed` bit(1) NOT NULL DEFAULT b'0',
  `created` timestamp NOT NULL DEFAULT CURRENT_TIMESTAMP,
  PRIMARY KEY (`id`),
  KEY `idx_account_processed` (`account_id`,`processed`)
) ENGINE=InnoDB DEFAULT CHARSET=latin1;
/*!40101 SET character_set_client = @saved_cs_client */;

--
-- Dumping data for table `outgoing_message_forwarding`
--

LOCK TABLES `outgoing_message_forwarding` WRITE;
/*!40000 ALTER TABLE `outgoing_message_forwarding` DISABLE KEYS */;
/*!40000 ALTER TABLE `outgoing_message_forwarding` ENABLE KEYS */;
UNLOCK TABLES;

--
-- Table structure for table `parameter`
--

DROP TABLE IF EXISTS `parameter`;
/*!40101 SET @saved_cs_client     = @@character_set_client */;
/*!40101 SET character_set_client = utf8 */;
CREATE TABLE `parameter` (
  `id` int(10) unsigned NOT NULL AUTO_INCREMENT,
  `value` varchar(255) NOT NULL,
  `type` varchar(100) DEFAULT NULL,
  `display_name` varchar(255) DEFAULT NULL,
  `related_list` varchar(100) DEFAULT NULL,
  `resolution` varchar(100) DEFAULT NULL,
  PRIMARY KEY (`id`)
) ENGINE=InnoDB AUTO_INCREMENT=44 DEFAULT CHARSET=latin1;
/*!40101 SET character_set_client = @saved_cs_client */;

--
-- Dumping data for table `parameter`
--

LOCK TABLES `parameter` WRITE;
/*!40000 ALTER TABLE `parameter` DISABLE KEYS */;
INSERT INTO `parameter` VALUES (3,'inspection_date_type','list','Date Type','customInspectionDateType',NULL),(4,'inspection_assigned_to','multiSelect','Assigned To','user',NULL),(5,'inspection_template','multiSelect','Template','inspectionTemplate',NULL),(6,'location','multiSelect','Location','location',NULL),(7,'status','list','Status','status',NULL),(8,'inspection_non_compliance_group_identifier','list','Primary Group By','customInspectionNonComplianceGroupIdentifier',NULL),(9,'start_date','date','Start Date',NULL,'day'),(10,'end_date','date','End Date',NULL,'day'),(11,'threshold','text','Threshold',NULL,NULL),(12,'month','date','Month',NULL,'month'),(13,'inspection_completed_by','multiSelect','Completed By','user',NULL),(14,'inspection','list','Inspection','inspection',NULL),(15,'inspection_compliance_completion_group_identifier','list','Group By','customInspectionComplianceCompletionGroupIdentifier',NULL),(16,'lookAheadDays','text','Lookahead Days',NULL,NULL),(17,'activity','multiSelect','Activity','activity',NULL),(18,'activity_completed_by','multiSelect','Completed By','user',NULL),(19,'subject','multiSelect','Subject','subject',NULL),(20,'trouble_ticket_status','list','Ticket Status','customTroubleTicketStatus',NULL),(21,'workflow','list','Workflow','workflow',NULL),(22,'outlier_threshold','text','Outlier Threshold',NULL,NULL),(23,'pharmacy','multiSelect','Pharmacy','pharmacy',NULL),(24,'equipment','multiSelect','Equipment','equipment',NULL),(25,'priority','multiSelect','Priority','priority',NULL),(26,'compound_preparer','multiSelect','Preparer','user',NULL),(27,'compound_approver','multiSelect','Approver','user',NULL),(28,'date_type','list','Group By','customMonthOrDay',NULL),(29,'batch_expiration_days_threshold','text','Include Batches Expiring In (Days)','',NULL),(30,'expiration_date_type','list','Expiration Date Type','customExpirationDateType',NULL),(31,'peer_group','multiSelect','Peer Group','user',NULL),(32,'start_time','text','Start Time','','time'),(33,'end_time','text','End Time','','time'),(34,'single_user','list','User','user',NULL),(35,'trainee_user','multiSelect','Trainee','user',NULL),(36,'trainer_user','multiSelect','Trainer','user',NULL),(37,'manager_user','multiSelect','Manager','user',NULL),(38,'training_template','multiSelect','Training Template','trainingTemplate',NULL),(39,'order_delivered_by','multiSelect','Delivered By','user',NULL),(40,'delivery_time_measure','list','Use delivery time as','customDeliveryTimeMeasure',NULL),(41,'order_high_threshold','text','Include Deliveries under Threshold (Minutes)','','minutes'),(42,'order_low_threshold','text','Include Deliveries over Threshold (Minutes)','','minutes'),(43,'destination','text','Destination','',NULL);
/*!40000 ALTER TABLE `parameter` ENABLE KEYS */;
UNLOCK TABLES;

--
-- Table structure for table `password_resets`
--

DROP TABLE IF EXISTS `password_resets`;
/*!40101 SET @saved_cs_client     = @@character_set_client */;
/*!40101 SET character_set_client = utf8 */;
CREATE TABLE `password_resets` (
  `id` int(10) unsigned NOT NULL AUTO_INCREMENT,
  `reset_time` datetime NOT NULL,
  `request_ip` varchar(255) NOT NULL,
  `user_id` int(10) unsigned NOT NULL,
  `token` varchar(255) DEFAULT NULL,
  `active` bit(1) NOT NULL DEFAULT b'1',
  `token_used` bit(1) DEFAULT b'0',
  `token_use_ip` varchar(255) DEFAULT NULL,
  `token_expiration` datetime DEFAULT NULL,
  PRIMARY KEY (`id`)
) ENGINE=InnoDB DEFAULT CHARSET=latin1;
/*!40101 SET character_set_client = @saved_cs_client */;

--
-- Dumping data for table `password_resets`
--

LOCK TABLES `password_resets` WRITE;
/*!40000 ALTER TABLE `password_resets` DISABLE KEYS */;
/*!40000 ALTER TABLE `password_resets` ENABLE KEYS */;
UNLOCK TABLES;

--
-- Table structure for table `password_rule`
--

DROP TABLE IF EXISTS `password_rule`;
/*!40101 SET @saved_cs_client     = @@character_set_client */;
/*!40101 SET character_set_client = utf8 */;
CREATE TABLE `password_rule` (
  `id` int(10) unsigned NOT NULL AUTO_INCREMENT,
  `name` varchar(256) NOT NULL,
  `description` varchar(512) NOT NULL,
  `created_by` int(10) unsigned DEFAULT NULL,
  `created_time` datetime DEFAULT NULL,
  `last_updated_by` int(10) unsigned DEFAULT NULL,
  `last_updated_time` datetime DEFAULT NULL,
  PRIMARY KEY (`id`),
  KEY `fk_pr_lastUpdated_by` (`last_updated_by`),
  KEY `fk_pr_created_by` (`created_by`),
  CONSTRAINT `fk_pr_created_by` FOREIGN KEY (`created_by`) REFERENCES `users` (`id`) ON DELETE NO ACTION ON UPDATE NO ACTION,
  CONSTRAINT `fk_pr_lastUpdated_by` FOREIGN KEY (`last_updated_by`) REFERENCES `users` (`id`) ON DELETE NO ACTION ON UPDATE NO ACTION
) ENGINE=InnoDB AUTO_INCREMENT=9 DEFAULT CHARSET=latin1;
/*!40101 SET character_set_client = @saved_cs_client */;

--
-- Dumping data for table `password_rule`
--

LOCK TABLES `password_rule` WRITE;
/*!40000 ALTER TABLE `password_rule` DISABLE KEYS */;
INSERT INTO `password_rule` VALUES (1,'Expiration Days','A number from 1 to 999 indicating the number of days a password is valid for.',NULL,NULL,NULL,NULL),(2,'Minimum Length','The minimum required length for a password.',NULL,NULL,NULL,NULL),(3,'Required Capital Letters','A number from 0 to 99 indicating the number of required capital letters.',NULL,NULL,NULL,NULL),(4,'Required Numerals','A number from 0 to 99 indicating the number of required numerals.',NULL,NULL,NULL,NULL),(5,'Required Special Characters','A number from 0 to 99 indicating the number of required special characters (!@#^*?_~)',NULL,NULL,NULL,NULL),(6,'Reuse Days','Number of days before an old password can be reused.',NULL,NULL,NULL,NULL),(7,'Max Failed Login Attempts','The number of failed login attempts to allow before locking the account.',NULL,NULL,NULL,NULL),(8,'Lockout Minutes','The number of minutes to disable an account after the Max Failed Login Attempts has been reached.',NULL,NULL,NULL,NULL);
/*!40000 ALTER TABLE `password_rule` ENABLE KEYS */;
UNLOCK TABLES;

--
-- Table structure for table `permission`
--

DROP TABLE IF EXISTS `permission`;
/*!40101 SET @saved_cs_client     = @@character_set_client */;
/*!40101 SET character_set_client = utf8 */;
CREATE TABLE `permission` (
  `id` int(10) unsigned NOT NULL AUTO_INCREMENT,
  `name` varchar(45) NOT NULL,
  `description` varchar(128) NOT NULL,
  `display_name` varchar(45) NOT NULL,
  `auth_level` int(11) NOT NULL,
  `module_id` int(10) unsigned DEFAULT NULL,
  `active_fl` bit(1) NOT NULL DEFAULT b'1',
  `last_updated_by` int(10) unsigned DEFAULT NULL,
  `last_updated_time` datetime DEFAULT NULL,
  `created_by` int(10) unsigned DEFAULT NULL,
  `created_time` datetime DEFAULT NULL,
  PRIMARY KEY (`id`),
  KEY `fk_permission_module` (`module_id`),
  KEY `fk_permission_lastuser` (`last_updated_by`),
  KEY `fk_permission_createuser` (`created_by`),
  CONSTRAINT `fk_permission_createuser` FOREIGN KEY (`created_by`) REFERENCES `users` (`id`),
  CONSTRAINT `fk_permission_lastuser` FOREIGN KEY (`last_updated_by`) REFERENCES `users` (`id`),
  CONSTRAINT `fk_permission_module` FOREIGN KEY (`module_id`) REFERENCES `modules` (`id`)
) ENGINE=InnoDB AUTO_INCREMENT=69 DEFAULT CHARSET=latin1;
/*!40101 SET character_set_client = @saved_cs_client */;

--
-- Dumping data for table `permission`
--

LOCK TABLES `permission` WRITE;
/*!40000 ALTER TABLE `permission` DISABLE KEYS */;
INSERT INTO `permission` VALUES (1,'CartsCanApprove','Can Approve','Can Approve',0,1,_binary '',NULL,NULL,NULL,NULL),(2,'CartsCanFill','Can Fill','Can Fill',0,1,_binary '',NULL,NULL,NULL,NULL),(3,'CartsCanCount','Can Count','Can Count',0,1,_binary '',NULL,NULL,NULL,NULL),(4,'CartsCanTransfer','Can Transfer','Can Transfer',0,1,_binary '',NULL,NULL,NULL,NULL),(5,'CartsCanViewHistory','Can View History','Can View History',0,1,_binary '',NULL,NULL,NULL,NULL),(6,'VerificationCanApprove','Can Approve','Can Approve',0,2,_binary '',NULL,NULL,NULL,NULL),(7,'VerificationCanPrepare','Can Prepare','Can Prepare',0,2,_binary '',NULL,NULL,NULL,NULL),(8,'VerificationCanDelete','Can Delete','Can Delete',0,2,_binary '',NULL,NULL,NULL,NULL),(9,'VerificationCanViewHistory','Can View History','Can View History',0,2,_binary '',NULL,NULL,NULL,NULL),(10,'InspectionsCanPerformInspection','Can Perform Inspection','Can Perform Inspection',0,3,_binary '',NULL,NULL,NULL,NULL),(11,'InspectionsCanViewHistory','Can View History','Can View History',0,3,_binary '',NULL,NULL,NULL,NULL),(12,'InspectionsCanReceiveInspectionAlerts','Receive Inspection Alerts','Receive Inspection Alerts',0,3,_binary '',NULL,NULL,NULL,NULL),(13,'InspectionsCanReceiveAccountSummaryAlerts','Receive Account Summary Alerts','Receive Account Summary Alerts',0,3,_binary '',NULL,NULL,NULL,NULL),(14,'CartsAdministrator','Carts Administrator','Carts Administrator',0,1,_binary '',NULL,NULL,NULL,NULL),(15,'VerificationAdministrator','Verification Administrator','Verification Administrator',0,2,_binary '',NULL,NULL,NULL,NULL),(16,'InspectionsAdministrator','Inspections Administrator','Inspections Administrator',0,3,_binary '',NULL,NULL,NULL,NULL),(17,'SuperUser','Super User','Super User',0,NULL,_binary '',NULL,NULL,NULL,NULL),(18,'Administrator','Administrator','Administrator',0,NULL,_binary '',NULL,NULL,NULL,NULL),(19,'VerificationCanDispenseBatch','Can Dispense Batch','Can Dispense Batch',0,2,_binary '',NULL,NULL,NULL,NULL),(20,'VerificationCanRemoveBatch','Can Remove Batch','Can Remove Batch',0,2,_binary '',NULL,NULL,NULL,NULL),(21,'InspectionsCanCreateBulkInspections','Can Create Bulk Inspections','Can Create Bulk Inspections',0,3,_binary '',NULL,NULL,NULL,NULL),(22,'CanManageRoles','Can Manage Roles','Can Manage Roles',0,NULL,_binary '',NULL,NULL,NULL,NULL),(23,'VerificationCanSecondaryApprove','Can Secondary Approve','Can Secondary Approve',0,2,_binary '',NULL,NULL,NULL,NULL),(24,'VerificationCanComponentCheck','Can Component Check','Can Component Check',0,2,_binary '',NULL,NULL,NULL,NULL),(25,'InspectionsCanDelete','Can Delete','Can Delete',0,3,_binary '',NULL,NULL,NULL,NULL),(26,'CanEditCompletedActivity','Can Edit Completed Activity','Can Edit Completed Activity',0,4,_binary '',NULL,NULL,NULL,NULL),(27,'ActivitiesAdministrator','Activities Administrator','Activities Administrator',0,4,_binary '',NULL,NULL,NULL,NULL),(28,'CanVerifySmartLabels','Can Verify Smart Labels','Can Verify Smart Labels',0,1,_binary '',NULL,NULL,NULL,NULL),(29,'CanApproveSamplingActivity','Can Approve Sampling Activities','Can Approve Sampling Activities',0,4,_binary '',NULL,NULL,NULL,NULL),(30,'InspectionsCanResetSchedule','Can Reset Inspection Schedules','Can Reset Inspection Schedules',0,3,_binary '',NULL,NULL,NULL,NULL),(31,'ActivitiesCanResetSchedule','Can Reset Activity Schedules','Can Reset Activity Schedules',0,4,_binary '',NULL,NULL,NULL,NULL),(32,'CanUnlockInspection','Can Unlock Inspection','Can Unlock Inspection',0,3,_binary '',NULL,NULL,NULL,NULL),(33,'CartsPreparerCanApprovePocketTrays','Carts Preparer Can Approve Pocket Trays','Carts Preparer Can Approve Pocket Trays',0,1,_binary '',NULL,NULL,NULL,NULL),(34,'CanVerifySmartLabels','Can Verify Smart Labels','Can Verify Smart Labels',0,2,_binary '',NULL,NULL,NULL,NULL),(36,'VerificationNurse','Verification Nurse','Verification Nurse',0,2,_binary '',NULL,NULL,NULL,NULL),(37,'Support','Support','Support',0,NULL,_binary '\0',NULL,NULL,NULL,NULL),(38,'TrainingAdministrator','Training Administrator','Training Administrator',0,9,_binary '',NULL,NULL,NULL,NULL),(39,'SetManualStatusOnCompound','Set Manual Status on Compound','Set Manual Status on Compound',0,2,_binary '',NULL,NULL,NULL,NULL),(40,'TrackingCanDeleteBatch','Tracking Can Delete Batch','Tracking Can Delete Batch',0,10,_binary '',NULL,NULL,NULL,NULL),(41,'TrackingCanDelete','Tracking Can Delete','Tracking Can Delete',0,10,_binary '',NULL,NULL,NULL,NULL),(42,'TrackingCanCancel','Tracking Can Cancel','Tracking Can Cancel',0,10,_binary '',NULL,NULL,NULL,NULL),(43,'SetManualStatusOnCompoundTracking','Tracking - Set Manual Status on Compound','Tracking - Set Manual Status on Compound',0,10,_binary '',NULL,NULL,NULL,NULL),(44,'TrackingCanCancelBatch','Tracking Can Cancel Batch','Tracking Can Cancel Batch',0,10,_binary '',NULL,NULL,NULL,NULL),(45,'TrackingAdministrator','Tracking Administrator','Tracking Administrator',0,10,_binary '',NULL,NULL,NULL,NULL),(46,'InspectionsCanApprove','Inspections Can Approve','Inspections Can Approve',0,3,_binary '\0',NULL,NULL,NULL,NULL),(47,'ProductivityAdministrator','Productivity Administrator','Productivity Administrator',0,11,_binary '',NULL,NULL,NULL,NULL),(48,'ProductivityUser','Productivity User','Productivity User',0,11,_binary '',NULL,NULL,NULL,NULL),(49,'CIIWasteAdministrator','CII Waste Administrator','CII Waste Administrator',0,12,_binary '',NULL,NULL,NULL,NULL),(50,'CIIWastePharmacist','CII Waste Pharmacist','CII Waste Pharmacist',0,12,_binary '',NULL,NULL,NULL,NULL),(51,'BarcodesAdministrator','Barcodes Administrator','Barcodes Administrator',0,13,_binary '',NULL,NULL,NULL,NULL),(52,'BarcodesApprover','Barcodes Approver','Barcodes Approver',0,13,_binary '',NULL,NULL,NULL,NULL),(53,'BarcodesTechnician','Barcodes Technician','Barcodes Technician',0,13,_binary '',NULL,NULL,NULL,NULL),(54,'CIIWasteTechnician','CII Waste Technician','CII Waste Technician',0,12,_binary '',NULL,NULL,NULL,NULL),(55,'BarcodesNetworkApprover','Barcodes Network Approver','Barcodes Network Approver',0,13,_binary '',NULL,NULL,NULL,NULL),(56,'CentralAdministrator','Central Administrator','Central Administrator',0,2,_binary '',NULL,NULL,NULL,NULL),(57,'TrainingNetworkAdministrator','Training Network Administrator','Training Network Administrator',0,9,_binary '',NULL,NULL,NULL,NULL),(58,'ActivityNetworkAdministrator','Activity Network Administrator','Activity Network Administrator',0,4,_binary '',NULL,NULL,NULL,NULL),(59,'VerificationAddRecipesWorkflowsViewsAdmin','Add Recipes/Workflows/Views Administrator','Add Recipes/Workflows/Views Administrator',0,2,_binary '',NULL,NULL,NULL,NULL),(60,'PKNetworkAdmin','PK Network Administrator','PK Network Administrator',0,NULL,_binary '',NULL,NULL,NULL,NULL),(61,'TrainingAddTemplateAdmin','Add Template Administrator','Add Template Administrator',0,9,_binary '',NULL,NULL,NULL,NULL),(62,'DocumentsAdministrator','Ability to grant Documents module user roles to other users.','Documents Administrator',0,15,_binary '',NULL,NULL,NULL,NULL),(63,'ViewDocument','Ability to view a document and list documents in the Documents module.','View Document',0,15,_binary '',NULL,NULL,NULL,NULL),(64,'CreateDocument','Ability to create a document in the Documents module.','Create Document',0,15,_binary '',NULL,NULL,NULL,NULL),(65,'DeleteDocument','Ability to delete a document in the Documents module.','Delete Document',0,15,_binary '',NULL,NULL,NULL,NULL),(66,'News&CEAdministrator','News & CE Administrator','News & CE Administrator',0,17,_binary '',NULL,NULL,NULL,NULL),(67,'News&CEPharmacist','News & CE Pharmacist','News & CE Pharmacist',0,17,_binary '',NULL,NULL,NULL,NULL),(68,'News&CETechnician','News & CE Technician','News & CE Technician',0,17,_binary '',NULL,NULL,NULL,NULL);
/*!40000 ALTER TABLE `permission` ENABLE KEYS */;
UNLOCK TABLES;

--
-- Table structure for table `pharmacy`
--

DROP TABLE IF EXISTS `pharmacy`;
/*!40101 SET @saved_cs_client     = @@character_set_client */;
/*!40101 SET character_set_client = utf8 */;
CREATE TABLE `pharmacy` (
  `id` int(10) unsigned NOT NULL AUTO_INCREMENT,
  `account_id` int(10) unsigned NOT NULL,
  `module_id` int(10) unsigned DEFAULT NULL,
  `name` varchar(100) NOT NULL,
  `active` bit(1) NOT NULL DEFAULT b'1',
  `last_updated_by` int(10) unsigned DEFAULT NULL,
  `last_updated_time` datetime DEFAULT NULL,
  `created_by` int(10) unsigned DEFAULT NULL,
  `created_time` datetime DEFAULT NULL,
  `workflow_id` int(10) unsigned DEFAULT NULL,
  `address` varchar(500) DEFAULT '',
  PRIMARY KEY (`id`),
  KEY `fk_pharmacy_lastUpdatedby` (`last_updated_by`),
  KEY `fk_pharmacy_createdby` (`created_by`),
  CONSTRAINT `fk_pharmacy_createdby` FOREIGN KEY (`created_by`) REFERENCES `users` (`id`),
  CONSTRAINT `fk_pharmacy_lastUpdatedby` FOREIGN KEY (`last_updated_by`) REFERENCES `users` (`id`)
) ENGINE=InnoDB DEFAULT CHARSET=latin1;
/*!40101 SET character_set_client = @saved_cs_client */;

--
-- Dumping data for table `pharmacy`
--

LOCK TABLES `pharmacy` WRITE;
/*!40000 ALTER TABLE `pharmacy` DISABLE KEYS */;
/*!40000 ALTER TABLE `pharmacy` ENABLE KEYS */;
UNLOCK TABLES;
ALTER DATABASE `pharmacy_keeper` CHARACTER SET latin1 COLLATE latin1_general_ci ;
/*!50003 SET @saved_cs_client      = @@character_set_client */ ;
/*!50003 SET @saved_cs_results     = @@character_set_results */ ;
/*!50003 SET @saved_col_connection = @@collation_connection */ ;
/*!50003 SET character_set_client  = latin1 */ ;
/*!50003 SET character_set_results = latin1 */ ;
/*!50003 SET collation_connection  = latin1_general_ci */ ;
/*!50003 SET @saved_sql_mode       = @@sql_mode */ ;
/*!50003 SET sql_mode              = 'ONLY_FULL_GROUP_BY,STRICT_TRANS_TABLES,NO_ZERO_IN_DATE,NO_ZERO_DATE,ERROR_FOR_DIVISION_BY_ZERO,NO_ENGINE_SUBSTITUTION' */ ;
DELIMITER ;;
/*!50003 CREATE*/ /*!50017 DEFINER=`root`@`localhost`*/ /*!50003 TRIGGER pharmacy_deletion
            AFTER DELETE ON pharmacy FOR EACH ROW
            BEGIN
            INSERT INTO deletion_trail (primary_record_id, secondary_record_id, table_name, account_id,  primary_id_name, secondary_id_name, deletion_time)
            VALUES (OLD.id, NULL, "pharmacy", OLD.account_id, "id", NULL, NOW());
            END */;;
DELIMITER ;
/*!50003 SET sql_mode              = @saved_sql_mode */ ;
/*!50003 SET character_set_client  = @saved_cs_client */ ;
/*!50003 SET character_set_results = @saved_cs_results */ ;
/*!50003 SET collation_connection  = @saved_col_connection */ ;
ALTER DATABASE `pharmacy_keeper` CHARACTER SET latin1 COLLATE latin1_swedish_ci ;

--
-- Table structure for table `pharmacy_shifts`
--

DROP TABLE IF EXISTS `pharmacy_shifts`;
/*!40101 SET @saved_cs_client     = @@character_set_client */;
/*!40101 SET character_set_client = utf8 */;
CREATE TABLE `pharmacy_shifts` (
  `id` int(10) unsigned NOT NULL AUTO_INCREMENT,
  `pharmacy_id` int(10) unsigned NOT NULL,
  `shift_id` int(10) unsigned NOT NULL,
  PRIMARY KEY (`id`)
) ENGINE=InnoDB DEFAULT CHARSET=latin1;
/*!40101 SET character_set_client = @saved_cs_client */;

--
-- Dumping data for table `pharmacy_shifts`
--

LOCK TABLES `pharmacy_shifts` WRITE;
/*!40000 ALTER TABLE `pharmacy_shifts` DISABLE KEYS */;
/*!40000 ALTER TABLE `pharmacy_shifts` ENABLE KEYS */;
UNLOCK TABLES;
ALTER DATABASE `pharmacy_keeper` CHARACTER SET latin1 COLLATE latin1_general_ci ;
/*!50003 SET @saved_cs_client      = @@character_set_client */ ;
/*!50003 SET @saved_cs_results     = @@character_set_results */ ;
/*!50003 SET @saved_col_connection = @@collation_connection */ ;
/*!50003 SET character_set_client  = latin1 */ ;
/*!50003 SET character_set_results = latin1 */ ;
/*!50003 SET collation_connection  = latin1_general_ci */ ;
/*!50003 SET @saved_sql_mode       = @@sql_mode */ ;
/*!50003 SET sql_mode              = 'ONLY_FULL_GROUP_BY,STRICT_TRANS_TABLES,NO_ZERO_IN_DATE,NO_ZERO_DATE,ERROR_FOR_DIVISION_BY_ZERO,NO_ENGINE_SUBSTITUTION' */ ;
DELIMITER ;;
/*!50003 CREATE*/ /*!50017 DEFINER=`root`@`localhost`*/ /*!50003 TRIGGER pharmacy_shifts_deletion
            AFTER DELETE ON pharmacy_shifts FOR EACH ROW
            BEGIN
            INSERT INTO deletion_trail (primary_record_id, secondary_record_id, table_name, account_id,  primary_id_name, secondary_id_name, deletion_time)
            select ps.id, NULL, "pharmacy_shifts", ph.account_id, "id", NULL, NOW()
            from pharmacy_shifts ps,
            pharmacy ph
            where ps.id = OLD.id
            and ps.pharmacy_id = ph.id;
            END */;;
DELIMITER ;
/*!50003 SET sql_mode              = @saved_sql_mode */ ;
/*!50003 SET character_set_client  = @saved_cs_client */ ;
/*!50003 SET character_set_results = @saved_cs_results */ ;
/*!50003 SET collation_connection  = @saved_col_connection */ ;
ALTER DATABASE `pharmacy_keeper` CHARACTER SET latin1 COLLATE latin1_swedish_ci ;

--
-- Table structure for table `pk_logger`
--

DROP TABLE IF EXISTS `pk_logger`;
/*!40101 SET @saved_cs_client     = @@character_set_client */;
/*!40101 SET character_set_client = utf8 */;
CREATE TABLE `pk_logger` (
  `id` int(10) unsigned NOT NULL AUTO_INCREMENT,
  `context` enum('WEB','SERVICES','FEED_PROCESSING') NOT NULL,
  `class_name` varchar(512) NOT NULL,
  `level` enum('TRACE','DEBUG','INFO','WARN','ERROR','FATAL','OFF') NOT NULL,
  `processed` bit(1) NOT NULL DEFAULT b'1',
  PRIMARY KEY (`id`)
) ENGINE=InnoDB AUTO_INCREMENT=4 DEFAULT CHARSET=latin1;
/*!40101 SET character_set_client = @saved_cs_client */;

--
-- Dumping data for table `pk_logger`
--

LOCK TABLES `pk_logger` WRITE;
/*!40000 ALTER TABLE `pk_logger` DISABLE KEYS */;
INSERT INTO `pk_logger` VALUES (1,'FEED_PROCESSING','root','OFF',_binary ''),(2,'SERVICES','com.medkeeper.pharmacykeeper.services.S3ServiceImpl','OFF',_binary ''),(3,'FEED_PROCESSING','com.medkeeper.pharmacykeeper','DEBUG',_binary '');
/*!40000 ALTER TABLE `pk_logger` ENABLE KEYS */;
UNLOCK TABLES;

--
-- Table structure for table `pkf_item`
--

DROP TABLE IF EXISTS `pkf_item`;
/*!40101 SET @saved_cs_client     = @@character_set_client */;
/*!40101 SET character_set_client = utf8 */;
CREATE TABLE `pkf_item` (
  `id` int(10) unsigned NOT NULL AUTO_INCREMENT,
  `strength_product_name` varchar(1024) NOT NULL,
  `volume_product_name` varchar(1024) NOT NULL,
  `item_count` varchar(255) NOT NULL,
  `unit_name` varchar(255) NOT NULL,
  `form` varchar(255) NOT NULL,
  `active_fl` bit(1) NOT NULL DEFAULT b'1',
  `last_loaded_time` datetime DEFAULT NULL,
  PRIMARY KEY (`id`)
) ENGINE=InnoDB DEFAULT CHARSET=latin1;
/*!40101 SET character_set_client = @saved_cs_client */;

--
-- Dumping data for table `pkf_item`
--

LOCK TABLES `pkf_item` WRITE;
/*!40000 ALTER TABLE `pkf_item` DISABLE KEYS */;
/*!40000 ALTER TABLE `pkf_item` ENABLE KEYS */;
UNLOCK TABLES;

--
-- Table structure for table `pkf_item_ndc`
--

DROP TABLE IF EXISTS `pkf_item_ndc`;
/*!40101 SET @saved_cs_client     = @@character_set_client */;
/*!40101 SET character_set_client = utf8 */;
CREATE TABLE `pkf_item_ndc` (
  `id` int(10) unsigned NOT NULL AUTO_INCREMENT,
  `pkf_item_id` int(10) unsigned NOT NULL,
  `ndc` varchar(255) NOT NULL,
  `preservative_free` varchar(10) DEFAULT NULL,
  `package_descriptor` varchar(255) DEFAULT NULL,
  `volume` varchar(255) DEFAULT NULL,
  `last_loaded_time` datetime DEFAULT NULL,
  `manufacturer` varchar(255) DEFAULT NULL,
  PRIMARY KEY (`id`)
) ENGINE=InnoDB DEFAULT CHARSET=latin1;
/*!40101 SET character_set_client = @saved_cs_client */;

--
-- Dumping data for table `pkf_item_ndc`
--

LOCK TABLES `pkf_item_ndc` WRITE;
/*!40000 ALTER TABLE `pkf_item_ndc` DISABLE KEYS */;
/*!40000 ALTER TABLE `pkf_item_ndc` ENABLE KEYS */;
UNLOCK TABLES;

--
-- Table structure for table `pre_generated_label`
--

DROP TABLE IF EXISTS `pre_generated_label`;
/*!40101 SET @saved_cs_client     = @@character_set_client */;
/*!40101 SET character_set_client = utf8 */;
CREATE TABLE `pre_generated_label` (
  `id` int(10) unsigned NOT NULL AUTO_INCREMENT,
  `account_id` int(10) unsigned NOT NULL,
  `module_id` int(10) unsigned NOT NULL,
  `uuid` varchar(50) NOT NULL,
  `already_used_fl` bit(1) DEFAULT NULL,
  `active_fl` bit(1) DEFAULT NULL,
  `created_by` int(10) unsigned DEFAULT NULL,
  `created_time` datetime DEFAULT NULL,
  `last_updated_by` int(10) unsigned DEFAULT NULL,
  `last_updated_time` datetime DEFAULT NULL,
  PRIMARY KEY (`id`)
) ENGINE=InnoDB DEFAULT CHARSET=latin1;
/*!40101 SET character_set_client = @saved_cs_client */;

--
-- Dumping data for table `pre_generated_label`
--

LOCK TABLES `pre_generated_label` WRITE;
/*!40000 ALTER TABLE `pre_generated_label` DISABLE KEYS */;
/*!40000 ALTER TABLE `pre_generated_label` ENABLE KEYS */;
UNLOCK TABLES;

--
-- Table structure for table `print_queue`
--

DROP TABLE IF EXISTS `print_queue`;
/*!40101 SET @saved_cs_client     = @@character_set_client */;
/*!40101 SET character_set_client = utf8 */;
CREATE TABLE `print_queue` (
  `id` int(10) unsigned NOT NULL AUTO_INCREMENT,
  `account_id` int(10) unsigned NOT NULL,
  `module_id` int(10) unsigned NOT NULL,
  `item_id` int(10) unsigned NOT NULL,
  `printed` bit(1) NOT NULL DEFAULT b'0',
  `message` varchar(256) DEFAULT NULL,
  `last_updated_by` int(10) unsigned DEFAULT NULL,
  `last_updated_time` datetime DEFAULT NULL,
  `created_by` int(10) unsigned DEFAULT NULL,
  `created_time` datetime DEFAULT NULL,
  `item_type` enum('Compound') NOT NULL,
  `printer_id` int(10) unsigned NOT NULL,
  PRIMARY KEY (`id`)
) ENGINE=InnoDB DEFAULT CHARSET=latin1;
/*!40101 SET character_set_client = @saved_cs_client */;

--
-- Dumping data for table `print_queue`
--

LOCK TABLES `print_queue` WRITE;
/*!40000 ALTER TABLE `print_queue` DISABLE KEYS */;
/*!40000 ALTER TABLE `print_queue` ENABLE KEYS */;
UNLOCK TABLES;

--
-- Table structure for table `printer`
--

DROP TABLE IF EXISTS `printer`;
/*!40101 SET @saved_cs_client     = @@character_set_client */;
/*!40101 SET character_set_client = utf8 */;
CREATE TABLE `printer` (
  `id` int(10) unsigned NOT NULL AUTO_INCREMENT,
  `account_id` int(10) unsigned NOT NULL,
  `name` varchar(256) DEFAULT NULL,
  `url` varchar(256) DEFAULT NULL,
  `default_printer` bit(1) NOT NULL DEFAULT b'0',
  `last_updated_by` int(10) unsigned DEFAULT NULL,
  `last_updated_time` datetime DEFAULT NULL,
  `created_by` int(10) unsigned DEFAULT NULL,
  `created_time` datetime DEFAULT NULL,
  `active` bit(1) NOT NULL DEFAULT b'1',
  `pharmacy_id` int(10) unsigned DEFAULT NULL,
  PRIMARY KEY (`id`)
) ENGINE=InnoDB DEFAULT CHARSET=latin1;
/*!40101 SET character_set_client = @saved_cs_client */;

--
-- Dumping data for table `printer`
--

LOCK TABLES `printer` WRITE;
/*!40000 ALTER TABLE `printer` DISABLE KEYS */;
/*!40000 ALTER TABLE `printer` ENABLE KEYS */;
UNLOCK TABLES;

--
-- Table structure for table `priority`
--

DROP TABLE IF EXISTS `priority`;
/*!40101 SET @saved_cs_client     = @@character_set_client */;
/*!40101 SET character_set_client = utf8 */;
CREATE TABLE `priority` (
  `id` int(10) unsigned NOT NULL AUTO_INCREMENT,
  `account_id` int(10) unsigned DEFAULT NULL,
  `module_id` int(10) unsigned DEFAULT NULL,
  `name` varchar(300) NOT NULL,
  `description` varchar(1000) DEFAULT NULL,
  `active_fl` bit(1) NOT NULL DEFAULT b'1',
  `last_updated_by` int(10) unsigned DEFAULT NULL,
  `last_updated_time` datetime DEFAULT NULL,
  `created_by` int(10) unsigned DEFAULT NULL,
  `created_time` datetime DEFAULT NULL,
  `stat` bit(1) NOT NULL DEFAULT b'0',
  `approaching_overdue_minutes` int(10) unsigned DEFAULT NULL,
  `overdue_minutes` int(10) unsigned DEFAULT NULL,
  `countdown_approaching_minutes` int(10) unsigned DEFAULT NULL,
  `countdown_overdue_minutes` int(10) unsigned DEFAULT NULL,
  `sort_order` int(10) unsigned DEFAULT NULL,
  PRIMARY KEY (`id`),
  KEY `fk_priority_account` (`account_id`),
  KEY `fk_priority_createuser` (`created_by`),
  KEY `fk_priority_lastuser` (`last_updated_by`),
  KEY `fk_priority_module` (`module_id`),
  KEY `idx_stat` (`stat`),
  CONSTRAINT `fk_priority_account` FOREIGN KEY (`account_id`) REFERENCES `account` (`id`) ON DELETE NO ACTION ON UPDATE NO ACTION,
  CONSTRAINT `fk_priority_createuser` FOREIGN KEY (`created_by`) REFERENCES `users` (`id`) ON DELETE NO ACTION ON UPDATE NO ACTION,
  CONSTRAINT `fk_priority_lastuser` FOREIGN KEY (`last_updated_by`) REFERENCES `users` (`id`) ON DELETE NO ACTION ON UPDATE NO ACTION,
  CONSTRAINT `fk_priority_module` FOREIGN KEY (`module_id`) REFERENCES `modules` (`id`) ON DELETE NO ACTION ON UPDATE NO ACTION
) ENGINE=InnoDB AUTO_INCREMENT=4 DEFAULT CHARSET=latin1;
/*!40101 SET character_set_client = @saved_cs_client */;

--
-- Dumping data for table `priority`
--

LOCK TABLES `priority` WRITE;
/*!40000 ALTER TABLE `priority` DISABLE KEYS */;
INSERT INTO `priority` VALUES (1,2,2,'Stat','Stat',_binary '',NULL,NULL,NULL,NULL,_binary '\0',NULL,NULL,NULL,NULL,NULL),(2,2,2,'Now','Now',_binary '',NULL,NULL,NULL,NULL,_binary '\0',NULL,NULL,NULL,NULL,NULL),(3,2,2,'Routine','Routine',_binary '',NULL,NULL,NULL,NULL,_binary '\0',NULL,NULL,NULL,NULL,NULL);
/*!40000 ALTER TABLE `priority` ENABLE KEYS */;
UNLOCK TABLES;
ALTER DATABASE `pharmacy_keeper` CHARACTER SET latin1 COLLATE latin1_general_ci ;
/*!50003 SET @saved_cs_client      = @@character_set_client */ ;
/*!50003 SET @saved_cs_results     = @@character_set_results */ ;
/*!50003 SET @saved_col_connection = @@collation_connection */ ;
/*!50003 SET character_set_client  = latin1 */ ;
/*!50003 SET character_set_results = latin1 */ ;
/*!50003 SET collation_connection  = latin1_general_ci */ ;
/*!50003 SET @saved_sql_mode       = @@sql_mode */ ;
/*!50003 SET sql_mode              = 'ONLY_FULL_GROUP_BY,STRICT_TRANS_TABLES,NO_ZERO_IN_DATE,NO_ZERO_DATE,ERROR_FOR_DIVISION_BY_ZERO,NO_ENGINE_SUBSTITUTION' */ ;
DELIMITER ;;
/*!50003 CREATE*/ /*!50017 DEFINER=`root`@`localhost`*/ /*!50003 TRIGGER priority_deletion
            AFTER DELETE ON priority FOR EACH ROW
            BEGIN
            INSERT INTO deletion_trail (primary_record_id, secondary_record_id, table_name, account_id,  primary_id_name, secondary_id_name, deletion_time)
            VALUES (OLD.id, NULL, "priority", OLD.account_id, "id", NULL, NOW());
            END */;;
DELIMITER ;
/*!50003 SET sql_mode              = @saved_sql_mode */ ;
/*!50003 SET character_set_client  = @saved_cs_client */ ;
/*!50003 SET character_set_results = @saved_cs_results */ ;
/*!50003 SET collation_connection  = @saved_col_connection */ ;
ALTER DATABASE `pharmacy_keeper` CHARACTER SET latin1 COLLATE latin1_swedish_ci ;

--
-- Table structure for table `process_timer`
--

DROP TABLE IF EXISTS `process_timer`;
/*!40101 SET @saved_cs_client     = @@character_set_client */;
/*!40101 SET character_set_client = utf8 */;
CREATE TABLE `process_timer` (
  `id` int(10) unsigned NOT NULL AUTO_INCREMENT,
  `process_name` varchar(255) NOT NULL,
  `account_id` int(10) unsigned NOT NULL,
  `module_id` int(10) unsigned NOT NULL,
  `user_id` int(10) unsigned NOT NULL,
  `start_time` datetime NOT NULL,
  `end_time` datetime DEFAULT NULL,
  `process_notes` varchar(1024) DEFAULT NULL,
  PRIMARY KEY (`id`)
) ENGINE=InnoDB DEFAULT CHARSET=latin1;
/*!40101 SET character_set_client = @saved_cs_client */;

--
-- Dumping data for table `process_timer`
--

LOCK TABLES `process_timer` WRITE;
/*!40000 ALTER TABLE `process_timer` DISABLE KEYS */;
/*!40000 ALTER TABLE `process_timer` ENABLE KEYS */;
UNLOCK TABLES;

--
-- Table structure for table `productivity_activity_categories`
--

DROP TABLE IF EXISTS `productivity_activity_categories`;
/*!40101 SET @saved_cs_client     = @@character_set_client */;
/*!40101 SET character_set_client = utf8 */;
CREATE TABLE `productivity_activity_categories` (
  `id` int(10) unsigned NOT NULL AUTO_INCREMENT,
  `account_id` int(11) NOT NULL,
  `name` varchar(255) NOT NULL,
  PRIMARY KEY (`id`),
  KEY `accountIdIdx` (`account_id`)
) ENGINE=InnoDB DEFAULT CHARSET=latin1;
/*!40101 SET character_set_client = @saved_cs_client */;

--
-- Dumping data for table `productivity_activity_categories`
--

LOCK TABLES `productivity_activity_categories` WRITE;
/*!40000 ALTER TABLE `productivity_activity_categories` DISABLE KEYS */;
/*!40000 ALTER TABLE `productivity_activity_categories` ENABLE KEYS */;
UNLOCK TABLES;

--
-- Table structure for table `productivity_activity_question_answers`
--

DROP TABLE IF EXISTS `productivity_activity_question_answers`;
/*!40101 SET @saved_cs_client     = @@character_set_client */;
/*!40101 SET character_set_client = utf8 */;
CREATE TABLE `productivity_activity_question_answers` (
  `id` int(10) unsigned NOT NULL AUTO_INCREMENT,
  `account_id` int(10) unsigned NOT NULL,
  `user_id` varchar(255) NOT NULL,
  `category_id` int(10) unsigned NOT NULL,
  `question_id` int(10) unsigned NOT NULL,
  `value` varchar(255) NOT NULL,
  `activity_date` date NOT NULL,
  `created_on` datetime NOT NULL,
  PRIMARY KEY (`id`),
  KEY `accountIdIdx` (`account_id`),
  KEY `categoryIdIdx` (`category_id`),
  KEY `userIdIdx` (`user_id`),
  KEY `activityDateIdx` (`activity_date`)
) ENGINE=InnoDB DEFAULT CHARSET=latin1;
/*!40101 SET character_set_client = @saved_cs_client */;

--
-- Dumping data for table `productivity_activity_question_answers`
--

LOCK TABLES `productivity_activity_question_answers` WRITE;
/*!40000 ALTER TABLE `productivity_activity_question_answers` DISABLE KEYS */;
/*!40000 ALTER TABLE `productivity_activity_question_answers` ENABLE KEYS */;
UNLOCK TABLES;

--
-- Table structure for table `productivity_activity_question_options`
--

DROP TABLE IF EXISTS `productivity_activity_question_options`;
/*!40101 SET @saved_cs_client     = @@character_set_client */;
/*!40101 SET character_set_client = utf8 */;
CREATE TABLE `productivity_activity_question_options` (
  `id` int(10) unsigned NOT NULL AUTO_INCREMENT,
  `account_id` int(10) unsigned NOT NULL,
  `question_id` int(10) unsigned NOT NULL,
  `value` varchar(255) NOT NULL,
  PRIMARY KEY (`id`),
  KEY `questionIdx` (`question_id`)
) ENGINE=InnoDB DEFAULT CHARSET=latin1;
/*!40101 SET character_set_client = @saved_cs_client */;

--
-- Dumping data for table `productivity_activity_question_options`
--

LOCK TABLES `productivity_activity_question_options` WRITE;
/*!40000 ALTER TABLE `productivity_activity_question_options` DISABLE KEYS */;
/*!40000 ALTER TABLE `productivity_activity_question_options` ENABLE KEYS */;
UNLOCK TABLES;

--
-- Table structure for table `productivity_activity_questions`
--

DROP TABLE IF EXISTS `productivity_activity_questions`;
/*!40101 SET @saved_cs_client     = @@character_set_client */;
/*!40101 SET character_set_client = utf8 */;
CREATE TABLE `productivity_activity_questions` (
  `id` int(10) unsigned NOT NULL AUTO_INCREMENT,
  `account_id` int(10) unsigned NOT NULL,
  `category_id` int(10) unsigned NOT NULL,
  `label` varchar(255) NOT NULL,
  `type` enum('text','select') NOT NULL,
  `is_required` bit(1) NOT NULL DEFAULT b'0',
  PRIMARY KEY (`id`),
  KEY `accountIdIdx` (`account_id`),
  KEY `categoryIdIdx` (`category_id`)
) ENGINE=InnoDB DEFAULT CHARSET=latin1;
/*!40101 SET character_set_client = @saved_cs_client */;

--
-- Dumping data for table `productivity_activity_questions`
--

LOCK TABLES `productivity_activity_questions` WRITE;
/*!40000 ALTER TABLE `productivity_activity_questions` DISABLE KEYS */;
/*!40000 ALTER TABLE `productivity_activity_questions` ENABLE KEYS */;
UNLOCK TABLES;

--
-- Table structure for table `productivity_import_log`
--

DROP TABLE IF EXISTS `productivity_import_log`;
/*!40101 SET @saved_cs_client     = @@character_set_client */;
/*!40101 SET character_set_client = utf8 */;
CREATE TABLE `productivity_import_log` (
  `id` int(10) unsigned NOT NULL AUTO_INCREMENT,
  `import_id` int(10) unsigned NOT NULL,
  `message_type` enum('unknown','exception','info') NOT NULL DEFAULT 'unknown',
  `message` varchar(512) DEFAULT NULL,
  `created_on` datetime NOT NULL,
  PRIMARY KEY (`id`)
) ENGINE=InnoDB DEFAULT CHARSET=latin1;
/*!40101 SET character_set_client = @saved_cs_client */;

--
-- Dumping data for table `productivity_import_log`
--

LOCK TABLES `productivity_import_log` WRITE;
/*!40000 ALTER TABLE `productivity_import_log` DISABLE KEYS */;
/*!40000 ALTER TABLE `productivity_import_log` ENABLE KEYS */;
UNLOCK TABLES;

--
-- Table structure for table `productivity_imports`
--

DROP TABLE IF EXISTS `productivity_imports`;
/*!40101 SET @saved_cs_client     = @@character_set_client */;
/*!40101 SET character_set_client = utf8 */;
CREATE TABLE `productivity_imports` (
  `id` int(10) unsigned NOT NULL AUTO_INCREMENT,
  `started_on` datetime DEFAULT NULL,
  `finished_on` datetime DEFAULT NULL,
  `status` enum('in_progress','success','failed') DEFAULT NULL,
  `message` varchar(45) DEFAULT NULL,
  `account_id` int(10) unsigned NOT NULL,
  PRIMARY KEY (`id`)
) ENGINE=InnoDB DEFAULT CHARSET=latin1;
/*!40101 SET character_set_client = @saved_cs_client */;

--
-- Dumping data for table `productivity_imports`
--

LOCK TABLES `productivity_imports` WRITE;
/*!40000 ALTER TABLE `productivity_imports` DISABLE KEYS */;
/*!40000 ALTER TABLE `productivity_imports` ENABLE KEYS */;
UNLOCK TABLES;

--
-- Table structure for table `productivity_ivents`
--

DROP TABLE IF EXISTS `productivity_ivents`;
/*!40101 SET @saved_cs_client     = @@character_set_client */;
/*!40101 SET character_set_client = utf8 */;
CREATE TABLE `productivity_ivents` (
  `id` int(10) unsigned NOT NULL AUTO_INCREMENT,
  `account_id` int(10) unsigned NOT NULL,
  `user_id` varchar(100) NOT NULL,
  `user_name` varchar(255) NOT NULL,
  `completed_on` datetime NOT NULL,
  `i_ventname` varchar(255) NOT NULL,
  `shift_name` varchar(255) NOT NULL,
  `value` int(10) unsigned NOT NULL,
  `category` varchar(255) NOT NULL,
  PRIMARY KEY (`id`),
  KEY `shiftNameIdx` (`shift_name`),
  KEY `accountIdIdx` (`account_id`)
) ENGINE=InnoDB DEFAULT CHARSET=latin1;
/*!40101 SET character_set_client = @saved_cs_client */;

--
-- Dumping data for table `productivity_ivents`
--

LOCK TABLES `productivity_ivents` WRITE;
/*!40000 ALTER TABLE `productivity_ivents` DISABLE KEYS */;
/*!40000 ALTER TABLE `productivity_ivents` ENABLE KEYS */;
UNLOCK TABLES;

--
-- Table structure for table `productivity_shifts`
--

DROP TABLE IF EXISTS `productivity_shifts`;
/*!40101 SET @saved_cs_client     = @@character_set_client */;
/*!40101 SET character_set_client = utf8 */;
CREATE TABLE `productivity_shifts` (
  `id` int(10) unsigned NOT NULL AUTO_INCREMENT,
  `account_id` int(10) unsigned NOT NULL,
  `work_day` date NOT NULL,
  `start_time` time NOT NULL,
  `end_time` time NOT NULL,
  `user_id` varchar(25) NOT NULL,
  `user_name` varchar(100) DEFAULT NULL,
  `shift_name` varchar(255) DEFAULT NULL,
  `station_name` varchar(255) DEFAULT NULL,
  `shift_hours` int(10) unsigned DEFAULT NULL,
  `shift_productive_hours` int(10) unsigned DEFAULT NULL,
  PRIMARY KEY (`id`),
  KEY `dtIdx` (`work_day`),
  KEY `endIdx` (`end_time`),
  KEY `shiftNameIdx` (`shift_name`),
  KEY `sourceIdx` (`account_id`),
  KEY `startIdx` (`start_time`)
) ENGINE=InnoDB DEFAULT CHARSET=latin1;
/*!40101 SET character_set_client = @saved_cs_client */;

--
-- Dumping data for table `productivity_shifts`
--

LOCK TABLES `productivity_shifts` WRITE;
/*!40000 ALTER TABLE `productivity_shifts` DISABLE KEYS */;
/*!40000 ALTER TABLE `productivity_shifts` ENABLE KEYS */;
UNLOCK TABLES;

--
-- Table structure for table `productivity_verifications`
--

DROP TABLE IF EXISTS `productivity_verifications`;
/*!40101 SET @saved_cs_client     = @@character_set_client */;
/*!40101 SET character_set_client = utf8 */;
CREATE TABLE `productivity_verifications` (
  `id` int(10) unsigned NOT NULL AUTO_INCREMENT,
  `account_id` int(10) unsigned NOT NULL,
  `user_id` varchar(100) NOT NULL,
  `user_name` varchar(255) NOT NULL,
  `verified_on` datetime NOT NULL,
  `medication_name` varchar(255) NOT NULL,
  `pharmacy_name` varchar(255) NOT NULL,
  `shift_name` varchar(255) NOT NULL,
  PRIMARY KEY (`id`),
  KEY `dataSourceIdx` (`account_id`),
  KEY `shiftNameIdx` (`shift_name`),
  KEY `verifiedOnIdx` (`verified_on`)
) ENGINE=InnoDB DEFAULT CHARSET=latin1;
/*!40101 SET character_set_client = @saved_cs_client */;

--
-- Dumping data for table `productivity_verifications`
--

LOCK TABLES `productivity_verifications` WRITE;
/*!40000 ALTER TABLE `productivity_verifications` DISABLE KEYS */;
/*!40000 ALTER TABLE `productivity_verifications` ENABLE KEYS */;
UNLOCK TABLES;

--
-- Table structure for table `qa_checklist`
--

DROP TABLE IF EXISTS `qa_checklist`;
/*!40101 SET @saved_cs_client     = @@character_set_client */;
/*!40101 SET character_set_client = utf8 */;
CREATE TABLE `qa_checklist` (
  `id` int(10) unsigned NOT NULL AUTO_INCREMENT,
  `account_id` int(10) unsigned NOT NULL,
  `active` bit(1) NOT NULL DEFAULT b'1',
  `name` varchar(500) NOT NULL,
  `created_by` int(10) unsigned DEFAULT NULL,
  `created_time` datetime DEFAULT NULL,
  `last_updated_by` int(10) unsigned DEFAULT NULL,
  `last_updated_time` datetime DEFAULT NULL,
  PRIMARY KEY (`id`),
  KEY `idx_account_id` (`account_id`)
) ENGINE=InnoDB DEFAULT CHARSET=latin1;
/*!40101 SET character_set_client = @saved_cs_client */;

--
-- Dumping data for table `qa_checklist`
--

LOCK TABLES `qa_checklist` WRITE;
/*!40000 ALTER TABLE `qa_checklist` DISABLE KEYS */;
/*!40000 ALTER TABLE `qa_checklist` ENABLE KEYS */;
UNLOCK TABLES;

--
-- Table structure for table `qa_checklist_item`
--

DROP TABLE IF EXISTS `qa_checklist_item`;
/*!40101 SET @saved_cs_client     = @@character_set_client */;
/*!40101 SET character_set_client = utf8 */;
CREATE TABLE `qa_checklist_item` (
  `id` int(10) unsigned NOT NULL AUTO_INCREMENT,
  `qa_checklist_id` int(10) unsigned NOT NULL,
  `sort_order` int(10) unsigned NOT NULL,
  `text` varchar(1000) NOT NULL,
  PRIMARY KEY (`id`),
  KEY `idx_qa_checklist_id` (`qa_checklist_id`),
  CONSTRAINT `fk_qa_checklist_item_checklist` FOREIGN KEY (`qa_checklist_id`) REFERENCES `qa_checklist` (`id`)
) ENGINE=InnoDB DEFAULT CHARSET=latin1;
/*!40101 SET character_set_client = @saved_cs_client */;

--
-- Dumping data for table `qa_checklist_item`
--

LOCK TABLES `qa_checklist_item` WRITE;
/*!40000 ALTER TABLE `qa_checklist_item` DISABLE KEYS */;
/*!40000 ALTER TABLE `qa_checklist_item` ENABLE KEYS */;
UNLOCK TABLES;

--
-- Table structure for table `recipe`
--

DROP TABLE IF EXISTS `recipe`;
/*!40101 SET @saved_cs_client     = @@character_set_client */;
/*!40101 SET character_set_client = utf8 */;
CREATE TABLE `recipe` (
  `id` int(10) unsigned NOT NULL AUTO_INCREMENT,
  `account_id` int(10) unsigned NOT NULL,
  `label_configuration_id` int(10) unsigned DEFAULT NULL,
  `name` varchar(150) DEFAULT NULL,
  `instructions` longtext,
  `approval_type` varchar(20) DEFAULT NULL,
  `requires_room_temp_beyond_use` bit(1) DEFAULT NULL,
  `beyond_use_days` int(10) unsigned DEFAULT NULL,
  `beyond_use_hours` int(10) unsigned DEFAULT NULL,
  `label_info` longtext,
  `requires_refrigerated_beyond_use` bit(1) DEFAULT NULL,
  `refrigerated_beyond_use_days` int(10) unsigned DEFAULT NULL,
  `refrigerated_beyond_use_hours` int(10) unsigned DEFAULT NULL,
  `label_barcode_text` varchar(250) DEFAULT NULL,
  `active_fl` bit(1) NOT NULL,
  `last_updated_by` int(10) unsigned DEFAULT NULL,
  `last_updated_time` datetime DEFAULT NULL,
  `created_by` int(10) unsigned DEFAULT NULL,
  `created_time` datetime DEFAULT NULL,
  `requires_freezing_beyond_use` bit(1) DEFAULT NULL,
  `freezing_beyond_use_days` int(10) unsigned DEFAULT NULL,
  `freezing_beyond_use_hours` int(10) unsigned DEFAULT NULL,
  `type` varchar(10) NOT NULL DEFAULT 'Batch',
  `workflow_id` int(10) unsigned DEFAULT NULL,
  `inactivated_time` datetime DEFAULT NULL,
  `use_batch_smart_barcode` bit(1) NOT NULL DEFAULT b'0',
  `default_dispensing_pharmacy_id` int(10) unsigned DEFAULT NULL,
  `secondary_label_barcode_text` varchar(250) DEFAULT NULL,
  `label_sheet_id` int(10) unsigned DEFAULT NULL,
  `approved_by` int(10) unsigned DEFAULT NULL,
  `approved_time` datetime DEFAULT NULL,
  `use_unit_dose_label` bit(1) NOT NULL DEFAULT b'0',
  `gravimetric_fl` bit(1) NOT NULL DEFAULT b'0',
  `recipe_number` varchar(36) DEFAULT NULL,
  `recipe_version` int(10) unsigned DEFAULT NULL,
  `weigh_reconstitution` bit(1) NOT NULL DEFAULT b'0',
  `editable_fl` bit(1) DEFAULT b'1',
  `centralized` bit(1) NOT NULL DEFAULT b'0',
  `centralized_allow_modifications` bit(1) NOT NULL DEFAULT b'0',
  `copied_central_recipe_id` int(10) unsigned DEFAULT NULL,
  `require_line_by_line_scanning` bit(1) DEFAULT b'0',
  `auto_populate_actual_quantity` bit(1) DEFAULT b'0',
  `batch_variable_fl` bit(1) DEFAULT b'0',
  `bud_shortcut_button_id` int(10) unsigned DEFAULT NULL,
  `quantity_unit` varchar(32) DEFAULT NULL,
  `migrated_to_new_recipe_mapping` bit(1) NOT NULL DEFAULT b'0',
  `waste_field_required_fl` bit(1) DEFAULT b'0',
  `allow_child_to_modify_workflow_and_label` bit(1) DEFAULT b'0',
  `workflow_number` int(11) DEFAULT NULL,
  `default_workflow_type` varchar(64) DEFAULT NULL,
  PRIMARY KEY (`id`),
  KEY `fk_recipe_lastUpdatedby` (`last_updated_by`),
  KEY `fk_recipe_createdby` (`created_by`),
  KEY `idx_account_id_recipe_number` (`account_id`,`recipe_number`),
  KEY `recipe_bud_shortcut_button_idx` (`bud_shortcut_button_id`),
  KEY `idx_workflow_number` (`workflow_number`),
  CONSTRAINT `fk_recipe_account` FOREIGN KEY (`account_id`) REFERENCES `account` (`id`),
  CONSTRAINT `fk_recipe_createdby` FOREIGN KEY (`created_by`) REFERENCES `users` (`id`),
  CONSTRAINT `fk_recipe_lastUpdatedby` FOREIGN KEY (`last_updated_by`) REFERENCES `users` (`id`)
) ENGINE=InnoDB DEFAULT CHARSET=latin1;
/*!40101 SET character_set_client = @saved_cs_client */;

--
-- Dumping data for table `recipe`
--

LOCK TABLES `recipe` WRITE;
/*!40000 ALTER TABLE `recipe` DISABLE KEYS */;
/*!40000 ALTER TABLE `recipe` ENABLE KEYS */;
UNLOCK TABLES;
ALTER DATABASE `pharmacy_keeper` CHARACTER SET latin1 COLLATE latin1_general_ci ;
/*!50003 SET @saved_cs_client      = @@character_set_client */ ;
/*!50003 SET @saved_cs_results     = @@character_set_results */ ;
/*!50003 SET @saved_col_connection = @@collation_connection */ ;
/*!50003 SET character_set_client  = latin1 */ ;
/*!50003 SET character_set_results = latin1 */ ;
/*!50003 SET collation_connection  = latin1_general_ci */ ;
/*!50003 SET @saved_sql_mode       = @@sql_mode */ ;
/*!50003 SET sql_mode              = 'ONLY_FULL_GROUP_BY,STRICT_TRANS_TABLES,NO_ZERO_IN_DATE,NO_ZERO_DATE,ERROR_FOR_DIVISION_BY_ZERO,NO_ENGINE_SUBSTITUTION' */ ;
DELIMITER ;;
/*!50003 CREATE*/ /*!50017 DEFINER=`root`@`localhost`*/ /*!50003 TRIGGER recipe_deletion
            AFTER DELETE ON recipe FOR EACH ROW
            BEGIN
            INSERT INTO deletion_trail (primary_record_id, secondary_record_id, table_name, account_id,  primary_id_name, secondary_id_name, deletion_time)
            VALUES (OLD.id, NULL, "recipe", OLD.account_id, "id", NULL, NOW());
            END */;;
DELIMITER ;
/*!50003 SET sql_mode              = @saved_sql_mode */ ;
/*!50003 SET character_set_client  = @saved_cs_client */ ;
/*!50003 SET character_set_results = @saved_cs_results */ ;
/*!50003 SET collation_connection  = @saved_col_connection */ ;
ALTER DATABASE `pharmacy_keeper` CHARACTER SET latin1 COLLATE latin1_swedish_ci ;

--
-- Table structure for table `recipe_external_content`
--

DROP TABLE IF EXISTS `recipe_external_content`;
/*!40101 SET @saved_cs_client     = @@character_set_client */;
/*!40101 SET character_set_client = utf8 */;
CREATE TABLE `recipe_external_content` (
  `recipe_id` int(10) unsigned NOT NULL,
  `external_content_id` int(10) unsigned NOT NULL
) ENGINE=InnoDB DEFAULT CHARSET=latin1;
/*!40101 SET character_set_client = @saved_cs_client */;

--
-- Dumping data for table `recipe_external_content`
--

LOCK TABLES `recipe_external_content` WRITE;
/*!40000 ALTER TABLE `recipe_external_content` DISABLE KEYS */;
/*!40000 ALTER TABLE `recipe_external_content` ENABLE KEYS */;
UNLOCK TABLES;

--
-- Table structure for table `recipe_history`
--

DROP TABLE IF EXISTS `recipe_history`;
/*!40101 SET @saved_cs_client     = @@character_set_client */;
/*!40101 SET character_set_client = utf8 */;
CREATE TABLE `recipe_history` (
  `id` int(10) unsigned NOT NULL AUTO_INCREMENT,
  `account_id` int(10) unsigned NOT NULL,
  `label_configuration_id` int(10) unsigned DEFAULT NULL,
  `name` varchar(150) DEFAULT NULL,
  `instructions` longtext,
  `approval_type` varchar(20) DEFAULT NULL,
  `requires_room_temp_beyond_use` bit(1) DEFAULT NULL,
  `beyond_use_days` int(10) unsigned DEFAULT NULL,
  `beyond_use_hours` int(10) unsigned DEFAULT NULL,
  `label_info` longtext,
  `requires_refrigerated_beyond_use` bit(1) DEFAULT NULL,
  `refrigerated_beyond_use_days` int(10) unsigned DEFAULT NULL,
  `refrigerated_beyond_use_hours` int(10) unsigned DEFAULT NULL,
  `requires_freezing_beyond_use` bit(1) DEFAULT NULL,
  `freezing_beyond_use_days` int(10) unsigned DEFAULT NULL,
  `freezing_beyond_use_hours` int(10) unsigned DEFAULT NULL,
  `label_barcode_text` varchar(250) DEFAULT NULL,
  `items` longtext,
  `active_fl` bit(1) NOT NULL,
  `last_updated_by` varchar(400) DEFAULT NULL,
  `last_updated_time` datetime DEFAULT NULL,
  `created_by` varchar(400) DEFAULT NULL,
  `created_time` datetime DEFAULT NULL,
  `action` varchar(32) DEFAULT NULL,
  `workflow_id` int(10) unsigned DEFAULT NULL,
  `secondary_label_barcode_text` varchar(250) DEFAULT NULL,
  PRIMARY KEY (`id`)
) ENGINE=InnoDB DEFAULT CHARSET=latin1;
/*!40101 SET character_set_client = @saved_cs_client */;

--
-- Dumping data for table `recipe_history`
--

LOCK TABLES `recipe_history` WRITE;
/*!40000 ALTER TABLE `recipe_history` DISABLE KEYS */;
/*!40000 ALTER TABLE `recipe_history` ENABLE KEYS */;
UNLOCK TABLES;
ALTER DATABASE `pharmacy_keeper` CHARACTER SET latin1 COLLATE latin1_general_ci ;
/*!50003 SET @saved_cs_client      = @@character_set_client */ ;
/*!50003 SET @saved_cs_results     = @@character_set_results */ ;
/*!50003 SET @saved_col_connection = @@collation_connection */ ;
/*!50003 SET character_set_client  = latin1 */ ;
/*!50003 SET character_set_results = latin1 */ ;
/*!50003 SET collation_connection  = latin1_general_ci */ ;
/*!50003 SET @saved_sql_mode       = @@sql_mode */ ;
/*!50003 SET sql_mode              = 'ONLY_FULL_GROUP_BY,STRICT_TRANS_TABLES,NO_ZERO_IN_DATE,NO_ZERO_DATE,ERROR_FOR_DIVISION_BY_ZERO,NO_ENGINE_SUBSTITUTION' */ ;
DELIMITER ;;
/*!50003 CREATE*/ /*!50017 DEFINER=`root`@`localhost`*/ /*!50003 TRIGGER recipe_history_deletion
            AFTER DELETE ON recipe_history FOR EACH ROW
            BEGIN
            INSERT INTO deletion_trail (primary_record_id, secondary_record_id, table_name, account_id,  primary_id_name, secondary_id_name, deletion_time)
            VALUES (OLD.id, NULL, "recipe_history", OLD.account_id, "id", NULL, NOW());
            END */;;
DELIMITER ;
/*!50003 SET sql_mode              = @saved_sql_mode */ ;
/*!50003 SET character_set_client  = @saved_cs_client */ ;
/*!50003 SET character_set_results = @saved_cs_results */ ;
/*!50003 SET collation_connection  = @saved_col_connection */ ;
ALTER DATABASE `pharmacy_keeper` CHARACTER SET latin1 COLLATE latin1_swedish_ci ;

--
-- Table structure for table `recipe_item`
--

DROP TABLE IF EXISTS `recipe_item`;
/*!40101 SET @saved_cs_client     = @@character_set_client */;
/*!40101 SET character_set_client = utf8 */;
CREATE TABLE `recipe_item` (
  `recipe_id` int(10) unsigned NOT NULL,
  `item_dictionary_id` int(10) unsigned NOT NULL,
  `id` int(10) unsigned NOT NULL AUTO_INCREMENT,
  `item_dictionary_override_id` int(10) unsigned DEFAULT NULL,
  `sort_order` int(10) unsigned DEFAULT NULL,
  `optional_component_for_feed_recipe_mapping_fl` bit(1) NOT NULL DEFAULT b'0',
  PRIMARY KEY (`id`),
  KEY `fk_recipe_item_item` (`recipe_id`),
  KEY `fk_recipe_item_item_dictionary` (`item_dictionary_id`),
  CONSTRAINT `fk_recipe_item_item_dictionary` FOREIGN KEY (`item_dictionary_id`) REFERENCES `item_dictionary` (`id`),
  CONSTRAINT `fk_recipe_item_recipe` FOREIGN KEY (`recipe_id`) REFERENCES `recipe` (`id`)
) ENGINE=InnoDB DEFAULT CHARSET=latin1;
/*!40101 SET character_set_client = @saved_cs_client */;

--
-- Dumping data for table `recipe_item`
--

LOCK TABLES `recipe_item` WRITE;
/*!40000 ALTER TABLE `recipe_item` DISABLE KEYS */;
/*!40000 ALTER TABLE `recipe_item` ENABLE KEYS */;
UNLOCK TABLES;
ALTER DATABASE `pharmacy_keeper` CHARACTER SET latin1 COLLATE latin1_general_ci ;
/*!50003 SET @saved_cs_client      = @@character_set_client */ ;
/*!50003 SET @saved_cs_results     = @@character_set_results */ ;
/*!50003 SET @saved_col_connection = @@collation_connection */ ;
/*!50003 SET character_set_client  = latin1 */ ;
/*!50003 SET character_set_results = latin1 */ ;
/*!50003 SET collation_connection  = latin1_general_ci */ ;
/*!50003 SET @saved_sql_mode       = @@sql_mode */ ;
/*!50003 SET sql_mode              = 'ONLY_FULL_GROUP_BY,STRICT_TRANS_TABLES,NO_ZERO_IN_DATE,NO_ZERO_DATE,ERROR_FOR_DIVISION_BY_ZERO,NO_ENGINE_SUBSTITUTION' */ ;
DELIMITER ;;
/*!50003 CREATE*/ /*!50017 DEFINER=`root`@`localhost`*/ /*!50003 TRIGGER recipe_item_deletion
            BEFORE DELETE ON recipe_item FOR EACH ROW
            BEGIN
            INSERT INTO deletion_trail (primary_record_id, secondary_record_id, table_name, account_id,  primary_id_name, secondary_id_name, deletion_time)
            select ri.id, NULL, "recipe_item", rec.account_id, "id", NULL, NOW()
            from recipe_item ri,
            recipe rec
            where ri.id = OLD.id
            and ri.recipe_id = rec.id;
            END */;;
DELIMITER ;
/*!50003 SET sql_mode              = @saved_sql_mode */ ;
/*!50003 SET character_set_client  = @saved_cs_client */ ;
/*!50003 SET character_set_results = @saved_cs_results */ ;
/*!50003 SET collation_connection  = @saved_col_connection */ ;
ALTER DATABASE `pharmacy_keeper` CHARACTER SET latin1 COLLATE latin1_swedish_ci ;

--
-- Table structure for table `recipe_item_addition`
--

DROP TABLE IF EXISTS `recipe_item_addition`;
/*!40101 SET @saved_cs_client     = @@character_set_client */;
/*!40101 SET character_set_client = utf8 */;
CREATE TABLE `recipe_item_addition` (
  `id` int(10) unsigned NOT NULL AUTO_INCREMENT,
  `recipe_id` int(10) unsigned NOT NULL,
  `item_dictionary_id` int(10) unsigned NOT NULL,
  `quantity` decimal(10,4) DEFAULT NULL,
  `quantity_unit` varchar(32) DEFAULT NULL,
  PRIMARY KEY (`id`),
  KEY `idx_recipe_id` (`recipe_id`)
) ENGINE=InnoDB DEFAULT CHARSET=latin1;
/*!40101 SET character_set_client = @saved_cs_client */;

--
-- Dumping data for table `recipe_item_addition`
--

LOCK TABLES `recipe_item_addition` WRITE;
/*!40000 ALTER TABLE `recipe_item_addition` DISABLE KEYS */;
/*!40000 ALTER TABLE `recipe_item_addition` ENABLE KEYS */;
UNLOCK TABLES;

--
-- Table structure for table `recipe_item_alternative_drug`
--

DROP TABLE IF EXISTS `recipe_item_alternative_drug`;
/*!40101 SET @saved_cs_client     = @@character_set_client */;
/*!40101 SET character_set_client = utf8 */;
CREATE TABLE `recipe_item_alternative_drug` (
  `id` int(10) unsigned NOT NULL AUTO_INCREMENT,
  `recipe_item_id` int(10) unsigned NOT NULL,
  `item_dictionary_id` int(10) unsigned NOT NULL,
  `item_dictionary_override_id` int(10) unsigned DEFAULT NULL,
  PRIMARY KEY (`id`),
  KEY `fk_recipe_item_alternative_drug_recipe_item` (`recipe_item_id`),
  KEY `fk_recipe_item_alternative_drug_item_dictionary` (`item_dictionary_id`),
  CONSTRAINT `fk_recipe_item_alternative_drug_item_dictionary` FOREIGN KEY (`item_dictionary_id`) REFERENCES `item_dictionary` (`id`),
  CONSTRAINT `fk_recipe_item_alternative_drug_recipe_item` FOREIGN KEY (`recipe_item_id`) REFERENCES `recipe_item` (`id`)
) ENGINE=InnoDB DEFAULT CHARSET=latin1;
/*!40101 SET character_set_client = @saved_cs_client */;

--
-- Dumping data for table `recipe_item_alternative_drug`
--

LOCK TABLES `recipe_item_alternative_drug` WRITE;
/*!40000 ALTER TABLE `recipe_item_alternative_drug` DISABLE KEYS */;
/*!40000 ALTER TABLE `recipe_item_alternative_drug` ENABLE KEYS */;
UNLOCK TABLES;
ALTER DATABASE `pharmacy_keeper` CHARACTER SET latin1 COLLATE latin1_general_ci ;
/*!50003 SET @saved_cs_client      = @@character_set_client */ ;
/*!50003 SET @saved_cs_results     = @@character_set_results */ ;
/*!50003 SET @saved_col_connection = @@collation_connection */ ;
/*!50003 SET character_set_client  = latin1 */ ;
/*!50003 SET character_set_results = latin1 */ ;
/*!50003 SET collation_connection  = latin1_general_ci */ ;
/*!50003 SET @saved_sql_mode       = @@sql_mode */ ;
/*!50003 SET sql_mode              = 'ONLY_FULL_GROUP_BY,STRICT_TRANS_TABLES,NO_ZERO_IN_DATE,NO_ZERO_DATE,ERROR_FOR_DIVISION_BY_ZERO,NO_ENGINE_SUBSTITUTION' */ ;
DELIMITER ;;
/*!50003 CREATE*/ /*!50017 DEFINER=`root`@`localhost`*/ /*!50003 TRIGGER recipe_item_alternative_drug_deletion
            BEFORE DELETE ON recipe_item_alternative_drug FOR EACH ROW
            BEGIN
            INSERT INTO deletion_trail (primary_record_id, secondary_record_id, table_name, account_id,  primary_id_name, secondary_id_name, deletion_time)
            select riad.id, NULL, "recipe_item_alternative_drug", rec.account_id, "id", NULL, NOW()
            from recipe_item_alternative_drug riad,
            recipe_item ri,
            recipe rec
            where riad.id = OLD.id
            and riad.recipe_item_id = ri.id
            and ri.id = rec.id;
            END */;;
DELIMITER ;
/*!50003 SET sql_mode              = @saved_sql_mode */ ;
/*!50003 SET character_set_client  = @saved_cs_client */ ;
/*!50003 SET character_set_results = @saved_cs_results */ ;
/*!50003 SET collation_connection  = @saved_col_connection */ ;
ALTER DATABASE `pharmacy_keeper` CHARACTER SET latin1 COLLATE latin1_swedish_ci ;

--
-- Table structure for table `recipe_item_instruction`
--

DROP TABLE IF EXISTS `recipe_item_instruction`;
/*!40101 SET @saved_cs_client     = @@character_set_client */;
/*!40101 SET character_set_client = utf8 */;
CREATE TABLE `recipe_item_instruction` (
  `id` int(10) unsigned NOT NULL AUTO_INCREMENT,
  `recipe_item_id` int(10) unsigned NOT NULL,
  `is_alternate` bit(1) NOT NULL DEFAULT b'0',
  `alternate_drug_id` int(10) unsigned DEFAULT NULL,
  `name` varchar(1050) NOT NULL,
  `required_quantity` decimal(10,4) DEFAULT NULL,
  `required_units` varchar(20) DEFAULT NULL,
  `mnemonic` varchar(255) DEFAULT NULL,
  `active_fl` bit(1) NOT NULL DEFAULT b'1',
  `created_by` int(10) unsigned DEFAULT NULL,
  `created_time` datetime DEFAULT NULL,
  `last_updated_by` int(10) unsigned DEFAULT NULL,
  `last_updated_time` datetime DEFAULT NULL,
  PRIMARY KEY (`id`),
  KEY `idx_recipe_item_id` (`recipe_item_id`)
) ENGINE=InnoDB DEFAULT CHARSET=latin1;
/*!40101 SET character_set_client = @saved_cs_client */;

--
-- Dumping data for table `recipe_item_instruction`
--

LOCK TABLES `recipe_item_instruction` WRITE;
/*!40000 ALTER TABLE `recipe_item_instruction` DISABLE KEYS */;
/*!40000 ALTER TABLE `recipe_item_instruction` ENABLE KEYS */;
UNLOCK TABLES;

--
-- Table structure for table `reject_reason`
--

DROP TABLE IF EXISTS `reject_reason`;
/*!40101 SET @saved_cs_client     = @@character_set_client */;
/*!40101 SET character_set_client = utf8 */;
CREATE TABLE `reject_reason` (
  `id` int(10) unsigned NOT NULL AUTO_INCREMENT,
  `account_id` int(11) NOT NULL,
  `name` varchar(255) NOT NULL,
  `active` bit(1) NOT NULL DEFAULT b'1',
  `last_updated_by` int(10) unsigned DEFAULT NULL,
  `last_updated_time` datetime DEFAULT NULL,
  `created_by` int(10) unsigned DEFAULT NULL,
  `created_time` datetime DEFAULT NULL,
  `type` varchar(20) NOT NULL,
  PRIMARY KEY (`id`)
) ENGINE=InnoDB DEFAULT CHARSET=latin1;
/*!40101 SET character_set_client = @saved_cs_client */;

--
-- Dumping data for table `reject_reason`
--

LOCK TABLES `reject_reason` WRITE;
/*!40000 ALTER TABLE `reject_reason` DISABLE KEYS */;
/*!40000 ALTER TABLE `reject_reason` ENABLE KEYS */;
UNLOCK TABLES;
ALTER DATABASE `pharmacy_keeper` CHARACTER SET latin1 COLLATE latin1_general_ci ;
/*!50003 SET @saved_cs_client      = @@character_set_client */ ;
/*!50003 SET @saved_cs_results     = @@character_set_results */ ;
/*!50003 SET @saved_col_connection = @@collation_connection */ ;
/*!50003 SET character_set_client  = latin1 */ ;
/*!50003 SET character_set_results = latin1 */ ;
/*!50003 SET collation_connection  = latin1_general_ci */ ;
/*!50003 SET @saved_sql_mode       = @@sql_mode */ ;
/*!50003 SET sql_mode              = 'ONLY_FULL_GROUP_BY,STRICT_TRANS_TABLES,NO_ZERO_IN_DATE,NO_ZERO_DATE,ERROR_FOR_DIVISION_BY_ZERO,NO_ENGINE_SUBSTITUTION' */ ;
DELIMITER ;;
/*!50003 CREATE*/ /*!50017 DEFINER=`root`@`localhost`*/ /*!50003 TRIGGER reject_reason_deletion
            AFTER DELETE ON reject_reason FOR EACH ROW
            BEGIN
            INSERT INTO deletion_trail (primary_record_id, secondary_record_id, table_name, account_id,  primary_id_name, secondary_id_name, deletion_time)
            VALUES (OLD.id, NULL, "reject_reason", OLD.account_id, "id", NULL, NOW());
            END */;;
DELIMITER ;
/*!50003 SET sql_mode              = @saved_sql_mode */ ;
/*!50003 SET character_set_client  = @saved_cs_client */ ;
/*!50003 SET character_set_results = @saved_cs_results */ ;
/*!50003 SET collation_connection  = @saved_col_connection */ ;
ALTER DATABASE `pharmacy_keeper` CHARACTER SET latin1 COLLATE latin1_swedish_ci ;

--
-- Table structure for table `report_link`
--

DROP TABLE IF EXISTS `report_link`;
/*!40101 SET @saved_cs_client     = @@character_set_client */;
/*!40101 SET character_set_client = utf8 */;
CREATE TABLE `report_link` (
  `id` int(10) unsigned NOT NULL AUTO_INCREMENT,
  `module_id` int(10) unsigned DEFAULT NULL,
  `name` varchar(255) NOT NULL,
  `description` varchar(510) DEFAULT NULL,
  `link_url` varchar(255) NOT NULL,
  `report_type` varchar(255) DEFAULT NULL,
  `required_setting` varchar(300) DEFAULT NULL,
  `external_report` bit(1) DEFAULT NULL,
  `birt_file_name` varchar(255) DEFAULT NULL,
  `active` bit(1) NOT NULL DEFAULT b'1',
  `fl_standard_report` bit(1) NOT NULL DEFAULT b'0',
  `default_report` bit(1) DEFAULT b'0',
  `fl_search_report` bit(1) DEFAULT b'0',
  `static_parameters` varchar(255) DEFAULT NULL,
  `network_report` bit(1) NOT NULL DEFAULT b'0',
  `central_site_report` bit(1) NOT NULL DEFAULT b'0',
  `use_central_report_server` bit(1) DEFAULT b'0',
  PRIMARY KEY (`id`)
) ENGINE=InnoDB AUTO_INCREMENT=121 DEFAULT CHARSET=latin1;
/*!40101 SET character_set_client = @saved_cs_client */;

--
-- Dumping data for table `report_link`
--

LOCK TABLES `report_link` WRITE;
/*!40000 ALTER TABLE `report_link` DISABLE KEYS */;
INSERT INTO `report_link` VALUES (1,1,'Expiring Trays/Carts','Identifies trays/carts that are expiring within the next 30, 60 or 120 days','app/carts/reports/expiringTrays?numberOfDays=30&view=trayscarts','Inventory',NULL,_binary '\0',NULL,_binary '',_binary '',_binary '\0',_binary '\0',NULL,_binary '\0',_binary '\0',_binary '\0'),(2,1,'Expiring Trays/Carts Summary','Count of trays/carts that are expiring within the next 30, 60 or 120 days','app/carts/reports/expiringTraysSummary?numberOfDays=30&view=trayscarts','Inventory',NULL,_binary '\0',NULL,_binary '',_binary '',_binary '\0',_binary '\0',NULL,_binary '\0',_binary '\0',_binary '\0'),(3,1,'Inventory by Location','Shows the types and counts of trays at each location','app/carts/reports/inventoryByLocation?view=trayscarts','Inventory',NULL,_binary '\0',NULL,_binary '',_binary '',_binary '\0',_binary '\0',NULL,_binary '\0',_binary '\0',_binary '\0'),(4,1,'Location Par Levels','Shows all locations and par level','app/carts/reports/locationParLevels','Inventory','USE_LOCATION_PAR_LEVELS',_binary '\0',NULL,_binary '',_binary '',_binary '\0',_binary '\0',NULL,_binary '\0',_binary '\0',_binary '\0'),(5,1,'Specific Items','Displays all matches for a NDC, barcode, lot or drug name','app/carts/reports/specificItems','Inventory',NULL,_binary '\0',NULL,_binary '',_binary '',_binary '\0',_binary '',NULL,_binary '\0',_binary '\0',_binary '\0'),(6,1,'Lock ID History','Displays lock IDs for trays/carts for a specific time period','app/carts/reports/lockIdHistory?view=trayscarts','Inventory',NULL,_binary '\0',NULL,_binary '',_binary '',_binary '\0',_binary '\0',NULL,_binary '\0',_binary '\0',_binary '\0'),(7,1,'Used/Expired Items','Displays items from count step that have been used or expired for a specific time period','app/carts/reports/usedExpiredItems','Inventory',NULL,_binary '\0',NULL,_binary '',_binary '',_binary '\0',_binary '\0',NULL,_binary '\0',_binary '\0',_binary '\0'),(8,1,'Used/Expired Items With Item Counts','Displays items with item counts from count step that have been used or expired for a specific time period','app/carts/reports/usedExpiredItemsSummary','Inventory',NULL,_binary '\0',NULL,_binary '',_binary '',_binary '\0',_binary '\0',NULL,_binary '\0',_binary '\0',_binary '\0'),(9,1,'Expiring Items','Displays expired and expiring items for a specific time period','app/carts/reports/expiringItems','Inventory',NULL,_binary '\0',NULL,_binary '',_binary '',_binary '\0',_binary '\0',NULL,_binary '\0',_binary '\0',_binary '\0'),(10,1,'Mismatches','Identifies trays where the items filled don\'t match the tray template','app/carts/reports/trayMismatches?view=trayscarts','Performance',NULL,_binary '\0',NULL,_binary '',_binary '',_binary '\0',_binary '\0',NULL,_binary '\0',_binary '\0',_binary '\0'),(11,1,'Approval Rate','Displays approved trays and associated preparers for a specific time period','app/carts/reports/traysByStatus?type=approved','Performance',NULL,_binary '\0',NULL,_binary '',_binary '',_binary '\0',_binary '\0',NULL,_binary '\0',_binary '\0',_binary '\0'),(12,1,'Rejection Rate','Displays rejected trays and associated preparers for a specific time period','app/carts/reports/traysByStatus?type=rejected','Performance',NULL,_binary '\0',NULL,_binary '',_binary '',_binary '\0',_binary '\0',NULL,_binary '\0',_binary '\0',_binary '\0'),(13,1,'Top Users','Displays the top preparers and approvers for a specific time period','app/carts/reports/topUsers','Performance',NULL,_binary '\0',NULL,_binary '',_binary '',_binary '\0',_binary '\0',NULL,_binary '\0',_binary '\0',_binary '\0'),(14,1,'Transaction Trends','Displays the number of transactions over a time period','app/carts/reports/transactionTrends','Performance',NULL,_binary '\0',NULL,_binary '',_binary '',_binary '\0',_binary '\0',NULL,_binary '\0',_binary '\0',_binary '\0'),(15,1,'Timings By Date','Displays time to complete count, fill and approve by activity date for a specific time period','app/carts/reports/timingsByDate','Performance',NULL,_binary '\0',NULL,_binary '',_binary '',_binary '\0',_binary '\0',NULL,_binary '\0',_binary '\0',_binary '\0'),(16,1,'Timings By User','Displays time to complete count, fill and approve by user for a specific time period','app/carts/reports/timingsByUser','Performance',NULL,_binary '\0',NULL,_binary '',_binary '',_binary '\0',_binary '\0',NULL,_binary '\0',_binary '\0',_binary '\0'),(17,1,'Timings By Template','Displays time to complete count, fill and approve by date and template for a specific time period','app/carts/reports/timingsByTemplate','Performance',NULL,_binary '\0',NULL,_binary '',_binary '',_binary '\0',_binary '\0',NULL,_binary '\0',_binary '\0',_binary '\0'),(18,1,'Timing Detail','Displays time to complete count, fill and approve for each item during a specified time period','app/carts/reports/timingDetail','Performance',NULL,_binary '\0',NULL,_binary '',_binary '',_binary '\0',_binary '\0',NULL,_binary '\0',_binary '\0',_binary '\0'),(19,1,'Patient Charges','Display trays used on a patient','app/carts/reports/patientCharges','Billing',NULL,_binary '\0',NULL,_binary '',_binary '',_binary '\0',_binary '\0',NULL,_binary '\0',_binary '\0',_binary '\0'),(20,1,'Patient Charges Item Detail','Display items used on a patient','app/carts/reports/patientCharges?mode=detail','Billing',NULL,_binary '\0',NULL,_binary '',_binary '',_binary '\0',_binary '\0',NULL,_binary '\0',_binary '\0',_binary '\0'),(21,1,'Tray Contents Sheet','Displays all transactions for a specific user for a specific time period','app/carts/reports/trayContentsSearch','Billing',NULL,_binary '\0',NULL,_binary '',_binary '',_binary '\0',_binary '\0',NULL,_binary '\0',_binary '\0',_binary '\0'),(22,1,'Audit Log - Specific User','Displays all transactions for a specific user for a specific time period','app/carts/reports/auditLog?type=user','Audit',NULL,_binary '\0',NULL,_binary '',_binary '',_binary '\0',_binary '\0',NULL,_binary '\0',_binary '\0',_binary '\0'),(23,1,'Audit Log - All Transactions','Displays all system transactions for a specific time period','app/carts/reports/auditLog?type=all','Audit',NULL,_binary '\0',NULL,_binary '',_binary '',_binary '\0',_binary '\0',NULL,_binary '\0',_binary '\0',_binary '\0'),(24,1,'Smart Labels','Displays all Smart Labels generated in a specific time period','app/carts/reports/smartLabels','Smart Labels','USE_SMART_LABELS_FOR_CARTS',_binary '\0',NULL,_binary '',_binary '',_binary '\0',_binary '',NULL,_binary '\0',_binary '\0',_binary '\0'),(25,1,'Smart Labels Verification Timing','Displays the time spent to verify Smart Labels generated in a specific time period','app/carts/reports/smartLabelsVerificationTiming','Smart Labels','USE_SMART_LABELS_FOR_CARTS',_binary '\0',NULL,_binary '',_binary '',_binary '\0',_binary '\0',NULL,_binary '\0',_binary '\0',_binary '\0'),(26,1,'Pocket Labels Verification Timing','Displays the time spent to verify Pocket Labels generated in a specific time period','app/carts/reports/pocketLabelsVerificationTiming','Smart Labels','USE_SMART_LABELS_FOR_CARTS',_binary '\0',NULL,_binary '',_binary '',_binary '\0',_binary '\0',NULL,_binary '\0',_binary '\0',_binary '\0'),(27,1,'Cart Contents','Display Cart Content information','app/carts/reports/cartContentsSearch','Templates',NULL,_binary '\0',NULL,_binary '',_binary '',_binary '\0',_binary '\0',NULL,_binary '\0',_binary '\0',_binary '\0'),(28,2,'Compounds','Search for Compounds','app/verification/reports/compoundSearch?first=true','Search',NULL,_binary '\0',NULL,_binary '',_binary '',_binary '\0',_binary '',NULL,_binary '\0',_binary '\0',_binary '\0'),(29,2,'Batches','Search for Batches','app/verification/reports/batchSearch?first=true','Search',NULL,_binary '\0',NULL,_binary '',_binary '',_binary '\0',_binary '',NULL,_binary '\0',_binary '\0',_binary '\0'),(30,2,'Components','Search for Compounds based on Components','app/verification/reports/componentSearch?first=true','Search',NULL,_binary '\0',NULL,_binary '',_binary '',_binary '\0',_binary '',NULL,_binary '\0',_binary '\0',_binary '\0'),(31,2,'Smart Labels','Smart Labels Report','app/verification/reports/smartLabels','Search',NULL,_binary '\0',NULL,_binary '',_binary '',_binary '\0',_binary '',NULL,_binary '\0',_binary '\0',_binary '\0'),(32,2,'Data Extract','Data Extract Report','app/verification/reports/dataExtract','Search',NULL,_binary '\0',NULL,_binary '',_binary '',_binary '\0',_binary '\0',NULL,_binary '\0',_binary '\0',_binary '\0'),(33,2,'Data Extract With Standardized Workflow Output','Data Extract Report with standardized workflow','app/verification/reports/dataExtractWithStandardizedWorkflow','Search','USE_DATA_EXTRACT_WITH_STANDARDIZED_WORKFLOW',_binary '\0',NULL,_binary '',_binary '',_binary '\0',_binary '\0',NULL,_binary '\0',_binary '\0',_binary '\0'),(34,2,'Reject Reasons','Displays the reject reason why an order was rejected for a specified time period','app/verification/reports/rejectReasons','Search',NULL,_binary '\0',NULL,_binary '',_binary '',_binary '\0',_binary '\0',NULL,_binary '\0',_binary '\0',_binary '\0'),(35,2,'Amount Wasted','Displays drug amount wasted by drug for a specified time period','app/verification/reports/amountWasted','Search',NULL,_binary '\0',NULL,_binary '',_binary '',_binary '\0',_binary '\0',NULL,_binary '\0',_binary '\0',_binary '\0'),(36,2,'Missed Scans','Displays all manually entered components','app/verification/reports/missedScan','Search',NULL,_binary '\0',NULL,_binary '',_binary '',_binary '\0',_binary '\0',NULL,_binary '\0',_binary '\0',_binary '\0'),(37,2,'Compound Log','Compound Log Report','app/verification/reports/compoundLogSearch','Search',NULL,_binary '\0',NULL,_binary '',_binary '',_binary '\0',_binary '\0',NULL,_binary '\0',_binary '\0',_binary '\0'),(38,2,'Master Formula Record','Master Formula Record','app/verification/reports/masterFormulaSearch','Search',NULL,_binary '\0',NULL,_binary '',_binary '',_binary '\0',_binary '\0',NULL,_binary '\0',_binary '\0',_binary '\0'),(39,3,'Inspections','Search for Inspections','app/inspections/reports/inspectionsSearch?first=true','Inventory',NULL,_binary '\0',NULL,_binary '',_binary '',_binary '\0',_binary '',NULL,_binary '\0',_binary '\0',_binary '\0'),(40,3,'Upcoming Inspections','View upcoming non-completed inspections','app/inspections/reports/upcomingInspections','Overview',NULL,_binary '\0',NULL,_binary '',_binary '',_binary '\0',_binary '',NULL,_binary '\0',_binary '\0',_binary '\0'),(41,3,'Missing Acknowledgements','View Inspections that do not have Acknowledgements/Signoffs','app/inspections/reports/missingApprovals','Missing Acknowledgement',NULL,_binary '\0',NULL,_binary '',_binary '',_binary '\0',_binary '',NULL,_binary '\0',_binary '\0',_binary '\0'),(42,4,'Activities','Search for Activities','app/activities/reports/activitiesSearch?first=true&definitionType=activity','Search',NULL,_binary '\0',NULL,_binary '',_binary '',_binary '\0',_binary '',NULL,_binary '\0',_binary '\0',_binary '\0'),(43,4,'Sampling Activities','Search for Sampling Activities','app/activities/reports/activitiesSearch?first=true&definitionType=sampling','Search',NULL,_binary '\0',NULL,_binary '',_binary '',_binary '\0',_binary '',NULL,_binary '\0',_binary '\0',_binary '\0'),(44,4,'Completion Overview','Overview of total completion rates and on time rates','app/activities/reports/activityCompletionOverview','Overview',NULL,_binary '\0',NULL,_binary '',_binary '',_binary '\0',_binary '\0',NULL,_binary '\0',_binary '\0',_binary '\0'),(45,4,'Detail Overview','Detailed of a month of activities by month','app/activities/reports/activityDetailOverview','Overview',NULL,_binary '\0',NULL,_binary '',_binary '',_binary '\0',_binary '\0',NULL,_binary '\0',_binary '\0',_binary '\0'),(46,4,'Trouble Tickets','Search for Trouble Tickets','app/activities/reports/troubleTicketSearch?first=true','Search',NULL,_binary '\0',NULL,_binary '',_binary '',_binary '\0',_binary '',NULL,_binary '\0',_binary '\0',_binary '\0'),(47,9,'Trainings','Search for Trainings','app/training/reports/trainingSearch?first=true','Training',NULL,_binary '\0',NULL,_binary '',_binary '',_binary '\0',_binary '',NULL,_binary '\0',_binary '\0',_binary '\0'),(48,10,'Data Extract','Data Extract','app/verification/reports/dataExtract','Tracking',NULL,_binary '\0',NULL,_binary '',_binary '',_binary '\0',_binary '\0',NULL,_binary '\0',_binary '\0',_binary '\0'),(49,NULL,'Facility Overview','Overview of each Pharmacy Keeper modules','app/reports/facilityOverviewReport','Overview',NULL,_binary '\0',NULL,_binary '',_binary '',_binary '\0',_binary '\0',NULL,_binary '\0',_binary '\0',_binary '\0'),(50,NULL,'Network Overview','Overview of each facility in the network','app/reports/networkOverviewReport','Overview',NULL,_binary '\0',NULL,_binary '',_binary '',_binary '\0',_binary '\0',NULL,_binary '\0',_binary '\0',_binary '\0'),(51,NULL,'Data Warehouse Extract','Data Warehouse Extract','app/reports/dataWarehouseExtract','Extract',NULL,_binary '\0',NULL,_binary '\0',_binary '',_binary '\0',_binary '\0',NULL,_binary '\0',_binary '\0',_binary '\0'),(52,NULL,'View Data Warehouse Extracts','Allows downloading of requested Data Warehouse Extracts','app/reports/viewDataExtractRequests?first=true','Extract',NULL,_binary '\0',NULL,_binary '\0',_binary '',_binary '\0',_binary '\0',NULL,_binary '\0',_binary '\0',_binary '\0'),(53,3,'Inspections Summary','Default summary report for inspections','/pentaho/api/repos/%3Ahome%3AInspections%3Asummary.wcdf/generatedContent','Default',NULL,_binary '',NULL,_binary '\0',_binary '',_binary '',_binary '\0',NULL,_binary '\0',_binary '\0',_binary '\0'),(54,3,'Compliance and Completion','Compliance and completion scores by template, location, and user','/pentaho/api/repos/%3Ahome%3AInspections%3Acompliance_and_completion_by_parameter.wcdf/generatedContent','Overview',NULL,_binary '',NULL,_binary '\0',_binary '',_binary '\0',_binary '\0',NULL,_binary '\0',_binary '\0',_binary '\0'),(55,3,'Compliance and Completion by Question','Compliance and completion scores by inspection question','/pentaho/api/repos/%3Ahome%3AInspections%3Acompliance_and_completion_by_question.wcdf/generatedContent','Overview',NULL,_binary '',NULL,_binary '\0',_binary '',_binary '\0',_binary '\0',NULL,_binary '\0',_binary '\0',_binary '\0'),(56,3,'Incomplete Inspections','List of incomplete inspections','/pentaho/api/repos/%3Ahome%3AInspections%3Aincomplete_inspections.wcdf/generatedContent','Completion',NULL,_binary '',NULL,_binary '\0',_binary '',_binary '\0',_binary '\0',NULL,_binary '\0',_binary '\0',_binary '\0'),(57,3,'Late Inspections','List of inspections completed late','/pentaho/api/repos/%3Ahome%3AInspections%3Alate_inspections.wcdf/generatedContent','Completion',NULL,_binary '',NULL,_binary '\0',_binary '',_binary '\0',_binary '\0',NULL,_binary '\0',_binary '\0',_binary '\0'),(58,3,'Non-Compliance Overview','Non-compliant criteria listed by location and month','/pentaho/api/repos/%3Ahome%3AInspections%3Anon_compliance_overview.wcdf/generatedContent','Non-Compliance',NULL,_binary '',NULL,_binary '\0',_binary '',_binary '\0',_binary '\0',NULL,_binary '\0',_binary '\0',_binary '\0'),(59,3,'Non-Compliant Inspections','List of inspections below 100% compliance','/pentaho/api/repos/%3Ahome%3AInspections%3Anon_compliant_inspections.wcdf/generatedContent','Non-Compliance',NULL,_binary '',NULL,_binary '\0',_binary '',_binary '\0',_binary '\0',NULL,_binary '\0',_binary '\0',_binary '\0'),(60,3,'Non-Compliant Locations','List of locations below 100% compliance','/pentaho/api/repos/%3Ahome%3AInspections%3Anon_compliant_locations.wcdf/generatedContent','Non-Compliance',NULL,_binary '',NULL,_binary '\0',_binary '',_binary '\0',_binary '\0',NULL,_binary '\0',_binary '\0',_binary '\0'),(61,4,'Activities Summary','Default report for Activities module','/pentaho/api/repos/%3Ahome%3AActivities%3Aactivities_summary.wcdf/generatedContent','Default',NULL,_binary '',NULL,_binary '\0',_binary '',_binary '',_binary '\0',NULL,_binary '\0',_binary '\0',_binary '\0'),(62,4,'Overall Activity Completion Report','Completion report for all activities','/pentaho/api/repos/%3Ahome%3AActivities%3Acompletion.wcdf/generatedContent','Completion',NULL,_binary '',NULL,_binary '\0',_binary '',_binary '\0',_binary '\0','&type=all',_binary '\0',_binary '\0',_binary '\0'),(63,4,'Environmental Activity Completion Report','Completion report for environmental activities','/pentaho/api/repos/%3Ahome%3AActivities%3Acompletion.wcdf/generatedContent','Completion',NULL,_binary '',NULL,_binary '\0',_binary '',_binary '\0',_binary '\0','&type=environmental',_binary '\0',_binary '\0',_binary '\0'),(64,4,'Sampling Activity Completion Report','Completion report for sampling activities','/pentaho/api/repos/%3Ahome%3AActivities%3Acompletion.wcdf/generatedContent','Completion',NULL,_binary '',NULL,_binary '\0',_binary '',_binary '\0',_binary '\0','&type=sampling',_binary '\0',_binary '\0',_binary '\0'),(65,4,'Overall Activity Compliance Report','Compliance report for all activities','/pentaho/api/repos/%3Ahome%3AActivities%3Acompliance.wcdf/generatedContent','Compliance',NULL,_binary '',NULL,_binary '\0',_binary '',_binary '\0',_binary '\0','&type=all',_binary '\0',_binary '\0',_binary '\0'),(66,4,'Environmental Activity Compliance Report','Compliance report for environmental activities','/pentaho/api/repos/%3Ahome%3AActivities%3Acompliance.wcdf/generatedContent','Compliance',NULL,_binary '',NULL,_binary '\0',_binary '',_binary '\0',_binary '\0','&type=environmental',_binary '\0',_binary '\0',_binary '\0'),(67,4,'Sampling Activity Compliance Report','Compliance report for sampling activities','/pentaho/api/repos/%3Ahome%3AActivities%3Acompliance.wcdf/generatedContent','Compliance',NULL,_binary '',NULL,_binary '\0',_binary '',_binary '\0',_binary '\0','&type=sampling',_binary '\0',_binary '\0',_binary '\0'),(68,4,'Incomplete Activities Report','Lists activities that are not complete','/pentaho/api/repos/%3Ahome%3AActivities%3Aincomplete_activities.wcdf/generatedContent','Completion',NULL,_binary '',NULL,_binary '\0',_binary '',_binary '\0',_binary '\0','',_binary '\0',_binary '\0',_binary '\0'),(69,4,'Trouble Tickets Report','Lists trouble tickets','/pentaho/api/repos/%3Ahome%3AActivities%3Atrouble_tickets.wcdf/generatedContent','Trouble Tickets',NULL,_binary '',NULL,_binary '\0',_binary '',_binary '\0',_binary '\0','',_binary '\0',_binary '\0',_binary '\0'),(70,4,'User Completion Count Report','Lists users and the number of activities they completed','/pentaho/api/repos/%3Ahome%3AActivities%3Auser_completion_count.wcdf/generatedContent','Completion',NULL,_binary '',NULL,_binary '\0',_binary '',_binary '\0',_binary '\0','',_binary '\0',_binary '\0',_binary '\0'),(71,4,'Completion Overview Report','Overview of completion scores','/pentaho/api/repos/%3Ahome%3AActivities%3Acompletion_overview.wcdf/generatedContent','Completion',NULL,_binary '',NULL,_binary '\0',_binary '',_binary '\0',_binary '\0','',_binary '\0',_binary '\0',_binary '\0'),(72,4,'Detail Overview Report','Counts and percents of Missing, Late, On Time, and In Range Activities','/pentaho/api/repos/%3Ahome%3AActivities%3Adetail_overview.wcdf/generatedContent','Overview',NULL,_binary '',NULL,_binary '\0',_binary '',_binary '\0',_binary '\0','',_binary '\0',_binary '\0',_binary '\0'),(73,4,'Activity Summary','Summary of all activities for this facility','app/activities/reports/activitySummary?first=true&type=Facility','Overview',NULL,_binary '\0',NULL,_binary '\0',_binary '',_binary '\0',_binary '\0',NULL,_binary '\0',_binary '\0',_binary '\0'),(74,4,'Network Activity Summary','Summary of all activities for this network','app/activities/reports/activitySummary?first=true&type=Network','Overview',NULL,_binary '\0',NULL,_binary '\0',_binary '',_binary '\0',_binary '\0',NULL,_binary '',_binary '\0',_binary '\0'),(75,2,'Verification Summary','Default report for Verification module','/pentaho/api/repos/%3Ahome%3AVerification%3Averification_summary.wcdf/generatedContent','Default',NULL,_binary '',NULL,_binary '\0',_binary '',_binary '',_binary '\0',NULL,_binary '\0',_binary '\0',_binary '\0'),(76,2,'Workflow Timing Report','Breakdown of average times for steps in a workflow','/pentaho/api/repos/%3Ahome%3AVerification%3Aworkflow_timing_report.wcdf/generatedContent','Default',NULL,_binary '',NULL,_binary '\0',_binary '',_binary '\0',_binary '\0',NULL,_binary '\0',_binary '\0',_binary '\0'),(77,2,'Order Volume Report','Order Volumes by Month and Day','/pentaho/api/repos/%3Ahome%3AVerification%3Aorder_volume_report.wcdf/generatedContent','Volume',NULL,_binary '',NULL,_binary '\0',_binary '',_binary '\0',_binary '\0',NULL,_binary '\0',_binary '\0',_binary '\0'),(78,2,'Batch Amount Report','Batches and Batch Quantities by Drug','/pentaho/api/repos/%3Ahome%3AVerification%3Abatch_amount_report.wcdf/generatedContent','Batch',NULL,_binary '',NULL,_binary '\0',_binary '',_binary '\0',_binary '\0',NULL,_binary '\0',_binary '\0',_binary '\0'),(79,2,'Recipe Validation Report','Lists Recipe Validation Dates and Unvalidated Recipes','/pentaho/api/repos/%3Ahome%3AVerification%3Arecipe_validation.wcdf/generatedContent','Batch',NULL,_binary '',NULL,_binary '\0',_binary '',_binary '\0',_binary '\0',NULL,_binary '\0',_binary '\0',_binary '\0'),(80,2,'Expiring Batch Report','Lists batches that will expire soon','/pentaho/api/repos/%3Ahome%3AVerification%3Aexpiring_batch_report.wcdf/generatedContent','Batch',NULL,_binary '',NULL,_binary '\0',_binary '',_binary '\0',_binary '\0',NULL,_binary '\0',_binary '\0',_binary '\0'),(81,2,'Expired Batch Report','Lists batches that have expired','/pentaho/api/repos/%3Ahome%3AVerification%3Aexpired_batch_report.wcdf/generatedContent','Batch',NULL,_binary '',NULL,_binary '\0',_binary '',_binary '\0',_binary '\0',NULL,_binary '\0',_binary '\0',_binary '\0'),(82,2,'Preparation Performance Report','Provides performance statistics for a particular user','/pentaho/api/repos/%3Ahome%3AVerification%3Apreparation_performance_report.wcdf/generatedContent','Batch',NULL,_binary '',NULL,_binary '\0',_binary '',_binary '\0',_binary '\0',NULL,_binary '\0',_binary '\0',_binary '\0'),(83,2,'Preparation Performance Summary','Provides performance statistics for groups of users','/pentaho/api/repos/%3Ahome%3AVerification%3Apreparation_performance_summary.wcdf/generatedContent','Performance',NULL,_binary '',NULL,_binary '\0',_binary '',_binary '\0',_binary '\0',NULL,_binary '\0',_binary '\0',_binary '\0'),(84,12,'Waste Items','Search for Waste Items','app/ciiwaste/search/wasteItemSearch?first=true','Search',NULL,_binary '\0',NULL,_binary '',_binary '',_binary '\0',_binary '',NULL,_binary '\0',_binary '\0',_binary '\0'),(85,9,'Training Summary','Default report for Training module','/pentaho/api/repos/%3Ahome%3ATraining%3Atraining_summary.wcdf/generatedContent','Default',NULL,_binary '',NULL,_binary '\0',_binary '',_binary '',_binary '\0',NULL,_binary '\0',_binary '\0',_binary '\0'),(86,9,'Failed Trainings','List of Failed Trainings','/pentaho/api/repos/%3Ahome%3ATraining%3Afailed_trainings.wcdf/generatedContent','Compliance',NULL,_binary '',NULL,_binary '\0',_binary '',_binary '\0',_binary '\0',NULL,_binary '\0',_binary '\0',_binary '\0'),(87,9,'User Completion Report','List users and the percentage of trainings they have completed','/pentaho/api/repos/%3Ahome%3ATraining%3Acompletion_report.wcdf/generatedContent','Completion',NULL,_binary '',NULL,_binary '\0',_binary '',_binary '\0',_binary '\0','&group=user',_binary '\0',_binary '\0',_binary '\0'),(88,9,'Template Completion Report','List templates and the percentage of trainings that have been completed','/pentaho/api/repos/%3Ahome%3ATraining%3Acompletion_report.wcdf/generatedContent','Completion',NULL,_binary '',NULL,_binary '\0',_binary '',_binary '\0',_binary '\0','&group=template',_binary '\0',_binary '\0',_binary '\0'),(89,9,'User Passing Percentage Report','List users and the percentage of trainings they have passed','/pentaho/api/repos/%3Ahome%3ATraining%3Apassing_percentage_report.wcdf/generatedContent','Compliance',NULL,_binary '',NULL,_binary '\0',_binary '',_binary '\0',_binary '\0','&group=user',_binary '\0',_binary '\0',_binary '\0'),(90,9,'Template Passing Percentage Report','List Templates and the percentage of trainings that were passed','/pentaho/api/repos/%3Ahome%3ATraining%3Apassing_percentage_report.wcdf/generatedContent','Compliance',NULL,_binary '',NULL,_binary '\0',_binary '',_binary '\0',_binary '\0','&group=template',_binary '\0',_binary '\0',_binary '\0'),(91,9,'Missed Question Report','List Questions and the Number of Times they have been Missed','/pentaho/api/repos/%3Ahome%3ATraining%3Amissed_question_report.wcdf/generatedContent','Compliance',NULL,_binary '',NULL,_binary '\0',_binary '',_binary '\0',_binary '\0',NULL,_binary '\0',_binary '\0',_binary '\0'),(92,10,'Scan Compliance','Scan compliance for each step of the Tracking workflow.','/pentaho/api/repos/%3Ahome%3ATracking%3Ascan_compliance.wcdf/generatedContent','Scan Compliance',NULL,_binary '',NULL,_binary '\0',_binary '',_binary '\0',_binary '\0',NULL,_binary '\0',_binary '\0',_binary '\0'),(93,10,'Delivery Times and Volumes by Destination','Average delivery times and delivery volumes by Destination.','/pentaho/api/repos/%3Ahome%3ATracking%3Adelivery_times_and_volume.wcdf/generatedContent','Performance',NULL,_binary '',NULL,_binary '\0',_binary '',_binary '\0',_binary '\0','&group=destination',_binary '\0',_binary '\0',_binary '\0'),(94,10,'Delivery Times and Volumes by User','Average delivery times and delivery volumes by User.','/pentaho/api/repos/%3Ahome%3ATracking%3Adelivery_times_and_volume.wcdf/generatedContent','Performance',NULL,_binary '',NULL,_binary '\0',_binary '',_binary '\0',_binary '\0','&group=user',_binary '\0',_binary '\0',_binary '\0'),(95,10,'Delivery Times and Volumes by Priority','Average delivery times and delivery volumes by Priority.','/pentaho/api/repos/%3Ahome%3ATracking%3Adelivery_times_and_volume.wcdf/generatedContent','Performance',NULL,_binary '',NULL,_binary '\0',_binary '',_binary '\0',_binary '\0','&group=priority',_binary '\0',_binary '\0',_binary '\0'),(96,10,'Delivery Times and Volumes by Hour','Average delivery times and delivery volumes by Hour of the Day.','/pentaho/api/repos/%3Ahome%3ATracking%3Adelivery_times_and_volume_by_hour.wcdf/generatedContent','Performance',NULL,_binary '',NULL,_binary '\0',_binary '',_binary '\0',_binary '\0',NULL,_binary '\0',_binary '\0',_binary '\0'),(97,10,'Delivery Time Threshold','Shows orders outside of a delivery time threshold.','/pentaho/api/repos/%3Ahome%3ATracking%3Adelivery_time_threshold.wcdf/generatedContent','Performance',NULL,_binary '',NULL,_binary '\0',_binary '',_binary '\0',_binary '\0',NULL,_binary '\0',_binary '\0',_binary '\0'),(98,10,'Misdelivery Report','Shows orders that were delivered to a location other than the destination','/pentaho/api/repos/%3Ahome%3ATracking%3Amisdelivery.wcdf/generatedContent','Misdelivery',NULL,_binary '',NULL,_binary '\0',_binary '',_binary '\0',_binary '\0',NULL,_binary '\0',_binary '\0',_binary '\0'),(99,2,'Tracking Scan Compliance','Scan compliance for each step of the Tracking workflow.','/pentaho/api/repos/%3Ahome%3ATracking%3Ascan_compliance.wcdf/generatedContent','Scan Compliance',NULL,_binary '',NULL,_binary '\0',_binary '\0',_binary '\0',_binary '\0',NULL,_binary '\0',_binary '\0',_binary '\0'),(100,2,'Tracking Delivery Times and Volumes by Destination','Average tracking delivery times and delivery volumes by Destination.','/pentaho/api/repos/%3Ahome%3ATracking%3Adelivery_times_and_volume.wcdf/generatedContent','Performance',NULL,_binary '',NULL,_binary '\0',_binary '\0',_binary '\0',_binary '\0','&group=destination',_binary '\0',_binary '\0',_binary '\0'),(101,2,'Tracking Delivery Times and Volumes by User','Average tracking delivery times and delivery volumes by User.','/pentaho/api/repos/%3Ahome%3ATracking%3Adelivery_times_and_volume.wcdf/generatedContent','Performance',NULL,_binary '',NULL,_binary '\0',_binary '\0',_binary '\0',_binary '\0','&group=user',_binary '\0',_binary '\0',_binary '\0'),(102,2,'Tracking Delivery Times and Volumes by Priority','Average tracking delivery times and delivery volumes by Priority.','/pentaho/api/repos/%3Ahome%3ATracking%3Adelivery_times_and_volume.wcdf/generatedContent','Performance',NULL,_binary '',NULL,_binary '\0',_binary '\0',_binary '\0',_binary '\0','&group=priority',_binary '\0',_binary '\0',_binary '\0'),(103,2,'Tracking Delivery Times and Volumes by Hour','Average tracking delivery times and delivery volumes by Hour of the Day.','/pentaho/api/repos/%3Ahome%3ATracking%3Adelivery_times_and_volume_by_hour.wcdf/generatedContent','Performance',NULL,_binary '',NULL,_binary '\0',_binary '\0',_binary '\0',_binary '\0',NULL,_binary '\0',_binary '\0',_binary '\0'),(104,2,'Tracking Delivery Time Threshold','Shows tracking orders outside of a delivery time threshold.','/pentaho/api/repos/%3Ahome%3ATracking%3Adelivery_time_threshold.wcdf/generatedContent','Performance',NULL,_binary '',NULL,_binary '\0',_binary '\0',_binary '\0',_binary '\0',NULL,_binary '\0',_binary '\0',_binary '\0'),(105,2,'Tracking Misdelivery Report','Shows tracking orders that were delivered to a location other than the destination','/pentaho/api/repos/%3Ahome%3ATracking%3Amisdelivery.wcdf/generatedContent','Misdelivery',NULL,_binary '',NULL,_binary '\0',_binary '\0',_binary '\0',_binary '\0',NULL,_binary '\0',_binary '\0',_binary '\0'),(106,10,'Tracking Summary','Default summary report for the tracking module','/pentaho/api/repos/%3Ahome%3ATracking%3Atracking_summary.wcdf/generatedContent','default',NULL,_binary '',NULL,_binary '\0',_binary '',_binary '',_binary '\0',NULL,_binary '\0',_binary '\0',_binary '\0'),(107,2,'Tracking Summary','Summary report for the tracking module','/pentaho/api/repos/%3Ahome%3ATracking%3Atracking_summary.wcdf/generatedContent','Summary',NULL,_binary '',NULL,_binary '\0',_binary '\0',_binary '\0',_binary '\0',NULL,_binary '\0',_binary '\0',_binary '\0'),(108,4,'Weekly Completion Overview Report','Overview of completion scores by week','/pentaho/api/repos/%3Ahome%3AActivities%3Acompletion_overview_by_week.wcdf/generatedContent','Completion',NULL,_binary '',NULL,_binary '\0',_binary '\0',_binary '\0',_binary '\0','',_binary '\0',_binary '\0',_binary '\0'),(109,2,'Recipe Mapping Uploader Template','Template For Recipe Mapping Uploader','app/verification/reports/recipeMappingUploaderTemplate','Recipe Mapping','ALLOW_MAP_INCOMING_FEEDS_TO_RECIPE',_binary '\0',NULL,_binary '',_binary '',_binary '\0',_binary '\0',NULL,_binary '\0',_binary '\0',_binary '\0'),(110,2,'Recipe Mapping Review','Review Recipe Mappings','app/verification/reports/recipeMappingReview','Recipe Mapping','ALLOW_MAP_INCOMING_FEEDS_TO_RECIPE',_binary '\0',NULL,_binary '',_binary '',_binary '\0',_binary '\0',NULL,_binary '\0',_binary '\0',_binary '\0'),(111,13,'Barcodes Items','Search for Barcodes Items','app/barcodes/search/barcodesItemSearch?first=true','Search',NULL,_binary '\0',NULL,_binary '',_binary '',_binary '\0',_binary '',NULL,_binary '\0',_binary '\0',_binary '\0'),(112,2,'Outbound Translation Not Found Report','Search for NDCs that did not map to a representative NDC in the Outbound Translations.','app/verification/reports/outboundTranslationNotFoundReport','Search','SEND_LIGHTWEIGHT_OUTBOUND_EPIC_MESSAGE',_binary '\0',NULL,_binary '',_binary '',_binary '\0',_binary '\0',NULL,_binary '\0',_binary '\0',_binary '\0'),(113,2,'Items Not In Central Formulary','Displays items used by satellite sites that are not in central formulary','app/verification/reports/itemsNotInCentralFormulary','Search',NULL,_binary '\0',NULL,_binary '',_binary '',_binary '\0',_binary '\0',NULL,_binary '\0',_binary '',_binary '\0'),(114,2,'Potential Mismatched Items on Formulary Upload','Report for mismatched names of the matched NDCs from the formulary upload do not match the first 5 characters','app/verification/reports/potentialMismatchedItemsOnFormularyUpload','Search',NULL,_binary '\0',NULL,_binary '',_binary '',_binary '\0',_binary '\0',NULL,_binary '\0',_binary '\0',_binary '\0'),(115,2,'Feed Recipe Mapping Mnemonic Strings','Feed:Recipe mapping report provides all mnemonic strings needed for mapping interface orders to a recipe','app/verification/reports/feedRecipeMappingMnemonicStrings','Recipe Mapping','ALLOW_MAP_INCOMING_FEEDS_TO_RECIPE',_binary '\0',NULL,_binary '',_binary '',_binary '\0',_binary '\0',NULL,_binary '\0',_binary '\0',_binary '\0'),(116,4,'Environmental Activity Report','Displays all activities information with search criteria','app/activities/reports/activitiesReport?definitionType=activity&first=true','Search',NULL,_binary '\0',NULL,_binary '',_binary '',_binary '\0',_binary '\0','&definitionType=actvity',_binary '\0',_binary '\0',_binary '\0'),(117,4,'Sampling Activity Report','Displays all sampling activities information with search criteria','app/activities/reports/activitiesReport?definitionType=sampling&first=true','Search',NULL,_binary '\0',NULL,_binary '',_binary '',_binary '\0',_binary '\0','&definitionType=sampling',_binary '\0',_binary '\0',_binary '\0'),(118,2,'Data Dump','Dump Compound data into xls for a given date range','app/verification/reports/dataDump','Search',NULL,_binary '\0',NULL,_binary '',_binary '',_binary '\0',_binary '\0',NULL,_binary '\0',_binary '\0',_binary '\0'),(119,2,'Amount Waste Reasons','Displays the amount waste reason why an order was rejected for a specified time period','app/verification/reports/amountWasteReasons','Search',NULL,_binary '\0',NULL,_binary '',_binary '',_binary '\0',_binary '\0',NULL,_binary '\0',_binary '\0',_binary '\0'),(120,2,'Return Reasons','Displays the return reason why an order was rejected for a specified time period','app/verification/reports/returnReasons','Search',NULL,_binary '\0',NULL,_binary '',_binary '',_binary '\0',_binary '\0',NULL,_binary '\0',_binary '\0',_binary '\0');
/*!40000 ALTER TABLE `report_link` ENABLE KEYS */;
UNLOCK TABLES;

--
-- Table structure for table `report_parameter`
--

DROP TABLE IF EXISTS `report_parameter`;
/*!40101 SET @saved_cs_client     = @@character_set_client */;
/*!40101 SET character_set_client = utf8 */;
CREATE TABLE `report_parameter` (
  `report_link_id` int(10) unsigned NOT NULL,
  `parameter_id` int(10) unsigned NOT NULL,
  `id` int(10) unsigned NOT NULL AUTO_INCREMENT,
  `required` bit(1) DEFAULT b'0',
  `sort_order` int(11) DEFAULT NULL,
  PRIMARY KEY (`id`),
  KEY `idx_report_link_id` (`report_link_id`),
  KEY `idx_parameter_id` (`parameter_id`)
) ENGINE=InnoDB AUTO_INCREMENT=268 DEFAULT CHARSET=latin1;
/*!40101 SET character_set_client = @saved_cs_client */;

--
-- Dumping data for table `report_parameter`
--

LOCK TABLES `report_parameter` WRITE;
/*!40000 ALTER TABLE `report_parameter` DISABLE KEYS */;
INSERT INTO `report_parameter` VALUES (54,9,1,_binary '',0),(54,10,2,_binary '',1),(54,15,3,_binary '',2),(54,6,4,_binary '\0',3),(54,5,5,_binary '\0',4),(54,4,6,_binary '\0',5),(55,9,7,_binary '',0),(55,10,8,_binary '',1),(55,6,9,_binary '\0',2),(55,5,10,_binary '\0',3),(55,4,11,_binary '\0',4),(56,9,12,_binary '',0),(56,10,13,_binary '',1),(56,6,14,_binary '\0',2),(56,5,15,_binary '\0',3),(56,4,16,_binary '\0',4),(57,9,17,_binary '',0),(57,10,18,_binary '',1),(57,6,19,_binary '\0',2),(57,5,20,_binary '\0',3),(57,4,21,_binary '\0',4),(58,9,22,_binary '',0),(58,10,23,_binary '',1),(58,8,24,_binary '\0',2),(58,6,25,_binary '\0',3),(58,5,26,_binary '\0',4),(58,4,27,_binary '\0',5),(59,9,28,_binary '',0),(59,10,29,_binary '',1),(59,6,30,_binary '\0',2),(59,5,31,_binary '\0',3),(59,4,32,_binary '\0',4),(60,9,33,_binary '',0),(60,10,34,_binary '',1),(60,6,35,_binary '\0',2),(60,5,36,_binary '\0',3),(60,4,37,_binary '\0',4),(62,9,38,_binary '',0),(62,10,39,_binary '',1),(62,6,40,_binary '\0',2),(62,17,41,_binary '\0',3),(62,18,42,_binary '\0',4),(62,19,43,_binary '\0',5),(63,9,44,_binary '',0),(63,10,45,_binary '',1),(63,6,46,_binary '\0',2),(63,17,47,_binary '\0',3),(63,18,48,_binary '\0',4),(63,19,49,_binary '\0',5),(64,9,50,_binary '',0),(64,10,51,_binary '',1),(64,6,52,_binary '\0',2),(64,17,53,_binary '\0',3),(64,18,54,_binary '\0',4),(64,19,55,_binary '\0',5),(65,9,56,_binary '',0),(65,10,57,_binary '',1),(65,6,58,_binary '\0',2),(65,17,59,_binary '\0',3),(65,18,60,_binary '\0',4),(65,19,61,_binary '\0',5),(66,9,62,_binary '',0),(66,10,63,_binary '',1),(66,6,64,_binary '\0',2),(66,17,65,_binary '\0',3),(66,18,66,_binary '\0',4),(66,19,67,_binary '\0',5),(67,9,68,_binary '',0),(67,10,69,_binary '',1),(67,6,70,_binary '\0',2),(67,17,71,_binary '\0',3),(67,18,72,_binary '\0',4),(67,19,73,_binary '\0',5),(68,9,74,_binary '',0),(68,10,75,_binary '',1),(68,6,76,_binary '\0',2),(68,17,77,_binary '\0',3),(68,19,78,_binary '\0',4),(69,9,79,_binary '',0),(69,10,80,_binary '',1),(69,20,81,_binary '',2),(69,6,82,_binary '\0',3),(69,17,83,_binary '\0',4),(69,19,84,_binary '\0',5),(70,9,85,_binary '',0),(70,10,86,_binary '',1),(70,6,87,_binary '\0',2),(70,17,88,_binary '\0',3),(70,18,89,_binary '\0',4),(70,19,90,_binary '\0',5),(71,12,91,_binary '',0),(71,6,92,_binary '\0',1),(71,17,93,_binary '\0',2),(71,18,94,_binary '\0',3),(71,19,95,_binary '\0',4),(72,12,96,_binary '',0),(72,6,97,_binary '\0',1),(72,17,98,_binary '\0',2),(72,18,99,_binary '\0',3),(72,19,100,_binary '\0',4),(76,9,101,_binary '',0),(76,10,102,_binary '',1),(76,21,103,_binary '',2),(76,22,104,_binary '\0',3),(76,26,105,_binary '\0',4),(76,27,106,_binary '\0',5),(76,23,107,_binary '\0',6),(76,25,108,_binary '\0',7),(76,24,109,_binary '\0',8),(77,9,110,_binary '',0),(77,10,111,_binary '',1),(77,28,112,_binary '',2),(78,9,113,_binary '',0),(78,10,114,_binary '',1),(78,23,115,_binary '\0',2),(80,29,116,_binary '',0),(80,23,117,_binary '\0',1),(81,9,118,_binary '',0),(81,10,119,_binary '',1),(81,23,120,_binary '\0',2),(81,30,121,_binary '',3),(82,9,122,_binary '',0),(82,10,123,_binary '',1),(82,34,124,_binary '',2),(82,23,125,_binary '\0',3),(82,32,126,_binary '\0',4),(82,33,127,_binary '\0',5),(83,9,128,_binary '',0),(83,10,129,_binary '',1),(83,23,130,_binary '\0',2),(83,26,131,_binary '',3),(83,32,132,_binary '\0',4),(83,33,133,_binary '\0',5),(86,9,134,_binary '',0),(86,10,135,_binary '',1),(86,38,136,_binary '\0',2),(86,35,137,_binary '\0',3),(86,36,138,_binary '\0',4),(86,37,139,_binary '\0',5),(87,9,140,_binary '',0),(87,10,141,_binary '',1),(87,38,142,_binary '\0',2),(87,35,143,_binary '\0',3),(87,36,144,_binary '\0',4),(87,37,145,_binary '\0',5),(88,9,146,_binary '',0),(88,10,147,_binary '',1),(88,38,148,_binary '\0',2),(88,35,149,_binary '\0',3),(88,36,150,_binary '\0',4),(88,37,151,_binary '\0',5),(89,9,152,_binary '',0),(89,10,153,_binary '',1),(89,38,154,_binary '\0',2),(89,35,155,_binary '\0',3),(89,36,156,_binary '\0',4),(89,37,157,_binary '\0',5),(90,9,158,_binary '',0),(90,10,159,_binary '',1),(90,38,160,_binary '\0',2),(90,35,161,_binary '\0',3),(90,36,162,_binary '\0',4),(90,37,163,_binary '\0',5),(91,9,164,_binary '',0),(91,10,165,_binary '',1),(91,38,166,_binary '\0',2),(91,35,167,_binary '\0',3),(91,36,168,_binary '\0',4),(91,37,169,_binary '\0',5),(92,9,170,_binary '',0),(92,10,171,_binary '',1),(92,32,172,_binary '\0',2),(92,33,173,_binary '\0',3),(92,39,174,_binary '\0',4),(92,25,175,_binary '\0',5),(93,9,176,_binary '',0),(93,10,177,_binary '',1),(93,32,178,_binary '\0',2),(93,33,179,_binary '\0',3),(93,39,180,_binary '\0',4),(93,25,181,_binary '\0',5),(93,40,182,_binary '\0',6),(94,9,183,_binary '',0),(94,10,184,_binary '',1),(94,32,185,_binary '\0',2),(94,33,186,_binary '\0',3),(94,39,187,_binary '\0',4),(94,25,188,_binary '\0',5),(94,40,189,_binary '\0',6),(95,9,190,_binary '',0),(95,10,191,_binary '',1),(95,32,192,_binary '\0',2),(95,33,193,_binary '\0',3),(95,39,194,_binary '\0',4),(95,25,195,_binary '\0',5),(95,40,196,_binary '\0',6),(96,9,197,_binary '',0),(96,10,198,_binary '',1),(96,39,199,_binary '\0',2),(96,25,200,_binary '\0',3),(96,40,201,_binary '\0',4),(97,9,202,_binary '',0),(97,10,203,_binary '',1),(97,39,204,_binary '\0',2),(97,25,205,_binary '\0',3),(97,40,206,_binary '\0',4),(97,42,207,_binary '\0',5),(97,41,208,_binary '\0',6),(98,9,209,_binary '',0),(98,10,210,_binary '',1),(98,39,211,_binary '\0',2),(98,25,212,_binary '\0',3),(98,43,213,_binary '\0',4),(99,9,214,_binary '',0),(99,10,215,_binary '',1),(99,32,216,_binary '\0',2),(99,33,217,_binary '\0',3),(99,39,218,_binary '\0',4),(99,25,219,_binary '\0',5),(100,9,220,_binary '',0),(100,10,221,_binary '',1),(100,32,222,_binary '\0',2),(100,33,223,_binary '\0',3),(100,39,224,_binary '\0',4),(100,25,225,_binary '\0',5),(100,40,226,_binary '\0',6),(101,9,227,_binary '',0),(101,10,228,_binary '',1),(101,32,229,_binary '\0',2),(101,33,230,_binary '\0',3),(101,39,231,_binary '\0',4),(101,25,232,_binary '\0',5),(101,40,233,_binary '\0',6),(102,9,234,_binary '',0),(102,10,235,_binary '',1),(102,32,236,_binary '\0',2),(102,33,237,_binary '\0',3),(102,39,238,_binary '\0',4),(102,25,239,_binary '\0',5),(102,40,240,_binary '\0',6),(103,9,241,_binary '',0),(103,10,242,_binary '',1),(103,39,243,_binary '\0',2),(103,25,244,_binary '\0',3),(103,40,245,_binary '\0',4),(104,9,246,_binary '',0),(104,10,247,_binary '',1),(104,39,248,_binary '\0',2),(104,25,249,_binary '\0',3),(104,40,250,_binary '\0',4),(104,42,251,_binary '\0',5),(104,41,252,_binary '\0',6),(105,9,253,_binary '',0),(105,10,254,_binary '',1),(105,39,255,_binary '\0',2),(105,25,256,_binary '\0',3),(105,43,257,_binary '\0',4),(107,9,258,_binary '',0),(107,10,259,_binary '',1),(107,28,260,_binary '',2),(108,10,261,_binary '',0),(108,6,262,_binary '\0',1),(108,17,263,_binary '\0',2),(108,18,264,_binary '\0',3),(108,19,265,_binary '\0',4),(113,9,266,_binary '',0),(113,10,267,_binary '',1);
/*!40000 ALTER TABLE `report_parameter` ENABLE KEYS */;
UNLOCK TABLES;

--
-- Table structure for table `requirement`
--

DROP TABLE IF EXISTS `requirement`;
/*!40101 SET @saved_cs_client     = @@character_set_client */;
/*!40101 SET character_set_client = utf8 */;
CREATE TABLE `requirement` (
  `id` int(10) unsigned NOT NULL AUTO_INCREMENT,
  `account_id` int(10) unsigned NOT NULL,
  `name` varchar(256) NOT NULL,
  `active` bit(1) NOT NULL DEFAULT b'1',
  `last_updated_by` int(10) unsigned DEFAULT NULL,
  `last_updated_time` datetime DEFAULT NULL,
  `created_by` int(10) unsigned DEFAULT NULL,
  `created_time` datetime DEFAULT NULL,
  PRIMARY KEY (`id`),
  KEY `fk_requirement_lastuser` (`last_updated_by`),
  KEY `fk_requirement_createuser` (`created_by`),
  CONSTRAINT `fk_requirement_createuser` FOREIGN KEY (`created_by`) REFERENCES `users` (`id`),
  CONSTRAINT `fk_requirement_lastuser` FOREIGN KEY (`last_updated_by`) REFERENCES `users` (`id`)
) ENGINE=InnoDB DEFAULT CHARSET=latin1;
/*!40101 SET character_set_client = @saved_cs_client */;

--
-- Dumping data for table `requirement`
--

LOCK TABLES `requirement` WRITE;
/*!40000 ALTER TABLE `requirement` DISABLE KEYS */;
/*!40000 ALTER TABLE `requirement` ENABLE KEYS */;
UNLOCK TABLES;
ALTER DATABASE `pharmacy_keeper` CHARACTER SET latin1 COLLATE latin1_general_ci ;
/*!50003 SET @saved_cs_client      = @@character_set_client */ ;
/*!50003 SET @saved_cs_results     = @@character_set_results */ ;
/*!50003 SET @saved_col_connection = @@collation_connection */ ;
/*!50003 SET character_set_client  = latin1 */ ;
/*!50003 SET character_set_results = latin1 */ ;
/*!50003 SET collation_connection  = latin1_general_ci */ ;
/*!50003 SET @saved_sql_mode       = @@sql_mode */ ;
/*!50003 SET sql_mode              = 'ONLY_FULL_GROUP_BY,STRICT_TRANS_TABLES,NO_ZERO_IN_DATE,NO_ZERO_DATE,ERROR_FOR_DIVISION_BY_ZERO,NO_ENGINE_SUBSTITUTION' */ ;
DELIMITER ;;
/*!50003 CREATE*/ /*!50017 DEFINER=`root`@`localhost`*/ /*!50003 TRIGGER requirement_deletion
            AFTER DELETE ON requirement FOR EACH ROW
            BEGIN
            INSERT INTO deletion_trail (primary_record_id, secondary_record_id, table_name, account_id,  primary_id_name, secondary_id_name, deletion_time)
            VALUES (OLD.id, NULL, "requirement", OLD.account_id, "id", NULL, NOW());
            END */;;
DELIMITER ;
/*!50003 SET sql_mode              = @saved_sql_mode */ ;
/*!50003 SET character_set_client  = @saved_cs_client */ ;
/*!50003 SET character_set_results = @saved_cs_results */ ;
/*!50003 SET collation_connection  = @saved_col_connection */ ;
ALTER DATABASE `pharmacy_keeper` CHARACTER SET latin1 COLLATE latin1_swedish_ci ;

--
-- Table structure for table `return_reason`
--

DROP TABLE IF EXISTS `return_reason`;
/*!40101 SET @saved_cs_client     = @@character_set_client */;
/*!40101 SET character_set_client = utf8 */;
CREATE TABLE `return_reason` (
  `id` int(10) unsigned NOT NULL AUTO_INCREMENT,
  `account_id` int(11) NOT NULL,
  `name` varchar(255) NOT NULL,
  `active` bit(1) NOT NULL DEFAULT b'1',
  `last_updated_by` int(10) unsigned DEFAULT NULL,
  `last_updated_time` datetime DEFAULT NULL,
  `created_by` int(10) unsigned DEFAULT NULL,
  `created_time` datetime DEFAULT NULL,
  PRIMARY KEY (`id`),
  KEY `idx_account_id` (`account_id`)
) ENGINE=InnoDB DEFAULT CHARSET=latin1;
/*!40101 SET character_set_client = @saved_cs_client */;

--
-- Dumping data for table `return_reason`
--

LOCK TABLES `return_reason` WRITE;
/*!40000 ALTER TABLE `return_reason` DISABLE KEYS */;
/*!40000 ALTER TABLE `return_reason` ENABLE KEYS */;
UNLOCK TABLES;

--
-- Table structure for table `role_permission`
--

DROP TABLE IF EXISTS `role_permission`;
/*!40101 SET @saved_cs_client     = @@character_set_client */;
/*!40101 SET character_set_client = utf8 */;
CREATE TABLE `role_permission` (
  `role_id` int(10) unsigned NOT NULL,
  `permission_id` int(10) unsigned NOT NULL,
  KEY `fk_role_permission_role` (`role_id`),
  KEY `fk_role_permission_permission` (`permission_id`),
  CONSTRAINT `fk_role_permission_permission` FOREIGN KEY (`permission_id`) REFERENCES `permission` (`id`),
  CONSTRAINT `fk_role_permission_role` FOREIGN KEY (`role_id`) REFERENCES `roles` (`id`)
) ENGINE=InnoDB DEFAULT CHARSET=latin1;
/*!40101 SET character_set_client = @saved_cs_client */;

--
-- Dumping data for table `role_permission`
--

LOCK TABLES `role_permission` WRITE;
/*!40000 ALTER TABLE `role_permission` DISABLE KEYS */;
INSERT INTO `role_permission` VALUES (5,17),(5,18),(5,3),(5,2),(5,1),(5,4),(5,5),(5,14),(5,6),(5,7),(5,9),(5,8),(5,15),(5,11),(5,10),(5,16),(5,19),(5,20),(5,21),(1,2),(1,3),(1,4),(1,5),(2,1),(2,4),(2,5),(3,14),(4,1),(4,2),(4,3),(4,4),(4,5),(4,6),(4,7),(4,8),(4,9),(4,10),(4,11),(4,14),(4,15),(4,16),(4,18),(4,19),(4,20),(4,21),(6,6),(6,9),(7,7),(7,9),(8,8),(8,15),(9,10),(9,11),(10,16),(13,23),(14,24),(10,25),(11,12),(12,13),(16,26),(4,26),(5,26),(4,27),(5,27),(3,28),(2,28),(16,26),(16,29),(5,30),(5,31),(10,32),(1,33),(6,8),(13,8),(6,20),(13,20),(17,29),(16,27),(8,34),(19,36),(20,37),(24,38),(4,38),(5,38),(8,39),(6,39),(13,39),(26,40),(26,41),(26,42),(26,43),(26,44),(25,45),(5,45),(27,46),(27,10),(27,11),(5,47),(28,47),(4,47),(4,45),(6,34),(8,20),(30,49),(4,49),(5,49),(31,50),(32,51),(4,51),(5,51),(33,52),(34,53),(35,54),(36,55),(37,56),(5,56),(38,57),(5,57),(39,58),(5,58),(40,59),(41,60),(42,61),(5,62),(5,63),(5,64),(5,65),(43,62),(43,63),(43,64),(43,65),(44,63),(44,64),(44,65),(45,63),(48,66),(4,66),(5,66),(49,67),(50,68);
/*!40000 ALTER TABLE `role_permission` ENABLE KEYS */;
UNLOCK TABLES;

--
-- Table structure for table `roles`
--

DROP TABLE IF EXISTS `roles`;
/*!40101 SET @saved_cs_client     = @@character_set_client */;
/*!40101 SET character_set_client = utf8 */;
CREATE TABLE `roles` (
  `id` int(10) unsigned NOT NULL AUTO_INCREMENT,
  `name` varchar(45) NOT NULL,
  `description` varchar(128) NOT NULL,
  `account_id` int(10) unsigned DEFAULT NULL,
  `active_fl` bit(1) NOT NULL DEFAULT b'1',
  `last_updated_by` int(10) unsigned DEFAULT NULL,
  `last_updated_time` datetime DEFAULT NULL,
  `created_by` int(10) unsigned DEFAULT NULL,
  `created_time` datetime DEFAULT NULL,
  `module_id` int(10) unsigned DEFAULT NULL,
  PRIMARY KEY (`id`),
  KEY `fk_role_account` (`account_id`),
  KEY `fk_roles_lastUpdatedby` (`last_updated_by`),
  KEY `fk_roles_createdby` (`created_by`),
  CONSTRAINT `fk_role_account` FOREIGN KEY (`account_id`) REFERENCES `account` (`id`),
  CONSTRAINT `fk_roles_createdby` FOREIGN KEY (`created_by`) REFERENCES `users` (`id`),
  CONSTRAINT `fk_roles_lastUpdatedby` FOREIGN KEY (`last_updated_by`) REFERENCES `users` (`id`)
) ENGINE=InnoDB AUTO_INCREMENT=51 DEFAULT CHARSET=latin1;
/*!40101 SET character_set_client = @saved_cs_client */;

--
-- Dumping data for table `roles`
--

LOCK TABLES `roles` WRITE;
/*!40000 ALTER TABLE `roles` DISABLE KEYS */;
INSERT INTO `roles` VALUES (1,'Preparer','Preparer',NULL,_binary '',NULL,NULL,NULL,NULL,1),(2,'Approver','Approver',NULL,_binary '',NULL,NULL,NULL,NULL,1),(3,'Admin','Administrator',NULL,_binary '',NULL,NULL,NULL,NULL,1),(4,'Site Admin','Site Admin',NULL,_binary '',NULL,NULL,NULL,NULL,NULL),(5,'Super User','Super User',NULL,_binary '',NULL,NULL,NULL,NULL,NULL),(6,'Approver','Approver',NULL,_binary '',NULL,NULL,NULL,NULL,2),(7,'Preparer','Preparer',NULL,_binary '',NULL,NULL,NULL,NULL,2),(8,'Admin','Administrator',NULL,_binary '',NULL,NULL,NULL,NULL,2),(9,'Preparer','Preparer',NULL,_binary '',NULL,NULL,NULL,NULL,3),(10,'Admin','Administrator',NULL,_binary '',NULL,NULL,NULL,NULL,3),(11,'Receive Inspection Alerts','Receive Inspection Alerts',NULL,_binary '\0',NULL,NULL,NULL,NULL,NULL),(12,'Receive Account Summary Alerts','Receive Account Summary Alerts',NULL,_binary '',NULL,NULL,NULL,NULL,NULL),(13,'Secondary Approver','Secondary Approver',NULL,_binary '',NULL,NULL,NULL,NULL,2),(14,'Component Check','Component Check',NULL,_binary '',NULL,NULL,NULL,NULL,2),(15,'User','User',NULL,_binary '',NULL,NULL,NULL,NULL,4),(16,'Admin','Admin',NULL,_binary '',NULL,NULL,NULL,NULL,4),(17,'Manager','Manager',NULL,_binary '',NULL,NULL,NULL,NULL,4),(19,'Nurse','Nurse',NULL,_binary '',NULL,NULL,NULL,NULL,2),(20,'Support','MedKeeper Support',NULL,_binary '',NULL,NULL,NULL,NULL,NULL),(21,'Manager','Training Manager',NULL,_binary '',NULL,NULL,NULL,NULL,9),(22,'Trainer','Training Trainer',NULL,_binary '',NULL,NULL,NULL,NULL,9),(23,'Trainee','Training Trainee',NULL,_binary '',NULL,NULL,NULL,NULL,9),(24,'Admin','Administrator',NULL,_binary '',NULL,NULL,NULL,NULL,9),(25,'Admin','Administrator',NULL,_binary '',NULL,NULL,NULL,NULL,10),(26,'Approver','Approver',NULL,_binary '',NULL,NULL,NULL,NULL,10),(27,'Approver','Approver',NULL,_binary '',NULL,NULL,NULL,NULL,3),(28,'Admin','Administrator',NULL,_binary '',NULL,NULL,NULL,NULL,11),(29,'User','User',NULL,_binary '',NULL,NULL,NULL,NULL,11),(30,'Admin','Administrator',NULL,_binary '',NULL,NULL,NULL,NULL,12),(31,'Pharmacist','Pharmacist',NULL,_binary '',NULL,NULL,NULL,NULL,12),(32,'Admin','Administrator',NULL,_binary '',NULL,NULL,NULL,NULL,13),(33,'Approver','Approver',NULL,_binary '',NULL,NULL,NULL,NULL,13),(34,'Technician','Technician',NULL,_binary '',NULL,NULL,NULL,NULL,13),(35,'Technician','Technician',NULL,_binary '',NULL,NULL,NULL,NULL,12),(36,'Network Approver','Network Approver',NULL,_binary '',NULL,NULL,NULL,NULL,13),(37,'Central Admin','Central Administrator',NULL,_binary '',NULL,NULL,NULL,NULL,2),(38,'Network Admin','Network Administrator',NULL,_binary '',NULL,NULL,NULL,NULL,9),(39,'Network Admin','Network Administrator',NULL,_binary '',NULL,NULL,NULL,NULL,4),(40,'Add Recipes/Workflows/Views Admin','Add Recipes/Workflows/Views Administrator',NULL,_binary '',NULL,NULL,NULL,NULL,2),(41,'PK Network Admin','Network Administrator',NULL,_binary '',NULL,NULL,NULL,NULL,NULL),(42,'Add Template Admin','Add Template Administrator',NULL,_binary '',NULL,NULL,NULL,NULL,9),(43,'Admin','Documents module Administrator role',NULL,_binary '',NULL,NULL,NULL,NULL,15),(44,'Manager','Documents module access to read, write, and delete documents',NULL,_binary '',NULL,NULL,NULL,NULL,15),(45,'User','Documents module access to read documents',NULL,_binary '',NULL,NULL,NULL,NULL,15),(46,'Admin','Administrator',NULL,_binary '',NULL,NULL,NULL,NULL,16),(47,'Add Items Admin','Add Items Admin',NULL,_binary '',NULL,NULL,NULL,NULL,2),(48,'Admin','Administrator',NULL,_binary '',NULL,NULL,NULL,NULL,17),(49,'Pharmacist','Pharmacist',NULL,_binary '',NULL,NULL,NULL,NULL,17),(50,'Technician','Technician',NULL,_binary '',NULL,NULL,NULL,NULL,17);
/*!40000 ALTER TABLE `roles` ENABLE KEYS */;
UNLOCK TABLES;

--
-- Table structure for table `sampling_location`
--

DROP TABLE IF EXISTS `sampling_location`;
/*!40101 SET @saved_cs_client     = @@character_set_client */;
/*!40101 SET character_set_client = utf8 */;
CREATE TABLE `sampling_location` (
  `id` int(10) unsigned NOT NULL AUTO_INCREMENT,
  `account_id` int(10) unsigned NOT NULL,
  `name` varchar(100) NOT NULL,
  `active` bit(1) NOT NULL DEFAULT b'0',
  `last_updated_by` int(10) unsigned DEFAULT NULL,
  `last_updated_time` datetime DEFAULT NULL,
  `created_by` int(10) unsigned DEFAULT NULL,
  `created_time` datetime DEFAULT NULL,
  PRIMARY KEY (`id`)
) ENGINE=InnoDB DEFAULT CHARSET=latin1;
/*!40101 SET character_set_client = @saved_cs_client */;

--
-- Dumping data for table `sampling_location`
--

LOCK TABLES `sampling_location` WRITE;
/*!40000 ALTER TABLE `sampling_location` DISABLE KEYS */;
/*!40000 ALTER TABLE `sampling_location` ENABLE KEYS */;
UNLOCK TABLES;

--
-- Table structure for table `scan_archive`
--

DROP TABLE IF EXISTS `scan_archive`;
/*!40101 SET @saved_cs_client     = @@character_set_client */;
/*!40101 SET character_set_client = utf8 */;
CREATE TABLE `scan_archive` (
  `id` int(10) unsigned NOT NULL AUTO_INCREMENT,
  `account_id` int(10) unsigned NOT NULL,
  `compound_id` int(10) unsigned DEFAULT NULL,
  `status_id` int(10) unsigned DEFAULT NULL,
  `location_id` int(10) unsigned DEFAULT NULL,
  `priority_id` int(10) unsigned DEFAULT NULL,
  `item_barcode` varchar(512) DEFAULT NULL,
  `scan_date_time` datetime NOT NULL,
  `processed_fl` bit(1) NOT NULL DEFAULT b'0',
  `created_by` int(10) unsigned DEFAULT NULL,
  `created_time` datetime DEFAULT NULL,
  `last_updated_by` int(10) unsigned DEFAULT NULL,
  `last_updated_time` datetime DEFAULT NULL,
  `cart_id` int(10) unsigned DEFAULT NULL,
  `state_barcode` varchar(256) DEFAULT NULL,
  `return_barcode` varchar(256) DEFAULT NULL,
  `container_barcode` varchar(256) DEFAULT NULL,
  `invalid_barcode_fl` bit(1) NOT NULL DEFAULT b'0',
  `invalid_barcode_message` varchar(512) DEFAULT NULL,
  `scan_type` varchar(128) NOT NULL,
  `number_of_attempts` int(10) unsigned NOT NULL,
  `has_associated_doses` bit(1) DEFAULT b'0',
  `exclude_compound_ids` varchar(512) DEFAULT NULL,
  `signoff_barcode` varchar(500) DEFAULT NULL,
  `signoff_name` varchar(500) DEFAULT NULL,
  `signoff_note` varchar(500) DEFAULT NULL,
  PRIMARY KEY (`id`),
  KEY `fk_scanarchive_status` (`status_id`),
  KEY `fk_scanarchive_location` (`location_id`),
  KEY `fk_scanarchive_priority` (`priority_id`),
  KEY `fk_scanarchive_cart` (`cart_id`),
  KEY `idx_account_processed_invalid_barcode` (`account_id`,`processed_fl`,`invalid_barcode_fl`),
  KEY `idx_scan_type` (`scan_type`),
  CONSTRAINT `fk_scanarchive_cart` FOREIGN KEY (`cart_id`) REFERENCES `carts` (`id`) ON DELETE NO ACTION ON UPDATE NO ACTION,
  CONSTRAINT `fk_scanarchive_location` FOREIGN KEY (`location_id`) REFERENCES `location` (`id`) ON DELETE NO ACTION ON UPDATE NO ACTION,
  CONSTRAINT `fk_scanarchive_priority` FOREIGN KEY (`priority_id`) REFERENCES `priority` (`id`) ON DELETE NO ACTION ON UPDATE NO ACTION,
  CONSTRAINT `fk_scanarchive_status` FOREIGN KEY (`status_id`) REFERENCES `statuses` (`id`) ON DELETE NO ACTION ON UPDATE NO ACTION
) ENGINE=InnoDB DEFAULT CHARSET=latin1;
/*!40101 SET character_set_client = @saved_cs_client */;

--
-- Dumping data for table `scan_archive`
--

LOCK TABLES `scan_archive` WRITE;
/*!40000 ALTER TABLE `scan_archive` DISABLE KEYS */;
/*!40000 ALTER TABLE `scan_archive` ENABLE KEYS */;
UNLOCK TABLES;

--
-- Table structure for table `scheduled_inspection`
--

DROP TABLE IF EXISTS `scheduled_inspection`;
/*!40101 SET @saved_cs_client     = @@character_set_client */;
/*!40101 SET character_set_client = utf8 */;
CREATE TABLE `scheduled_inspection` (
  `id` int(10) unsigned NOT NULL AUTO_INCREMENT,
  `inspection_id` int(10) unsigned NOT NULL,
  `account_id` int(10) unsigned NOT NULL,
  `status_id` int(10) unsigned NOT NULL,
  `scheduled_inspection_date` datetime NOT NULL,
  `actual_inspection_date` datetime DEFAULT NULL,
  `notes` varchar(4000) DEFAULT NULL,
  `active_fl` bit(1) NOT NULL DEFAULT b'1',
  `last_updated_by` int(10) unsigned DEFAULT NULL,
  `last_updated_time` datetime DEFAULT NULL,
  `created_by` int(10) unsigned DEFAULT NULL,
  `created_time` datetime DEFAULT NULL,
  `assigned_user_id` int(10) unsigned DEFAULT NULL,
  `inspection_due_date` datetime DEFAULT NULL,
  `inspection_template_id` int(10) unsigned NOT NULL,
  `location_id` int(10) unsigned NOT NULL,
  `emails` varchar(4000) DEFAULT NULL,
  `inspection_name` varchar(100) DEFAULT NULL,
  `uuid` varchar(36) DEFAULT NULL,
  `notification_sent` bit(1) NOT NULL DEFAULT b'0',
  `sub_location_id` int(10) unsigned DEFAULT NULL,
  `actual_inspection_by` int(10) unsigned DEFAULT NULL,
  `approved_time` datetime DEFAULT NULL,
  `approved_by` int(10) unsigned DEFAULT NULL,
  `awaiting_approval` bit(1) NOT NULL DEFAULT b'0',
  `fl_signature_recorded` bit(1) NOT NULL DEFAULT b'0',
  PRIMARY KEY (`id`),
  KEY `fk_scheduled_inspection_assigned_user` (`assigned_user_id`),
  KEY `fk_scheduled_inspection_inspection` (`inspection_id`),
  KEY `fk_scheduled_inspection_status` (`status_id`),
  KEY `fk_scheduled_inspection_template` (`inspection_template_id`),
  KEY `fk_scheduled_inspection_location` (`location_id`),
  KEY `idx_scheduled_inspection_last_updated_time` (`last_updated_time`),
  KEY `idx_account_id_scheduled_inspection_date` (`account_id`,`scheduled_inspection_date`),
  CONSTRAINT `fk_scheduled_inspection_account` FOREIGN KEY (`account_id`) REFERENCES `account` (`id`) ON DELETE NO ACTION ON UPDATE NO ACTION,
  CONSTRAINT `fk_scheduled_inspection_assigned_user` FOREIGN KEY (`assigned_user_id`) REFERENCES `users` (`id`) ON DELETE NO ACTION ON UPDATE NO ACTION,
  CONSTRAINT `fk_scheduled_inspection_inspection` FOREIGN KEY (`inspection_id`) REFERENCES `inspection` (`id`) ON DELETE NO ACTION ON UPDATE NO ACTION,
  CONSTRAINT `fk_scheduled_inspection_location` FOREIGN KEY (`location_id`) REFERENCES `location` (`id`),
  CONSTRAINT `fk_scheduled_inspection_status` FOREIGN KEY (`status_id`) REFERENCES `statuses` (`id`) ON DELETE NO ACTION ON UPDATE NO ACTION,
  CONSTRAINT `fk_scheduled_inspection_template` FOREIGN KEY (`inspection_template_id`) REFERENCES `inspection_template` (`id`)
) ENGINE=InnoDB DEFAULT CHARSET=latin1;
/*!40101 SET character_set_client = @saved_cs_client */;

--
-- Dumping data for table `scheduled_inspection`
--

LOCK TABLES `scheduled_inspection` WRITE;
/*!40000 ALTER TABLE `scheduled_inspection` DISABLE KEYS */;
/*!40000 ALTER TABLE `scheduled_inspection` ENABLE KEYS */;
UNLOCK TABLES;
ALTER DATABASE `pharmacy_keeper` CHARACTER SET latin1 COLLATE latin1_general_ci ;
/*!50003 SET @saved_cs_client      = @@character_set_client */ ;
/*!50003 SET @saved_cs_results     = @@character_set_results */ ;
/*!50003 SET @saved_col_connection = @@collation_connection */ ;
/*!50003 SET character_set_client  = latin1 */ ;
/*!50003 SET character_set_results = latin1 */ ;
/*!50003 SET collation_connection  = latin1_general_ci */ ;
/*!50003 SET @saved_sql_mode       = @@sql_mode */ ;
/*!50003 SET sql_mode              = 'ONLY_FULL_GROUP_BY,STRICT_TRANS_TABLES,NO_ZERO_IN_DATE,NO_ZERO_DATE,ERROR_FOR_DIVISION_BY_ZERO,NO_ENGINE_SUBSTITUTION' */ ;
DELIMITER ;;
/*!50003 CREATE*/ /*!50017 DEFINER=`root`@`localhost`*/ /*!50003 TRIGGER scheduled_inspection_deletion
            AFTER DELETE ON scheduled_inspection FOR EACH ROW
            BEGIN
            INSERT INTO deletion_trail (primary_record_id, secondary_record_id, table_name, account_id,  primary_id_name, secondary_id_name, deletion_time)
            VALUES (OLD.id, NULL, "scheduled_inspection", OLD.account_id, "id", NULL, NOW());
            END */;;
DELIMITER ;
/*!50003 SET sql_mode              = @saved_sql_mode */ ;
/*!50003 SET character_set_client  = @saved_cs_client */ ;
/*!50003 SET character_set_results = @saved_cs_results */ ;
/*!50003 SET collation_connection  = @saved_col_connection */ ;
ALTER DATABASE `pharmacy_keeper` CHARACTER SET latin1 COLLATE latin1_swedish_ci ;

--
-- Table structure for table `scheduled_inspection_alert`
--

DROP TABLE IF EXISTS `scheduled_inspection_alert`;
/*!40101 SET @saved_cs_client     = @@character_set_client */;
/*!40101 SET character_set_client = utf8 */;
CREATE TABLE `scheduled_inspection_alert` (
  `id` int(10) unsigned NOT NULL AUTO_INCREMENT,
  `scheduled_inspection_id` int(10) unsigned NOT NULL,
  `alert_type` varchar(20) NOT NULL,
  `emails` varchar(1000) DEFAULT NULL,
  `prior_days` int(10) unsigned DEFAULT NULL,
  `future_days` int(10) unsigned DEFAULT NULL,
  `minimum_percent_compliance` int(10) unsigned DEFAULT NULL,
  `active_fl` bit(1) NOT NULL DEFAULT b'1',
  `last_updated_by` int(10) unsigned DEFAULT NULL,
  `last_updated_time` datetime DEFAULT NULL,
  `created_by` int(10) unsigned DEFAULT NULL,
  `created_time` datetime DEFAULT NULL,
  PRIMARY KEY (`id`),
  KEY `fk_sched_inspection_alert_sched_inspection` (`scheduled_inspection_id`),
  CONSTRAINT `fk_sched_inspection_alert_sched_inspection` FOREIGN KEY (`scheduled_inspection_id`) REFERENCES `scheduled_inspection` (`id`)
) ENGINE=InnoDB DEFAULT CHARSET=latin1;
/*!40101 SET character_set_client = @saved_cs_client */;

--
-- Dumping data for table `scheduled_inspection_alert`
--

LOCK TABLES `scheduled_inspection_alert` WRITE;
/*!40000 ALTER TABLE `scheduled_inspection_alert` DISABLE KEYS */;
/*!40000 ALTER TABLE `scheduled_inspection_alert` ENABLE KEYS */;
UNLOCK TABLES;

--
-- Table structure for table `scheduled_inspection_approval`
--

DROP TABLE IF EXISTS `scheduled_inspection_approval`;
/*!40101 SET @saved_cs_client     = @@character_set_client */;
/*!40101 SET character_set_client = utf8 */;
CREATE TABLE `scheduled_inspection_approval` (
  `id` int(10) unsigned NOT NULL AUTO_INCREMENT,
  `scheduled_inspection_id` int(10) unsigned NOT NULL,
  `email` varchar(45) NOT NULL,
  `approval_date` datetime NOT NULL,
  `note` varchar(4000) DEFAULT NULL,
  PRIMARY KEY (`id`)
) ENGINE=InnoDB DEFAULT CHARSET=latin1;
/*!40101 SET character_set_client = @saved_cs_client */;

--
-- Dumping data for table `scheduled_inspection_approval`
--

LOCK TABLES `scheduled_inspection_approval` WRITE;
/*!40000 ALTER TABLE `scheduled_inspection_approval` DISABLE KEYS */;
/*!40000 ALTER TABLE `scheduled_inspection_approval` ENABLE KEYS */;
UNLOCK TABLES;
ALTER DATABASE `pharmacy_keeper` CHARACTER SET latin1 COLLATE latin1_general_ci ;
/*!50003 SET @saved_cs_client      = @@character_set_client */ ;
/*!50003 SET @saved_cs_results     = @@character_set_results */ ;
/*!50003 SET @saved_col_connection = @@collation_connection */ ;
/*!50003 SET character_set_client  = latin1 */ ;
/*!50003 SET character_set_results = latin1 */ ;
/*!50003 SET collation_connection  = latin1_general_ci */ ;
/*!50003 SET @saved_sql_mode       = @@sql_mode */ ;
/*!50003 SET sql_mode              = 'ONLY_FULL_GROUP_BY,STRICT_TRANS_TABLES,NO_ZERO_IN_DATE,NO_ZERO_DATE,ERROR_FOR_DIVISION_BY_ZERO,NO_ENGINE_SUBSTITUTION' */ ;
DELIMITER ;;
/*!50003 CREATE*/ /*!50017 DEFINER=`root`@`localhost`*/ /*!50003 TRIGGER scheduled_inspection_approval_deletion
            BEFORE DELETE ON scheduled_inspection_approval FOR EACH ROW
            BEGIN
            INSERT INTO deletion_trail (primary_record_id, secondary_record_id, table_name, account_id,  primary_id_name, secondary_id_name, deletion_time)
            select sia.id, NULL, "scheduled_inspection_approval", si.account_id, "id", NULL, NOW()
            from scheduled_inspection_approval sia,
            scheduled_inspection si
            where sia.id = OLD.id
            and sia.scheduled_inspection_id = si.id;
            END */;;
DELIMITER ;
/*!50003 SET sql_mode              = @saved_sql_mode */ ;
/*!50003 SET character_set_client  = @saved_cs_client */ ;
/*!50003 SET character_set_results = @saved_cs_results */ ;
/*!50003 SET collation_connection  = @saved_col_connection */ ;
ALTER DATABASE `pharmacy_keeper` CHARACTER SET latin1 COLLATE latin1_swedish_ci ;

--
-- Table structure for table `scheduled_inspection_image`
--

DROP TABLE IF EXISTS `scheduled_inspection_image`;
/*!40101 SET @saved_cs_client     = @@character_set_client */;
/*!40101 SET character_set_client = utf8 */;
CREATE TABLE `scheduled_inspection_image` (
  `id` int(10) unsigned NOT NULL AUTO_INCREMENT,
  `scheduled_inspection_id` int(10) unsigned NOT NULL,
  `expiration_date` datetime DEFAULT NULL,
  `original_image_url` varchar(2000) DEFAULT NULL,
  `medium_image_url` varchar(2000) DEFAULT NULL,
  `thumbnail_image_url` varchar(2000) DEFAULT NULL,
  `original_file_name` varchar(255) DEFAULT NULL,
  `medium_file_name` varchar(255) DEFAULT NULL,
  `thumbnail_file_name` varchar(255) DEFAULT NULL,
  `created_time` datetime DEFAULT NULL,
  `directory` varchar(100) DEFAULT NULL,
  PRIMARY KEY (`id`),
  KEY `fk_scheduled_inspection_signature_si` (`scheduled_inspection_id`),
  CONSTRAINT `fk_scheduled_inspection_signature_si` FOREIGN KEY (`scheduled_inspection_id`) REFERENCES `scheduled_inspection` (`id`) ON DELETE NO ACTION ON UPDATE NO ACTION
) ENGINE=InnoDB DEFAULT CHARSET=latin1;
/*!40101 SET character_set_client = @saved_cs_client */;

--
-- Dumping data for table `scheduled_inspection_image`
--

LOCK TABLES `scheduled_inspection_image` WRITE;
/*!40000 ALTER TABLE `scheduled_inspection_image` DISABLE KEYS */;
/*!40000 ALTER TABLE `scheduled_inspection_image` ENABLE KEYS */;
UNLOCK TABLES;

--
-- Table structure for table `scheduled_inspection_result`
--

DROP TABLE IF EXISTS `scheduled_inspection_result`;
/*!40101 SET @saved_cs_client     = @@character_set_client */;
/*!40101 SET character_set_client = utf8 */;
CREATE TABLE `scheduled_inspection_result` (
  `id` int(10) unsigned NOT NULL AUTO_INCREMENT,
  `scheduled_inspection_id` int(10) unsigned NOT NULL,
  `inspection_section_id` int(10) unsigned NOT NULL,
  `inspection_criteria_id` int(10) unsigned NOT NULL,
  `result` varchar(100) DEFAULT NULL,
  `note` varchar(4000) DEFAULT NULL,
  `last_updated_by` int(10) unsigned DEFAULT NULL,
  `last_updated_time` datetime DEFAULT NULL,
  `created_by` int(10) unsigned DEFAULT NULL,
  `created_time` datetime DEFAULT NULL,
  `section_position` int(10) unsigned DEFAULT NULL,
  `criteria_position` int(10) unsigned DEFAULT NULL,
  PRIMARY KEY (`id`),
  KEY `fk_scheduled_inspection_result_ic` (`inspection_criteria_id`),
  KEY `fk_scheduled_inspection_result_is` (`inspection_section_id`),
  KEY `fk_scheduled_inspection_result_si` (`scheduled_inspection_id`),
  CONSTRAINT `fk_scheduled_inspection_result_ic` FOREIGN KEY (`inspection_criteria_id`) REFERENCES `inspection_criteria` (`id`) ON DELETE NO ACTION ON UPDATE NO ACTION,
  CONSTRAINT `fk_scheduled_inspection_result_is` FOREIGN KEY (`inspection_section_id`) REFERENCES `inspection_section` (`id`) ON DELETE NO ACTION ON UPDATE NO ACTION,
  CONSTRAINT `fk_scheduled_inspection_result_si` FOREIGN KEY (`scheduled_inspection_id`) REFERENCES `scheduled_inspection` (`id`) ON DELETE NO ACTION ON UPDATE NO ACTION
) ENGINE=InnoDB DEFAULT CHARSET=latin1;
/*!40101 SET character_set_client = @saved_cs_client */;

--
-- Dumping data for table `scheduled_inspection_result`
--

LOCK TABLES `scheduled_inspection_result` WRITE;
/*!40000 ALTER TABLE `scheduled_inspection_result` DISABLE KEYS */;
/*!40000 ALTER TABLE `scheduled_inspection_result` ENABLE KEYS */;
UNLOCK TABLES;
ALTER DATABASE `pharmacy_keeper` CHARACTER SET latin1 COLLATE latin1_general_ci ;
/*!50003 SET @saved_cs_client      = @@character_set_client */ ;
/*!50003 SET @saved_cs_results     = @@character_set_results */ ;
/*!50003 SET @saved_col_connection = @@collation_connection */ ;
/*!50003 SET character_set_client  = latin1 */ ;
/*!50003 SET character_set_results = latin1 */ ;
/*!50003 SET collation_connection  = latin1_general_ci */ ;
/*!50003 SET @saved_sql_mode       = @@sql_mode */ ;
/*!50003 SET sql_mode              = 'ONLY_FULL_GROUP_BY,STRICT_TRANS_TABLES,NO_ZERO_IN_DATE,NO_ZERO_DATE,ERROR_FOR_DIVISION_BY_ZERO,NO_ENGINE_SUBSTITUTION' */ ;
DELIMITER ;;
/*!50003 CREATE*/ /*!50017 DEFINER=`root`@`localhost`*/ /*!50003 TRIGGER scheduled_inspection_result_deletion
            BEFORE DELETE ON scheduled_inspection_result FOR EACH ROW
            BEGIN
            INSERT INTO deletion_trail (primary_record_id, secondary_record_id, table_name, account_id,  primary_id_name, secondary_id_name, deletion_time)
            select sir.id, NULL, "scheduled_inspection_result", si.account_id, "id", NULL, NOW()
            from scheduled_inspection_result sir,
            scheduled_inspection si
            where sir.id = OLD.id
            and sir.scheduled_inspection_id = si.id;
            END */;;
DELIMITER ;
/*!50003 SET sql_mode              = @saved_sql_mode */ ;
/*!50003 SET character_set_client  = @saved_cs_client */ ;
/*!50003 SET character_set_results = @saved_cs_results */ ;
/*!50003 SET collation_connection  = @saved_col_connection */ ;
ALTER DATABASE `pharmacy_keeper` CHARACTER SET latin1 COLLATE latin1_swedish_ci ;

--
-- Table structure for table `scheduled_inspection_signature`
--

DROP TABLE IF EXISTS `scheduled_inspection_signature`;
/*!40101 SET @saved_cs_client     = @@character_set_client */;
/*!40101 SET character_set_client = utf8 */;
CREATE TABLE `scheduled_inspection_signature` (
  `id` int(10) unsigned NOT NULL AUTO_INCREMENT,
  `scheduled_inspection_id` int(10) unsigned NOT NULL,
  `expiration_date` datetime DEFAULT NULL,
  `original_image_url` varchar(2000) DEFAULT NULL,
  `medium_image_url` varchar(2000) DEFAULT NULL,
  `thumbnail_image_url` varchar(2000) DEFAULT NULL,
  `original_file_name` varchar(255) DEFAULT NULL,
  `medium_file_name` varchar(255) DEFAULT NULL,
  `thumbnail_file_name` varchar(255) DEFAULT NULL,
  `created_time` datetime DEFAULT NULL,
  `print_name` varchar(100) DEFAULT NULL,
  `active_fl` bit(1) DEFAULT b'1',
  `directory` varchar(100) DEFAULT NULL,
  PRIMARY KEY (`id`),
  KEY `idx_scheduled_inspection_id` (`scheduled_inspection_id`)
) ENGINE=InnoDB DEFAULT CHARSET=latin1;
/*!40101 SET character_set_client = @saved_cs_client */;

--
-- Dumping data for table `scheduled_inspection_signature`
--

LOCK TABLES `scheduled_inspection_signature` WRITE;
/*!40000 ALTER TABLE `scheduled_inspection_signature` DISABLE KEYS */;
/*!40000 ALTER TABLE `scheduled_inspection_signature` ENABLE KEYS */;
UNLOCK TABLES;

--
-- Table structure for table `scheduled_report`
--

DROP TABLE IF EXISTS `scheduled_report`;
/*!40101 SET @saved_cs_client     = @@character_set_client */;
/*!40101 SET character_set_client = utf8 */;
CREATE TABLE `scheduled_report` (
  `id` int(10) unsigned NOT NULL AUTO_INCREMENT,
  `account_id` int(10) unsigned NOT NULL,
  `inspection_ids` varchar(4000) DEFAULT NULL,
  `emails` varchar(2048) NOT NULL,
  `lookback_days` int(10) unsigned DEFAULT NULL,
  `lookback_months` int(10) unsigned DEFAULT NULL,
  `date_to_run` datetime DEFAULT NULL,
  `processed_fl` bit(1) NOT NULL DEFAULT b'0',
  `last_updated_by` int(10) unsigned DEFAULT NULL,
  `last_updated_time` datetime DEFAULT NULL,
  `created_by` int(10) unsigned DEFAULT NULL,
  `created_time` datetime DEFAULT NULL,
  `analytics_report_type` varchar(55) DEFAULT NULL,
  PRIMARY KEY (`id`)
) ENGINE=InnoDB DEFAULT CHARSET=latin1;
/*!40101 SET character_set_client = @saved_cs_client */;

--
-- Dumping data for table `scheduled_report`
--

LOCK TABLES `scheduled_report` WRITE;
/*!40000 ALTER TABLE `scheduled_report` DISABLE KEYS */;
/*!40000 ALTER TABLE `scheduled_report` ENABLE KEYS */;
UNLOCK TABLES;

--
-- Table structure for table `scheduled_training`
--

DROP TABLE IF EXISTS `scheduled_training`;
/*!40101 SET @saved_cs_client     = @@character_set_client */;
/*!40101 SET character_set_client = utf8 */;
CREATE TABLE `scheduled_training` (
  `id` int(10) unsigned NOT NULL AUTO_INCREMENT,
  `account_id` int(10) unsigned NOT NULL,
  `training_definition_schedule_id` int(10) unsigned DEFAULT NULL,
  `trainee_id` int(10) unsigned NOT NULL,
  `status_id` int(10) unsigned NOT NULL,
  `manager_id` int(10) unsigned DEFAULT NULL,
  `scheduled_date` datetime NOT NULL,
  `due_date` datetime DEFAULT NULL,
  `trainee_submitted_date` datetime DEFAULT NULL,
  `trainer_signoff_date` datetime DEFAULT NULL,
  `manager_signoff_date` datetime DEFAULT NULL,
  `name` varchar(255) NOT NULL,
  `active_fl` bit(1) NOT NULL DEFAULT b'1',
  `last_updated_by` int(10) unsigned DEFAULT NULL,
  `last_updated_time` datetime DEFAULT NULL,
  `created_by` int(10) unsigned DEFAULT NULL,
  `created_time` datetime DEFAULT NULL,
  `trainer_id` int(10) unsigned DEFAULT NULL,
  `start_date` datetime DEFAULT NULL,
  `email` varchar(100) DEFAULT NULL,
  `result` enum('Pass','Fail') DEFAULT NULL,
  `percent_passing` float DEFAULT NULL,
  `trainee_acknowledge_date` datetime DEFAULT NULL,
  `uuid` varchar(36) DEFAULT NULL,
  `trainee_acknowledge_note` varchar(4000) DEFAULT NULL,
  PRIMARY KEY (`id`),
  KEY `idx_training_definition_schedule_id` (`training_definition_schedule_id`)
) ENGINE=InnoDB DEFAULT CHARSET=latin1;
/*!40101 SET character_set_client = @saved_cs_client */;

--
-- Dumping data for table `scheduled_training`
--

LOCK TABLES `scheduled_training` WRITE;
/*!40000 ALTER TABLE `scheduled_training` DISABLE KEYS */;
/*!40000 ALTER TABLE `scheduled_training` ENABLE KEYS */;
UNLOCK TABLES;
ALTER DATABASE `pharmacy_keeper` CHARACTER SET latin1 COLLATE latin1_general_ci ;
/*!50003 SET @saved_cs_client      = @@character_set_client */ ;
/*!50003 SET @saved_cs_results     = @@character_set_results */ ;
/*!50003 SET @saved_col_connection = @@collation_connection */ ;
/*!50003 SET character_set_client  = latin1 */ ;
/*!50003 SET character_set_results = latin1 */ ;
/*!50003 SET collation_connection  = latin1_general_ci */ ;
/*!50003 SET @saved_sql_mode       = @@sql_mode */ ;
/*!50003 SET sql_mode              = 'ONLY_FULL_GROUP_BY,STRICT_TRANS_TABLES,NO_ZERO_IN_DATE,NO_ZERO_DATE,ERROR_FOR_DIVISION_BY_ZERO,NO_ENGINE_SUBSTITUTION' */ ;
DELIMITER ;;
/*!50003 CREATE*/ /*!50017 DEFINER=`root`@`localhost`*/ /*!50003 TRIGGER scheduled_training_deletion
            AFTER DELETE ON scheduled_training FOR EACH ROW
            BEGIN
            INSERT INTO deletion_trail (primary_record_id, secondary_record_id, table_name, account_id,  primary_id_name, secondary_id_name, deletion_time)
            VALUES (OLD.id, NULL, "scheduled_training", OLD.account_id, "id", NULL, NOW());
            END */;;
DELIMITER ;
/*!50003 SET sql_mode              = @saved_sql_mode */ ;
/*!50003 SET character_set_client  = @saved_cs_client */ ;
/*!50003 SET character_set_results = @saved_cs_results */ ;
/*!50003 SET collation_connection  = @saved_col_connection */ ;
ALTER DATABASE `pharmacy_keeper` CHARACTER SET latin1 COLLATE latin1_swedish_ci ;

--
-- Table structure for table `scheduled_training_external_content`
--

DROP TABLE IF EXISTS `scheduled_training_external_content`;
/*!40101 SET @saved_cs_client     = @@character_set_client */;
/*!40101 SET character_set_client = utf8 */;
CREATE TABLE `scheduled_training_external_content` (
  `id` int(10) unsigned NOT NULL AUTO_INCREMENT,
  `account_id` int(10) unsigned NOT NULL,
  `scheduled_training_id` int(10) unsigned NOT NULL,
  `name` varchar(256) NOT NULL,
  `location` varchar(2000) DEFAULT NULL,
  `file_name` varchar(128) DEFAULT NULL,
  `expiration_date` datetime DEFAULT NULL,
  `deleted` bit(1) NOT NULL DEFAULT b'1',
  `last_updated_by` int(10) unsigned DEFAULT NULL,
  `last_updated_time` datetime DEFAULT NULL,
  `created_by` int(10) unsigned DEFAULT NULL,
  `created_time` datetime DEFAULT NULL,
  PRIMARY KEY (`id`),
  KEY `idx_scheduled_training_id` (`scheduled_training_id`),
  CONSTRAINT `fk_scheduled_training_external_content_scheduled_training` FOREIGN KEY (`scheduled_training_id`) REFERENCES `scheduled_training` (`id`)
) ENGINE=InnoDB DEFAULT CHARSET=latin1;
/*!40101 SET character_set_client = @saved_cs_client */;

--
-- Dumping data for table `scheduled_training_external_content`
--

LOCK TABLES `scheduled_training_external_content` WRITE;
/*!40000 ALTER TABLE `scheduled_training_external_content` DISABLE KEYS */;
/*!40000 ALTER TABLE `scheduled_training_external_content` ENABLE KEYS */;
UNLOCK TABLES;

--
-- Table structure for table `scheduled_training_note`
--

DROP TABLE IF EXISTS `scheduled_training_note`;
/*!40101 SET @saved_cs_client     = @@character_set_client */;
/*!40101 SET character_set_client = utf8 */;
CREATE TABLE `scheduled_training_note` (
  `id` int(10) unsigned NOT NULL AUTO_INCREMENT,
  `scheduled_training_id` int(10) unsigned NOT NULL,
  `note` varchar(4000) NOT NULL,
  `created_by_name` varchar(100) NOT NULL,
  `created_by` int(10) unsigned NOT NULL,
  `created_time` datetime NOT NULL,
  PRIMARY KEY (`id`)
) ENGINE=InnoDB DEFAULT CHARSET=latin1;
/*!40101 SET character_set_client = @saved_cs_client */;

--
-- Dumping data for table `scheduled_training_note`
--

LOCK TABLES `scheduled_training_note` WRITE;
/*!40000 ALTER TABLE `scheduled_training_note` DISABLE KEYS */;
/*!40000 ALTER TABLE `scheduled_training_note` ENABLE KEYS */;
UNLOCK TABLES;
ALTER DATABASE `pharmacy_keeper` CHARACTER SET latin1 COLLATE latin1_general_ci ;
/*!50003 SET @saved_cs_client      = @@character_set_client */ ;
/*!50003 SET @saved_cs_results     = @@character_set_results */ ;
/*!50003 SET @saved_col_connection = @@collation_connection */ ;
/*!50003 SET character_set_client  = latin1 */ ;
/*!50003 SET character_set_results = latin1 */ ;
/*!50003 SET collation_connection  = latin1_general_ci */ ;
/*!50003 SET @saved_sql_mode       = @@sql_mode */ ;
/*!50003 SET sql_mode              = 'ONLY_FULL_GROUP_BY,STRICT_TRANS_TABLES,NO_ZERO_IN_DATE,NO_ZERO_DATE,ERROR_FOR_DIVISION_BY_ZERO,NO_ENGINE_SUBSTITUTION' */ ;
DELIMITER ;;
/*!50003 CREATE*/ /*!50017 DEFINER=`root`@`localhost`*/ /*!50003 TRIGGER scheduled_training_note_deletion
            BEFORE DELETE ON scheduled_training_note FOR EACH ROW
            BEGIN
            INSERT INTO deletion_trail (primary_record_id, secondary_record_id, table_name, account_id,  primary_id_name, secondary_id_name, deletion_time)
            select stn.id, NULL, "scheduled_training_note", st.account_id, "id", NULL, NOW()
            from scheduled_training_note stn,
            scheduled_training st
            where stn.id = OLD.id
            and stn.scheduled_training_id = st.id;
            END */;;
DELIMITER ;
/*!50003 SET sql_mode              = @saved_sql_mode */ ;
/*!50003 SET character_set_client  = @saved_cs_client */ ;
/*!50003 SET character_set_results = @saved_cs_results */ ;
/*!50003 SET collation_connection  = @saved_col_connection */ ;
ALTER DATABASE `pharmacy_keeper` CHARACTER SET latin1 COLLATE latin1_swedish_ci ;

--
-- Table structure for table `scheduled_training_result`
--

DROP TABLE IF EXISTS `scheduled_training_result`;
/*!40101 SET @saved_cs_client     = @@character_set_client */;
/*!40101 SET character_set_client = utf8 */;
CREATE TABLE `scheduled_training_result` (
  `id` int(10) unsigned NOT NULL AUTO_INCREMENT,
  `scheduled_training_id` int(10) unsigned NOT NULL,
  `training_definition_criteria_id` int(10) unsigned NOT NULL,
  `trainee_id` int(10) unsigned NOT NULL,
  `trainer_id` int(10) unsigned DEFAULT NULL,
  `trainee_result_type` varchar(255) NOT NULL,
  `trainee_result` varchar(3000) DEFAULT NULL,
  `trainer_result_type` varchar(255) DEFAULT NULL,
  `trainer_result` varchar(255) DEFAULT NULL,
  `trainer_note` varchar(3000) DEFAULT NULL,
  `last_updated_by` int(10) unsigned DEFAULT NULL,
  `last_updated_time` datetime DEFAULT NULL,
  `created_by` int(10) unsigned DEFAULT NULL,
  `created_time` datetime DEFAULT NULL,
  `trainee_note` varchar(3000) DEFAULT NULL,
  PRIMARY KEY (`id`),
  KEY `idx_scheduled_training_id` (`scheduled_training_id`)
) ENGINE=InnoDB DEFAULT CHARSET=latin1;
/*!40101 SET character_set_client = @saved_cs_client */;

--
-- Dumping data for table `scheduled_training_result`
--

LOCK TABLES `scheduled_training_result` WRITE;
/*!40000 ALTER TABLE `scheduled_training_result` DISABLE KEYS */;
/*!40000 ALTER TABLE `scheduled_training_result` ENABLE KEYS */;
UNLOCK TABLES;
ALTER DATABASE `pharmacy_keeper` CHARACTER SET latin1 COLLATE latin1_general_ci ;
/*!50003 SET @saved_cs_client      = @@character_set_client */ ;
/*!50003 SET @saved_cs_results     = @@character_set_results */ ;
/*!50003 SET @saved_col_connection = @@collation_connection */ ;
/*!50003 SET character_set_client  = latin1 */ ;
/*!50003 SET character_set_results = latin1 */ ;
/*!50003 SET collation_connection  = latin1_general_ci */ ;
/*!50003 SET @saved_sql_mode       = @@sql_mode */ ;
/*!50003 SET sql_mode              = 'ONLY_FULL_GROUP_BY,STRICT_TRANS_TABLES,NO_ZERO_IN_DATE,NO_ZERO_DATE,ERROR_FOR_DIVISION_BY_ZERO,NO_ENGINE_SUBSTITUTION' */ ;
DELIMITER ;;
/*!50003 CREATE*/ /*!50017 DEFINER=`root`@`localhost`*/ /*!50003 TRIGGER scheduled_training_result_deletion
            BEFORE DELETE ON scheduled_training_result FOR EACH ROW
            BEGIN
            INSERT INTO deletion_trail (primary_record_id, secondary_record_id, table_name, account_id,  primary_id_name, secondary_id_name, deletion_time)
            select str.id, NULL, "scheduled_training_result", st.account_id, "id", NULL, NOW()
            from scheduled_training_result str,
            scheduled_training st
            where str.id = OLD.id
            and str.scheduled_training_id = st.id;
            END */;;
DELIMITER ;
/*!50003 SET sql_mode              = @saved_sql_mode */ ;
/*!50003 SET character_set_client  = @saved_cs_client */ ;
/*!50003 SET character_set_results = @saved_cs_results */ ;
/*!50003 SET collation_connection  = @saved_col_connection */ ;
ALTER DATABASE `pharmacy_keeper` CHARACTER SET latin1 COLLATE latin1_swedish_ci ;

--
-- Table structure for table `scheduled_training_result_multi_choice_option`
--

DROP TABLE IF EXISTS `scheduled_training_result_multi_choice_option`;
/*!40101 SET @saved_cs_client     = @@character_set_client */;
/*!40101 SET character_set_client = utf8 */;
CREATE TABLE `scheduled_training_result_multi_choice_option` (
  `scheduled_training_result_id` int(10) unsigned NOT NULL,
  `multi_choice_option_id` int(10) unsigned NOT NULL,
  KEY `idx_scheduled_training_result_id` (`scheduled_training_result_id`)
) ENGINE=InnoDB DEFAULT CHARSET=latin1;
/*!40101 SET character_set_client = @saved_cs_client */;

--
-- Dumping data for table `scheduled_training_result_multi_choice_option`
--

LOCK TABLES `scheduled_training_result_multi_choice_option` WRITE;
/*!40000 ALTER TABLE `scheduled_training_result_multi_choice_option` DISABLE KEYS */;
/*!40000 ALTER TABLE `scheduled_training_result_multi_choice_option` ENABLE KEYS */;
UNLOCK TABLES;

--
-- Table structure for table `scheduler`
--

DROP TABLE IF EXISTS `scheduler`;
/*!40101 SET @saved_cs_client     = @@character_set_client */;
/*!40101 SET character_set_client = utf8 */;
CREATE TABLE `scheduler` (
  `id` int(10) unsigned NOT NULL AUTO_INCREMENT,
  `start_time` datetime DEFAULT NULL,
  `end_time` datetime DEFAULT NULL,
  `type` varchar(50) NOT NULL,
  `currently_running` bit(1) NOT NULL DEFAULT b'0',
  PRIMARY KEY (`id`)
) ENGINE=InnoDB AUTO_INCREMENT=12 DEFAULT CHARSET=latin1;
/*!40101 SET character_set_client = @saved_cs_client */;

--
-- Dumping data for table `scheduler`
--

LOCK TABLES `scheduler` WRITE;
/*!40000 ALTER TABLE `scheduler` DISABLE KEYS */;
INSERT INTO `scheduler` VALUES (1,NULL,NULL,'Inspections',_binary '\0'),(2,NULL,NULL,'Activity',_binary '\0'),(3,NULL,NULL,'ActivityAlert',_binary '\0'),(4,NULL,NULL,'CartAlert',_binary '\0'),(5,NULL,NULL,'TrainingReminder',_binary '\0'),(6,NULL,NULL,'Training',_binary '\0'),(7,NULL,NULL,'TrainingAlert',_binary '\0'),(8,NULL,NULL,'SiteWipe',_binary '\0'),(9,NULL,NULL,'DataExtract',_binary '\0'),(10,NULL,NULL,'BarcodesAlert',_binary '\0'),(11,NULL,NULL,'TrcUserExport',_binary '\0');
/*!40000 ALTER TABLE `scheduler` ENABLE KEYS */;
UNLOCK TABLES;

--
-- Table structure for table `scheduler_history`
--

DROP TABLE IF EXISTS `scheduler_history`;
/*!40101 SET @saved_cs_client     = @@character_set_client */;
/*!40101 SET character_set_client = utf8 */;
CREATE TABLE `scheduler_history` (
  `id` int(10) unsigned NOT NULL AUTO_INCREMENT,
  `start_time` datetime NOT NULL,
  `end_time` datetime NOT NULL,
  `type` varchar(50) NOT NULL,
  PRIMARY KEY (`id`)
) ENGINE=InnoDB DEFAULT CHARSET=latin1;
/*!40101 SET character_set_client = @saved_cs_client */;

--
-- Dumping data for table `scheduler_history`
--

LOCK TABLES `scheduler_history` WRITE;
/*!40000 ALTER TABLE `scheduler_history` DISABLE KEYS */;
/*!40000 ALTER TABLE `scheduler_history` ENABLE KEYS */;
UNLOCK TABLES;

--
-- Table structure for table `secured_link`
--

DROP TABLE IF EXISTS `secured_link`;
/*!40101 SET @saved_cs_client     = @@character_set_client */;
/*!40101 SET character_set_client = utf8 */;
CREATE TABLE `secured_link` (
  `primary_id` int(10) unsigned NOT NULL AUTO_INCREMENT,
  `id` varchar(50) NOT NULL,
  `user_id` int(11) NOT NULL,
  `url` varchar(2000) NOT NULL,
  PRIMARY KEY (`primary_id`)
) ENGINE=InnoDB DEFAULT CHARSET=latin1;
/*!40101 SET character_set_client = @saved_cs_client */;

--
-- Dumping data for table `secured_link`
--

LOCK TABLES `secured_link` WRITE;
/*!40000 ALTER TABLE `secured_link` DISABLE KEYS */;
/*!40000 ALTER TABLE `secured_link` ENABLE KEYS */;
UNLOCK TABLES;

--
-- Table structure for table `security_question`
--

DROP TABLE IF EXISTS `security_question`;
/*!40101 SET @saved_cs_client     = @@character_set_client */;
/*!40101 SET character_set_client = utf8 */;
CREATE TABLE `security_question` (
  `id` int(10) unsigned NOT NULL AUTO_INCREMENT,
  `account_id` int(10) unsigned DEFAULT NULL,
  `name` varchar(256) NOT NULL,
  `active_fl` bit(1) NOT NULL DEFAULT b'1',
  `last_updated_by` int(10) unsigned DEFAULT NULL,
  `last_updated_time` datetime DEFAULT NULL,
  `created_by` int(10) unsigned DEFAULT NULL,
  `created_time` datetime DEFAULT NULL,
  PRIMARY KEY (`id`)
) ENGINE=InnoDB AUTO_INCREMENT=68 DEFAULT CHARSET=latin1;
/*!40101 SET character_set_client = @saved_cs_client */;

--
-- Dumping data for table `security_question`
--

LOCK TABLES `security_question` WRITE;
/*!40000 ALTER TABLE `security_question` DISABLE KEYS */;
INSERT INTO `security_question` VALUES (1,NULL,'How many antiques do you own?',_binary '',NULL,NULL,NULL,NULL),(2,NULL,'In what city do you want to retire?',_binary '',NULL,NULL,NULL,NULL),(3,NULL,'In what city or town did your mother and father meet?',_binary '',NULL,NULL,NULL,NULL),(4,NULL,'What is the breed of your favorite pet?',_binary '',NULL,NULL,NULL,NULL),(5,NULL,'What is the color of your favorite pet?',_binary '',NULL,NULL,NULL,NULL),(6,NULL,'What is the country of your ultimate dream vacation?',_binary '',NULL,NULL,NULL,NULL),(7,NULL,'What is the first and last name of your first boyfriend or girlfriend?',_binary '',NULL,NULL,NULL,NULL),(8,NULL,'What is the first name of the boy or girl you first kissed?',_binary '',NULL,NULL,NULL,NULL),(9,NULL,'What is the first name of your closest childhood friend?',_binary '',NULL,NULL,NULL,NULL),(10,NULL,'What is the first name of your favorite childhood friend?',_binary '',NULL,NULL,NULL,NULL),(11,NULL,'What is the last name of the most famous person you\'ve met?',_binary '',NULL,NULL,NULL,NULL),(12,NULL,'What is the last name of your favorite college professor?',_binary '',NULL,NULL,NULL,NULL),(13,NULL,'What is the name of the first school you attended?',_binary '',NULL,NULL,NULL,NULL),(14,NULL,'What is the name of your favorite childhood pet?',_binary '',NULL,NULL,NULL,NULL),(15,NULL,'What is the name of your favorite childhood teacher?',_binary '',NULL,NULL,NULL,NULL),(16,NULL,'What is the name of your favorite high school teacher?',_binary '',NULL,NULL,NULL,NULL),(17,NULL,'What is the name of your favorite teacher?',_binary '',NULL,NULL,NULL,NULL),(18,NULL,'What is the name of your grandmother\'s pet?',_binary '',NULL,NULL,NULL,NULL),(19,NULL,'What is your favorite animal?',_binary '',NULL,NULL,NULL,NULL),(20,NULL,'What is your favorite band?',_binary '',NULL,NULL,NULL,NULL),(21,NULL,'What is your favorite baseball team?',_binary '',NULL,NULL,NULL,NULL),(22,NULL,'What is your favorite beverage?',_binary '',NULL,NULL,NULL,NULL),(23,NULL,'What is your favorite cereal?',_binary '',NULL,NULL,NULL,NULL),(24,NULL,'What is your favorite city?',_binary '',NULL,NULL,NULL,NULL),(25,NULL,'What is your favorite color?',_binary '',NULL,NULL,NULL,NULL),(26,NULL,'What is your favorite dessert?',_binary '',NULL,NULL,NULL,NULL),(27,NULL,'What is your favorite flower?',_binary '',NULL,NULL,NULL,NULL),(28,NULL,'What is your favorite food?',_binary '',NULL,NULL,NULL,NULL),(29,NULL,'What is your favorite football team?',_binary '',NULL,NULL,NULL,NULL),(30,NULL,'What is your favorite hockey team?',_binary '',NULL,NULL,NULL,NULL),(31,NULL,'What is your favorite Ice Cream?',_binary '',NULL,NULL,NULL,NULL),(32,NULL,'What is your favorite movie?',_binary '',NULL,NULL,NULL,NULL),(33,NULL,'What is your favorite park?',_binary '',NULL,NULL,NULL,NULL),(34,NULL,'What is your favorite pet\'s name?',_binary '',NULL,NULL,NULL,NULL),(35,NULL,'What is your favorite restaurant?',_binary '',NULL,NULL,NULL,NULL),(36,NULL,'What is your favorite sport?',_binary '',NULL,NULL,NULL,NULL),(37,NULL,'What is your favorite teacher\'s nickname?',_binary '',NULL,NULL,NULL,NULL),(38,NULL,'What is your favorite team?',_binary '',NULL,NULL,NULL,NULL),(39,NULL,'What is your favorite television show?',_binary '',NULL,NULL,NULL,NULL),(40,NULL,'What is your maternal grandmother\'s maiden name?',_binary '',NULL,NULL,NULL,NULL),(41,NULL,'What is your preferred musical genre?',_binary '',NULL,NULL,NULL,NULL),(42,NULL,'What is your youngest sibling\'s nickname?',_binary '',NULL,NULL,NULL,NULL),(43,NULL,'What sports team do you love to see lose?',_binary '',NULL,NULL,NULL,NULL),(44,NULL,'What was the color of your first car?',_binary '',NULL,NULL,NULL,NULL),(45,NULL,'What was the first concert you attended?',_binary '',NULL,NULL,NULL,NULL),(46,NULL,'What was the last name of your third grade teacher?',_binary '',NULL,NULL,NULL,NULL),(47,NULL,'What was the model of your first car?',_binary '',NULL,NULL,NULL,NULL),(48,NULL,'What was the name of the school you attended kindergarten?',_binary '',NULL,NULL,NULL,NULL),(49,NULL,'What was the name of your first pet?',_binary '',NULL,NULL,NULL,NULL),(50,NULL,'What was the name of your first stuffed animal?',_binary '',NULL,NULL,NULL,NULL),(51,NULL,'What was your boss\' name at your first job?',_binary '',NULL,NULL,NULL,NULL),(52,NULL,'What was your childhood phone number?',_binary '',NULL,NULL,NULL,NULL),(53,NULL,'What was your dream job as a child?',_binary '',NULL,NULL,NULL,NULL),(54,NULL,'What was your favorite activity in high school?',_binary '',NULL,NULL,NULL,NULL),(55,NULL,'What was your favorite place to visit as a child?',_binary '',NULL,NULL,NULL,NULL),(56,NULL,'Where was your wedding reception held?',_binary '',NULL,NULL,NULL,NULL),(57,NULL,'Who is your favorite actor?',_binary '',NULL,NULL,NULL,NULL),(58,NULL,'Who is your favorite artist?',_binary '',NULL,NULL,NULL,NULL),(59,NULL,'Who is your favorite athlete?',_binary '',NULL,NULL,NULL,NULL),(60,NULL,'Who is your favorite author?',_binary '',NULL,NULL,NULL,NULL),(61,NULL,'Who is your favorite basketball team?',_binary '',NULL,NULL,NULL,NULL),(62,NULL,'Who is your favorite cartoon character?',_binary '',NULL,NULL,NULL,NULL),(63,NULL,'Who is your favorite fictional character?',_binary '',NULL,NULL,NULL,NULL),(64,NULL,'Who is your favorite musician?',_binary '',NULL,NULL,NULL,NULL),(65,NULL,'Who is your favorite person from history?',_binary '',NULL,NULL,NULL,NULL),(66,NULL,'Who is your favorite superhero?',_binary '',NULL,NULL,NULL,NULL),(67,NULL,'Who was your childhood best friend?',_binary '',NULL,NULL,NULL,NULL);
/*!40000 ALTER TABLE `security_question` ENABLE KEYS */;
UNLOCK TABLES;

--
-- Table structure for table `setting`
--

DROP TABLE IF EXISTS `setting`;
/*!40101 SET @saved_cs_client     = @@character_set_client */;
/*!40101 SET character_set_client = utf8 */;
CREATE TABLE `setting` (
  `id` int(10) unsigned NOT NULL AUTO_INCREMENT,
  `module_id` int(10) unsigned DEFAULT NULL,
  `name` varchar(300) NOT NULL,
  `value` varchar(300) DEFAULT NULL,
  `description` varchar(1000) DEFAULT NULL,
  `active_fl` bit(1) NOT NULL DEFAULT b'1',
  `last_updated_by` int(10) unsigned DEFAULT NULL,
  `last_updated_time` datetime DEFAULT NULL,
  `created_by` int(10) unsigned DEFAULT NULL,
  `created_time` datetime DEFAULT NULL,
  `accepts_value_fl` bit(1) DEFAULT b'0',
  `accepts_datatype_fl` bit(1) NOT NULL DEFAULT b'0',
  PRIMARY KEY (`id`),
  KEY `fk_setting_createuser` (`created_by`),
  KEY `fk_setting_lastuser` (`last_updated_by`),
  KEY `fk_setting_module` (`module_id`),
  CONSTRAINT `fk_setting_createuser` FOREIGN KEY (`created_by`) REFERENCES `users` (`id`) ON DELETE NO ACTION ON UPDATE NO ACTION,
  CONSTRAINT `fk_setting_lastuser` FOREIGN KEY (`last_updated_by`) REFERENCES `users` (`id`) ON DELETE NO ACTION ON UPDATE NO ACTION,
  CONSTRAINT `fk_setting_module` FOREIGN KEY (`module_id`) REFERENCES `modules` (`id`) ON DELETE NO ACTION ON UPDATE NO ACTION
) ENGINE=InnoDB AUTO_INCREMENT=268 DEFAULT CHARSET=latin1;
/*!40101 SET character_set_client = @saved_cs_client */;

--
-- Dumping data for table `setting`
--

LOCK TABLES `setting` WRITE;
/*!40000 ALTER TABLE `setting` DISABLE KEYS */;
INSERT INTO `setting` VALUES (1,3,'Generate Inspection Alerts','GENERATE_INSPECTION_ALERTS','This allows the users in this Account to receive Inspection Alert emails..',_binary '',NULL,NULL,NULL,NULL,_binary '\0',_binary '\0'),(2,1,'Use Count step in Carts workflow','COUNT','This allows the Account to use the Count step in the Carts workflow.',_binary '',NULL,NULL,NULL,NULL,_binary '\0',_binary '\0'),(3,1,'Allow users to copy data between drugs','COPY_BETWEEN_DRUGS','This allows the users in this account to copy data between drugs on the Fill screen.',_binary '',NULL,NULL,NULL,NULL,_binary '\0',_binary '\0'),(4,1,'Allow users to Add items not on the Tray Template','ADD_NON_TEMPLATE_ITEMS_TO_TRAY','This allows the users in this account to add items to a tray that are not in the tray\'s template.',_binary '',NULL,NULL,NULL,NULL,_binary '\0',_binary '\0'),(6,1,'Allow users to complete a tray Fill if there are errors','ALLOW_FILL_WITH_ERRORS','This allows the users in this account to complete the fill step if there are item errors on a tray.',_binary '',NULL,NULL,NULL,NULL,_binary '\0',_binary '\0'),(7,1,'Force the users to enter data for all items during a tray Fill','FORCE_FILL','This forces the users in this account to enter data for all items during the fill step.',_binary '',NULL,NULL,NULL,NULL,_binary '\0',_binary '\0'),(9,1,'Display Select All box on the Cart Approve screen','DISPLAY_SELECT_ALL_BOX','This displays the Select All box on the Cart Approve screen.',_binary '',NULL,NULL,NULL,NULL,_binary '\0',_binary '\0'),(10,1,'Make the Item Lot # field REQUIRED on the Cart Fill screen','ITEM_LOT_NUMBER_REQUIRED','Makes the Item Lot # field REQUIRED on the Cart Fill screen.',_binary '',NULL,NULL,NULL,NULL,_binary '\0',_binary '\0'),(11,1,'Make the Item NDC/Barcode field REQUIRED on the Cart Fill screen','ITEM_NDC_REQUIRED','Makes the Item NDC/Barcode field REQUIRED on the Cart Fill screen.',_binary '',NULL,NULL,NULL,NULL,_binary '\0',_binary '\0'),(12,1,'Make the Item Expiration field REQUIRED on the Cart Fill screen','ITEM_EXPIRATION_REQUIRED','Makes the Item Expiration field REQUIRED on the Cart Fill screen.',_binary '',NULL,NULL,NULL,NULL,_binary '\0',_binary '\0'),(13,NULL,'Display the Modules Dropdown in the header.','DISPLAY_MODULES_DROPDOWN','Display the Modules Dropdown in the header bar of all pages for this Account.',_binary '',NULL,NULL,NULL,NULL,_binary '\0',_binary '\0'),(14,1,'Default the Count status to \'Remains\'','DEFAULT_COUNT_STATUS','This allows the Account to default Count status to Remains.',_binary '',NULL,NULL,NULL,NULL,_binary '\0',_binary '\0'),(15,1,'Only allow approved trays to be transferred from filling stations','ALLOW_ONLY_APPROVED_TRAY_TRANSFERS','Only allow approved trays to be transferred from filling stations.',_binary '',NULL,NULL,NULL,NULL,_binary '\0',_binary '\0'),(16,1,'Use complex barcodes','USE_COMPLEX_BARCODES','Use complex barcodes',_binary '',NULL,NULL,NULL,NULL,_binary '\0',_binary '\0'),(19,2,'Enable Batch Auto Lot Number Generation','USE_BATCH_AUTO_LOT_NUMBERING','This auto generates a lot number in the lot number field when adding a new batch',_binary '',NULL,NULL,NULL,NULL,_binary '\0',_binary '\0'),(20,2,'Add prepended date to auto generated lot number','USE_BATCH_AUTO_LOT_NUMBERING_WITH_DATE','This auto generated a lot number with a date in the lot number field when adding a new batch',_binary '',NULL,NULL,NULL,NULL,_binary '\0',_binary '\0'),(21,4,'Edit Activities From Search Screen','ALLOW_EDITING_OF_ACTIVITIES_FROM_SEARCH_SCREEN','Allow editing of activities from search screen',_binary '',NULL,NULL,NULL,NULL,_binary '\0',_binary '\0'),(24,2,'HL7 Compound Default Status','HL7_COMPOUND_DEFAULT_STATUS','The default status for compounds created via the HL7 Feed.',_binary '',NULL,NULL,NULL,NULL,_binary '',_binary '\0'),(25,2,'Allow addition of components to a compound created with a Recipe (in Prepare steps)','ALLOW_ADD_COMPONENT_TO_RECIPE_COMPOUNDS','This allows an account to add components (in a Prepare step) to a compound created with a recipe.',_binary '',NULL,NULL,NULL,NULL,_binary '\0',_binary '\0'),(26,1,'Link to External System (enter a URL) ','LINK_TO_EXTERNAL_SYSTEM','This allows an account to link to an external system using the url supplied.',_binary '',NULL,NULL,NULL,NULL,_binary '',_binary '\0'),(28,1,'Use simple dashboard','USE_SIMPLE_DASHBOARD','Allows an account to use a basic version of the dashboard that loads much quicker.',_binary '',NULL,NULL,NULL,NULL,_binary '\0',_binary '\0'),(31,NULL,'Use Security Questions','USE_SECURITY_QUESTIONS','This allows an account to use security questions for user validation.',_binary '',NULL,NULL,NULL,NULL,_binary '',_binary '\0'),(32,NULL,'Security Questions : required questions per user','SECURITY_QUESTIONS_PER_USER','This determines the number of security questions required for each user.',_binary '',NULL,NULL,NULL,NULL,_binary '',_binary '\0'),(33,1,'Use Smart Labels','USE_SMART_LABELS_FOR_CARTS','This allows an account to use Smart Labels in the Carts module.',_binary '',NULL,NULL,NULL,NULL,_binary '\0',_binary '\0'),(34,2,'Use Smart Labels','USE_SMART_LABELS_FOR_VERIFICATION','This allows an account to use Smart Labels in the Verification module.',_binary '',NULL,NULL,NULL,NULL,_binary '\0',_binary '\0'),(36,NULL,'Account Specific Date Format (defaults to MM/dd/yyyy)','ACCOUNT_DATE_FORMAT','The date format to use for this Account.',_binary '',NULL,NULL,NULL,NULL,_binary '',_binary '\0'),(37,NULL,'Account Specific Date/Time Format (defaults to yyyy-MM-dd HH:mm:ss)','ACCOUNT_DATETIME_FORMAT','The date and time format to use for this Account.',_binary '',NULL,NULL,NULL,NULL,_binary '',_binary '\0'),(38,NULL,'Account Specific Time Format (defaults to HH:mm)','ACCOUNT_TIME_FORMAT','The time format to use for this Account.',_binary '',NULL,NULL,NULL,NULL,_binary '',_binary '\0'),(39,2,'Lock down \'Completed\' Compounds','LOCK_COMPLETED_COMPOUNDS','This allows an account to lock compounds that are completed.',_binary '',NULL,NULL,NULL,NULL,_binary '\0',_binary '\0'),(40,2,'Auto Refresh Dashboard','AUTO_REFRESH_DASHBOARD','This allows an account to auto refresh the dashboard for a module.',_binary '',NULL,NULL,NULL,NULL,_binary '',_binary '\0'),(41,4,'Activities on the Fly','ACTIVITIES_ON_THE_FLY','This allows an account to add Activities on the fly.',_binary '',NULL,NULL,NULL,NULL,_binary '\0',_binary '\0'),(42,4,'Allow N/A Response','ACTIVITIES_ALLOW_NA_RESPONSE','This allows an account to accept N/A as a response for Activities.',_binary '',NULL,NULL,NULL,NULL,_binary '\0',_binary '\0'),(43,3,'Lock \'Completed\' Inspections','LOCK_COMPLETED_INSPECTIONS','Lock \'Completed\' Inspections',_binary '',NULL,NULL,NULL,NULL,_binary '\0',_binary '\0'),(45,1,'Require SmartLabel verification','CARTS_REQUIRE_SMARTLABEL_VERIFICATION','This requires all Pocket and Smart Labels to be verified before use.',_binary '',NULL,NULL,NULL,NULL,_binary '\0',_binary '\0'),(48,3,'Number of days to display items on dashboard','DASHBOARD_ITEMS_NUMBER_OF_DAYS_FOR_INSPECTIONS','The default number of days to display items on dashboard.',_binary '',NULL,NULL,NULL,NULL,_binary '',_binary '\0'),(49,4,'Number of days to display items on dashboard','DASHBOARD_ITEMS_NUMBER_OF_DAYS_FOR_ACTIVITIES','The default number of days to display items on dashboard.',_binary '',NULL,NULL,NULL,NULL,_binary '',_binary '\0'),(50,NULL,'Use Audio Notifications','USE_AUDIO_NOTIFICATIONS','This allows an account to use audio notifications.',_binary '',NULL,NULL,NULL,NULL,_binary '\0',_binary '\0'),(51,2,'HL7 Compound Default Priority','HL7_COMPOUND_DEFAULT_PRIORITY','The default priority for compounds created via the HL7 Feed.',_binary '',NULL,NULL,NULL,NULL,_binary '',_binary '\0'),(52,2,'Allow manual workflow selection','ALLOW_MANUAL_WORKFLOW','This allows user to manually select a workflow on a new order.',_binary '',NULL,NULL,NULL,NULL,_binary '\0',_binary '\0'),(53,1,'Use location par levels','USE_LOCATION_PAR_LEVELS','This allows user to add a par level to a location.',_binary '',NULL,NULL,NULL,NULL,_binary '\0',_binary '\0'),(54,2,'Only allow addition of existing components','ONLY_ALLOW_ADDITION_OF_EXISTING_COMPONENTS','This allows a user to only add components to a compound if it exists as an existing component or alternative drug.',_binary '',NULL,NULL,NULL,NULL,_binary '\0',_binary '\0'),(55,2,'Use dispensing pharmacy to filter HL7 orders','USE_DISPENSING_PHARMACY_FILTER','This allows filtering of HL7 orders based on the dispensing pharmacies defined for the account',_binary '',NULL,NULL,NULL,NULL,_binary '\0',_binary '\0'),(56,2,'Do not override label fields','DO_NOT_OVERRIDE_LABEL_FIELDS','This prevents label fields from being overwritten.',_binary '',NULL,NULL,NULL,NULL,_binary '\0',_binary '\0'),(57,2,'Enable HL7 Verification Messages','ENABLE_HL7_VERIFICATION_MESSAGES','This enables processing of Verification messages received via HL7',_binary '',NULL,NULL,NULL,NULL,_binary '\0',_binary '\0'),(58,2,'Enable HL7 Tracking Messages','ENABLE_HL7_TRACKING_MESSAGES','This enables processing of Tracking messages received via HL7',_binary '',NULL,NULL,NULL,NULL,_binary '\0',_binary '\0'),(59,2,'Enable HL7 ADT Messages','ENABLE_HL7_ADT_MESSAGES','This enables processing of ADT messages received via HL7',_binary '',NULL,NULL,NULL,NULL,_binary '\0',_binary '\0'),(60,2,'Order Detail Custom Field #1','ORDER_DETAIL_CUSTOM_FIELD_1','Configure custom field to be used in order details',_binary '',NULL,NULL,NULL,NULL,_binary '',_binary ''),(61,2,'Order Detail Custom Field #2','ORDER_DETAIL_CUSTOM_FIELD_2','Configure custom field to be used in order details',_binary '',NULL,NULL,NULL,NULL,_binary '',_binary ''),(62,2,'Order Detail Custom Field #3','ORDER_DETAIL_CUSTOM_FIELD_3','Configure custom field to be used in order details',_binary '',NULL,NULL,NULL,NULL,_binary '',_binary ''),(63,1,'Approver Can Transfer Anywhere','APPROVER_CAN_TRANFER_ANYWHERE','Approver can transfer carts and trays to any location',_binary '',NULL,NULL,NULL,NULL,_binary '',_binary ''),(64,2,'Apply Default Tracking Workflow on First Scan','APPLY_DEFAULT_TRACKING_WORKFLOW_ON_FIRST_SCAN','Apply the Default Tracking Workflow to a Compound if the first scan is a Tracking scan.',_binary '',NULL,NULL,NULL,NULL,_binary '',_binary ''),(65,2,'Build component names from data provided in feed','BUILD_COMPONENT_NAME_FROM_FEED','Build component names from data provided in feed',_binary '',NULL,NULL,NULL,NULL,_binary '\0',_binary '\0'),(66,2,'Build drug name from item dictionary','LOOKUP_COMPOUND_NAME_FROM_DICTIONARY','Build drug name from item dictionary',_binary '',NULL,NULL,NULL,NULL,_binary '\0',_binary '\0'),(67,2,'Create duplicate compounds from feed','CREATE_DUPLICATE_COMPOUNDS_FROM_FEED','This will create a second compound if we receive an HL7 message with the same content as an existing compound.',_binary '',NULL,NULL,NULL,NULL,_binary '\0',_binary '\0'),(68,2,'Use Last Day of Month for Expiration Dates','USE_LAST_DAY_OF_MONTH_FOR_EXPIRATION_DATE','Use the first day of the month for expiration dates (if not checdked we use the last day of the monght).',_binary '',NULL,NULL,NULL,NULL,_binary '',_binary ''),(69,2,'Allow user to select a starting workflow step on reject','ALLOW_REJECT_START_STEP','This allows the user to select a workflow step to go back to after rejecting a compound.',_binary '',NULL,NULL,NULL,NULL,_binary '\0',_binary '\0'),(70,2,'Image Quality','IMAGE_QUALITY','Allows the user to adjust the jpeg compression of images',_binary '',NULL,NULL,NULL,NULL,_binary '',_binary '\0'),(71,2,'Perform an extensive match against GSDD when importing formularies (causes slow down of import)','EXTENSIVE_GSDD_IMPORT_MATCH','Perform an extensive match against GSDD when importing formularies (causes slow down of import)',_binary '',NULL,NULL,NULL,NULL,_binary '\0',_binary '\0'),(72,2,'Process DC Orders','PROCESS_DC_ORDERS','Process DC Orders',_binary '',NULL,NULL,NULL,NULL,_binary '\0',_binary '\0'),(73,2,'Use Workflow By Pharmacy','USE_WORKFLOW_BY_PHARMACY','Use workflow associated with pharmacy.',_binary '',NULL,NULL,NULL,NULL,_binary '\0',_binary '\0'),(74,2,'Use lookahead on Compound Patient Name','VERIFICATION_COMPOUND_PATIENT_NAME_LOOKAHEAD','Do a lookahead against previously used Patient Names',_binary '',NULL,NULL,NULL,NULL,_binary '\0',_binary '\0'),(75,2,'Lookup Expiration based on Lot for Components','VERIFICATION_COMPONENT_LOT_EXPIORATION_LOOKUP','For Components, lookup the Expiration Date based on the Lot',_binary '',NULL,NULL,NULL,NULL,_binary '\0',_binary '\0'),(76,3,'Allow creation of one time Inspections','INSPECTIONS_ALLOW_CREATION_ONE_TIME_INSPECTIONS','This allows users, with the correct permissions, to create a one time Inspection.',_binary '',NULL,NULL,NULL,NULL,_binary '\0',_binary '\0'),(77,2,'Include component volume in drug name creation','VERIFICATION_INCLUDE_COMPONENT_VOLUME_IN_DRUG_NAME','This will include the component volume (as well as the component name) when building the drug name based on components.',_binary '',NULL,NULL,NULL,NULL,_binary '\0',_binary '\0'),(78,2,'Scan Processing re-try count','SCAN_PROCESSING_RETRY_COUNT','This will set the number of times a scan_archive record should attempt to be processed.',_binary '',NULL,NULL,NULL,NULL,_binary '',_binary '\0'),(79,1,'Enforce item hard stops','CARTS_ENFORCE_ITEM_HARD_STOPS','Enforce a hard stop by item',_binary '',NULL,NULL,NULL,NULL,_binary '\0',_binary '\0'),(80,2,'Use Normalized Workflow Decisioning','USE_NORMALIZED_WORKFLOW_DECISIONING','Use normalized workflow decisioning',_binary '',NULL,NULL,NULL,NULL,_binary '\0',_binary '\0'),(81,2,'Look for substring match on Account NDCs','LOOK_FOR_SUBSTRING_MATCH_ON_ACCOUNT_NDCS','Look for substring match on Account NDCs',_binary '',NULL,NULL,NULL,NULL,_binary '\0',_binary '\0'),(82,2,'Allow choice of GSDD item association level','ALLOW_CHOICE_FOR_GSDD_ITEM_ASSOCIATION_LEVEL','Allow the account to determine at what level their items tie into GSDD.',_binary '',NULL,NULL,NULL,NULL,_binary '\0',_binary '\0'),(83,2,'Tracking Analytics outlier cutoff time (minutes)','TRACKING_ANALYTICS_OUTLIER_CUTOFF','The outlier cutoff time to use for tracking analytics',_binary '',NULL,NULL,NULL,NULL,_binary '',_binary '\0'),(85,2,'Automatically print batch quantity labels','AUTO_PRINT_BATCH_QUANTITY','This allows the auto print function to generate a batch quantity of labels plus n additional labels',_binary '',NULL,NULL,NULL,NULL,_binary '',_binary '\0'),(86,NULL,'Use Pharmacy Keeper Formulary','USE_PK_FORMULARY','Use the Pharmacy Keeper Formulary',_binary '',NULL,NULL,NULL,NULL,_binary '\0',_binary '\0'),(88,1,'Allow Smart Labels to be Used More Than Once on Fill','ALLOW_MULTI_USE_OF_SMARTLABELS_ON_FILL','Allow Smart Labels to be Used More Than Once on Fill',_binary '',NULL,NULL,NULL,NULL,_binary '\0',_binary '\0'),(89,2,'Allow approvers to delete saved components','ALLOW_APPROVERS_TO_DELETE_COMPONENTS','Allows users with approval permissions to delete saved components',_binary '',NULL,NULL,NULL,NULL,_binary '\0',_binary '\0'),(90,2,'Allow approvers to delete saved images','ALLOW_APPROVERS_TO_DELETE_IMAGES','Allows users with approval permissions to delete saved images',_binary '',NULL,NULL,NULL,NULL,_binary '\0',_binary '\0'),(91,2,'Add admin instructions as a note','ADD_ADMIN_INSTRUCTIONS_AS_NOTE','For feed customers, allows administration instructions from the feed to be brought in as a note on the compound',_binary '',NULL,NULL,NULL,NULL,_binary '\0',_binary '\0'),(92,2,'Enable bag of items functionality (Epic only)','ENABLE_BAG_OF_ITEMS','For Epic feed customers, allows a bag of items of the same order to be updated by scanning the bag instead of each item',_binary '',NULL,NULL,NULL,NULL,_binary '',_binary '\0'),(93,4,'Ticket display days','TICKET_DISPLAY_DAYS','Days to display open tickets on dashboard',_binary '',NULL,NULL,NULL,NULL,_binary '',_binary '\0'),(94,3,'Use sub-locations','USE_SUB_LOCATIONS','Allows users to create sub-locations associated to a location',_binary '',NULL,NULL,NULL,NULL,_binary '\0',_binary '\0'),(95,1,'Use smart pocket fill screen','USE_SMART_POCKET_FILL','Use the smart pocket fill screen',_binary '',NULL,NULL,NULL,NULL,_binary '\0',_binary '\0'),(97,2,'Append Lot Number of Batch Compounds to Barcodes','APPEND_LOT_NUMBERS','This appends the lot number of the barcode if the label barcode text is not empty.',_binary '',NULL,NULL,NULL,NULL,_binary '',_binary '\0'),(99,2,'Copy Due Date of the First Scan of the Order','EPIC_COPY_DUE_DATE_ON_FIRST_SCAN','This copies the due date of orders when copying if an order/contact has a dose not equal to default from HL7 feeds',_binary '',NULL,NULL,NULL,NULL,_binary '\0',_binary '\0'),(100,2,'Do Not Treat Components as Manual Entry if Mnemonic Exists','MNEMONIC_EXISTS_NO_MANUAL_ENTRY','If any component with the same mnemonic has already been scanned in, don\'t treat it as a manual entry if it\'s from feed',_binary '',NULL,NULL,NULL,NULL,_binary '\0',_binary '\0'),(101,2,'Remove Leading Zeroes from Barcode Fields','REMOVE_LEADING_ZEROES_FROM_BARCODE_FIELDS','Remove Leading Zeroes from Barcode Fields',_binary '',NULL,NULL,NULL,NULL,_binary '\0',_binary '\0'),(102,2,'Remove all compounds from delivery container on scan of return barcode','REMOVE_ALL_COMPOUNDS_ON_RETURN','Remove all compounds from delivery container on scan of return barcode',_binary '',NULL,NULL,NULL,NULL,_binary '\0',_binary '\0'),(103,2,'HL7 Compounds set status to first workflow step on create','HL7_COMPOUNDS_SET_STATUS_USING_FIRST_WORKFLOW_STEP','HL7 Compounds set status to first workflow step on create',_binary '',NULL,NULL,NULL,NULL,_binary '\0',_binary '\0'),(104,2,'Copy Notes when Copying Orders','COPY_NOTES','When copying orders using the copyOrders widget, copy notes over too',_binary '',NULL,NULL,NULL,NULL,_binary '\0',_binary '\0'),(105,2,'Detect unsaved changes when navigating away from the page','NOTIFY_UNSAVED_CHANGES','If the user has made changes to any form data, notify them when they attempt to navigate away from the page',_binary '',NULL,NULL,NULL,NULL,_binary '\0',_binary '\0'),(106,2,'Non-approver users can\'t step back in workflows after the order is approved','NON_APPROVERS_CANNOT_STEP_BACK','Once an order is verified, non-approver users cannot step back in the workflow',_binary '',NULL,NULL,NULL,NULL,_binary '\0',_binary '\0'),(107,2,'Use Windows auto printing','USE_WINDOWS_AUTO_PRINTING','This allows a windows server to auto print',_binary '',NULL,NULL,NULL,NULL,_binary '',_binary '\0'),(108,2,'Auto calculate due time for orders','AUTO_CALCULATE_DUE_TIME','Calculate due time by looking at most recently created instance of that order and add a standardized interval time',_binary '',NULL,NULL,NULL,NULL,_binary '\0',_binary '\0'),(109,2,'Generate quick labels on the display list page','GENERATE_QUICK_LABEL','Users can print compound labels from the dashboard list page with a new barcode generated with a new uuid',_binary '',NULL,NULL,NULL,NULL,_binary '\0',_binary '\0'),(110,2,'Generate return labels','GENERATE_RETURN_LABEL','Users can generate labels when we return compounds and extend expiration dates',_binary '',NULL,NULL,NULL,NULL,_binary '\0',_binary '\0'),(111,2,'Don\'t allow nurses to access My Account page','DISABLE_MY_ACCOUNT_FOR_NURSE','Don\'t allow nurses to access My Account page',_binary '',NULL,NULL,NULL,NULL,_binary '\0',_binary '\0'),(113,2,'Use Auto Printing','USE_AUTO_PRINTING','This allows auto printing of labels',_binary '',NULL,NULL,NULL,NULL,_binary '\0',_binary '\0'),(114,2,'Set blank due time on HL7 messages to current account time','SET_BLANK_DUE_TIME_TO_NOW','Set blank due time on HL7 messages to current account time',_binary '',NULL,NULL,NULL,NULL,_binary '\0',_binary '\0'),(115,4,'Add time to activity completed dates','ACTIVITY_COMPLETED_TIMES','Users can specify what time an activity was completed along with the date',_binary '',NULL,NULL,NULL,NULL,_binary '\0',_binary '\0'),(116,9,'External Content Expiration Hours','TRAINING_EXTERNAL_CONTENT_EXPIRATION_HOURS','The number of hours before external content expires and requires re-authentication',_binary '',NULL,NULL,NULL,NULL,_binary '',_binary '\0'),(117,2,'Choose Default Dispensing Pharmacy on Batch Recipes','VERIFICATION_CHOOSE_DEFAULT_PHARMACY_ON_RECIPE','Users can specify the default dispensing pharmacy on Batch recipes',_binary '',NULL,NULL,NULL,NULL,_binary '\0',_binary '\0'),(118,4,'Require note on N/A response and trouble tickets','REQUIRE_NOTE_ON_NA','Require note on N/A response and trouble tickets',_binary '',NULL,NULL,NULL,NULL,_binary '\0',_binary '\0'),(119,2,'Do not allow component checkers, preparers or approvers to delete or copy orders','VERIFICATION_ONLY_ADMINS_CAN_DELETE_OR_COPY_ORDERS','Do not allow component checkers, preparers or approvers to delete or copy orders',_binary '',NULL,NULL,NULL,NULL,_binary '\0',_binary '\0'),(120,2,'Set STAT priority on copied orders','VERIFICATION_SET_STAT_PRIORITY_ON_COPIED_ORDER','Set STAT priority on copied orders',_binary '',NULL,NULL,NULL,NULL,_binary '',_binary '\0'),(121,2,'Batch Quantity field is required on Batch Compounds','BATCH_QUANTITY_REQUIRED','Batch Quantity field is required on Batch Compounds',_binary '',NULL,NULL,NULL,NULL,_binary '\0',_binary '\0'),(123,2,'Allow Incoming Feeds to be mapped to Recipes','ALLOW_MAP_INCOMING_FEEDS_TO_RECIPE','Allow Incoming Feeds to be mapped to Recipes',_binary '',NULL,NULL,NULL,NULL,_binary '\0',_binary '\0'),(124,3,'Use name of alert for the email subject','INSPECTIONS_USE_ALERT_NAME_AS_SUBJECT','Use name of alert for the email subject',_binary '',NULL,NULL,NULL,NULL,_binary '\0',_binary '\0'),(125,2,'Enable compound already open notifications','ENABLE_COMPOUND_OPEN_NOTIFICATION','Enable compound already open notifications',_binary '',NULL,NULL,NULL,NULL,_binary '\0',_binary '\0'),(126,9,'Allow any Trainer or Manager to approve a Training','ALLOW_ANY_TRAINER_AND_MANAGER_TRAINING_APPROVAL','Allow any Trainer or Manager to approve a Training',_binary '',NULL,NULL,NULL,NULL,_binary '\0',_binary '\0'),(127,2,'Verification Light Customer','VERIFICATION_LIGHT','Verification Light version',_binary '',NULL,NULL,NULL,NULL,_binary '\0',_binary '\0'),(128,1,'Auto-Print on Tray Approval','AUTO_PRINT_ON_TRAY_APPROVAL','Auto-Print on Tray Approval',_binary '',NULL,NULL,NULL,NULL,_binary '\0',_binary '\0'),(129,2,'Allow manual entry of destination','ALLOW_MANUAL_ENTRY_OF_DESTINATION','Allow manual entry of destination',_binary '',NULL,NULL,NULL,NULL,_binary '\0',_binary '\0'),(130,2,'Add external content','VERIFICATION_ADD_EXTERNAL_CONTENT','Allows user to add external content to module',_binary '',NULL,NULL,NULL,NULL,_binary '\0',_binary '\0'),(131,1,'Enable location updates from Activate API','ENABLE_LOCATION_UPDATE_FROM_ACTIVATE_API','Enable location updates from Activate API',_binary '',NULL,NULL,NULL,NULL,_binary '\0',_binary '\0'),(132,2,'Do not strip characters when scanning','DO_NOT_STRIP_CHARACTERS_WHEN_SCANNING','Do not strip characters when scanning',_binary '',NULL,NULL,NULL,NULL,_binary '\0',_binary '\0'),(133,NULL,'Use LDAP for Authentication','USE_LDAP_FOR_AUTHENTICATION','Use LDAP for authentication',_binary '',NULL,NULL,NULL,NULL,_binary '\0',_binary '\0'),(134,2,'When using remove all compounds on return setting, update status of returned compounds','UPDATE_STATUS_OF_REMOVED_COMPOUNDS','When using remove all compounds on return setting, update status of returned compounds',_binary '',NULL,NULL,NULL,NULL,_binary '\0',_binary '\0'),(135,NULL,'Use IP Authentication','USE_IP_AUTHENTICATION','Use IP Authentication',_binary '',NULL,NULL,NULL,NULL,_binary '',_binary '\0'),(136,2,'Manage BUD on return','MANAGE_BUD_ON_RETURN','Manage BUD on return',_binary '',NULL,NULL,NULL,NULL,_binary '\0',_binary '\0'),(137,2,'Allow user to manually set the Status on a compound','ALLOW_MANUAL_STATUS_ON_COMPOUND','Allow user to manually set the Status on a compound',_binary '',NULL,NULL,NULL,NULL,_binary '\0',_binary '\0'),(138,2,'Prevent dashboard lists from clearing filters','PREVENT_DASHBOARD_LIST_FILTER_CLEAR','Prevent dashboard listst from clearing filters',_binary '',NULL,NULL,NULL,NULL,_binary '\0',_binary '\0'),(139,4,'Do not allow activities to be submitted until all parts are answered','PREVENT_ACTIVITY_PARTIAL_COMPLETE_SUBMISSION','Do not allow activities to be submitted until all parts are answered',_binary '',NULL,NULL,NULL,NULL,_binary '\0',_binary '\0'),(140,2,'Expand dose and amount wasted fields on component widget','EXPAND_DOSE_AND_AMOUNT_WASTED_ON_COMPONENT_WIDGET','Expand dose and amount wasted fields on component widget',_binary '',NULL,NULL,NULL,NULL,_binary '\0',_binary '\0'),(141,1,'Display popup errors on new carts workflow','DISPLAY_POPUP_ERRORS_ON_SMART_POCKET_FILL','Display popup errors on new carts workflow',_binary '',NULL,NULL,NULL,NULL,_binary '\0',_binary '\0'),(142,1,'Allow choice of GSDD item association level','ALLOW_CHOICE_FOR_GSDD_ITEM_ASSOCIATION_LEVEL_CARTS','Allow the account to determine at what level their items tie into GSDD.',_binary '',NULL,NULL,NULL,NULL,_binary '\0',_binary '\0'),(143,10,'Generate quick labels on the display list page','GENERATE_QUICK_LABEL_TRACKING','Users can print compound labels from the dashboard list page with a new barcode generated with a new uuid',_binary '',NULL,NULL,NULL,NULL,_binary '\0',_binary '\0'),(144,10,'Allow user to manually set the Status on a compound','ALLOW_MANUAL_STATUS_ON_COMPOUND_TRACKING','Allow user to manually set the Status on a compound',_binary '',NULL,NULL,NULL,NULL,_binary '\0',_binary '\0'),(146,1,'Use an In-Network Central Formulary','CARTS_USE_CENTRAL_FORMULARY','Use a central formulary from within your network',_binary '',NULL,NULL,NULL,NULL,_binary '',_binary '\0'),(147,2,'Use an In-Network Central Formulary','VERIFICATION_USE_CENTRAL_FORMULARY','Use a central formulary from within your network',_binary '',NULL,NULL,NULL,NULL,_binary '',_binary '\0'),(148,3,'Include Alert Description in Email Message','INSPECTIONS_INCLUDE_ALERT_DESCRIPTION_IN_EMAIL_MESSAGE','Include Alert Description in Email Message',_binary '',NULL,NULL,NULL,NULL,_binary '\0',_binary '\0'),(149,3,'Perform Inspection - Require a note for Non-Compliant answers','INSPECTIONS_REQUIRE_NOTE_WHEN_NON_COMPLIANT','Perform Inspection - Require a note for Non-Compliant answers',_binary '',NULL,NULL,NULL,NULL,_binary '\0',_binary '\0'),(150,3,'Perform Inspection - Require a note for N/A answers','INSPECTIONS_REQUIRE_NOTE_WHEN_NA','Perform Inspection - Require a note for N/A answers',_binary '',NULL,NULL,NULL,NULL,_binary '\0',_binary '\0'),(151,2,'Use GSDD Formulary','VERIFICATION_USE_GSDD_FORMULARY','Use GSDD Formulary',_binary '',NULL,NULL,NULL,NULL,_binary '\0',_binary '\0'),(152,1,'Use GSDD Formulary','CARTS_USE_GSDD_FORMULARY','Use GSDD Formulary',_binary '',NULL,NULL,NULL,NULL,_binary '\0',_binary '\0'),(153,4,'Display tiled dashboard','ACTIVITIES_DISPLAY_TILED_DASHBOARD','Display tiled dashboard',_binary '',NULL,NULL,NULL,NULL,_binary '\0',_binary '\0'),(154,3,'Display tiled dashboard','INSPECTIONS_DISPLAY_TILED_DASHBOARD','Display tiled dashboard',_binary '',NULL,NULL,NULL,NULL,_binary '\0',_binary '\0'),(155,NULL,'Assign individual admin link access','ASSIGN_ADMIN_LINK_ACCESS','Assign individual admin link access',_binary '',NULL,NULL,NULL,NULL,_binary '\0',_binary '\0'),(156,2,'Allow preparers and component checkers to copy orders','VERIFICATION_ALLOW_PREPARERS_AND_COMPONENT_CHECKERS_TO_COPY_ORDERS','Allow preparers and component checkers to copy orders',_binary '',NULL,NULL,NULL,NULL,_binary '\0',_binary '\0'),(157,2,'Enable Mobile Header','VERIFICATION_ENABLE_MOBILE_HEADER','Removes the website header and adds a native header (currently only for IOS)',_binary '',NULL,NULL,NULL,NULL,_binary '\0',_binary '\0'),(158,1,'Allow users to edit tray on Approve step','ALLOW_TRAY_EDITS_ON_APPROVE','Allow users to edit tray on Approve step',_binary '',NULL,NULL,NULL,NULL,_binary '\0',_binary '\0'),(159,2,'Also use DoseNumber field when looking up Compounds to Cancel','ALSO_USE_DOSENUMBER_FOR_CANCEL_LOOKUPS','Also use DoseNumber field when looking up Compounds to Cancel',_binary '',NULL,NULL,NULL,NULL,_binary '\0',_binary '\0'),(160,2,'Use Serialization Stamps','USE_SERIALIZATION_STAMPS','Use Serialization Stamps',_binary '',NULL,NULL,NULL,NULL,_binary '\0',_binary '\0'),(161,9,'Do not allow training submission until all parts are complete','REQUIRE_ALL_TRAINING_PARTS_COMPLETED','Do not allow training submission until all parts are complete',_binary '',NULL,NULL,NULL,NULL,_binary '\0',_binary '\0'),(162,2,'Use Label Sheets with Batch Compounds','USE_LABEL_SHEETS_WITH_BATCH_COMPOUNDS','Use Label Sheets with Batch Compounds',_binary '',NULL,NULL,NULL,NULL,_binary '\0',_binary '\0'),(163,3,'Allow Preparers to create One Time Inspections','ALLOW_PREPARERS_TO_CREATE_ONE_TIME_INSPECTION','Allow Preparers to create One Time Inspections',_binary '',NULL,NULL,NULL,NULL,_binary '\0',_binary '\0'),(164,NULL,'Account is Live','ACCOUNT_IS_LIVE','Flags the account as live',_binary '',NULL,NULL,NULL,NULL,_binary '\0',_binary '\0'),(165,9,'Allow Admins to remove Scheduled Trainings','ALLOW_ADMINS_TO_REMOVE_SCHEDULED_TRAININGS','Allow Admins to remove Scheduled Trainings',_binary '',NULL,NULL,NULL,NULL,_binary '\0',_binary '\0'),(166,10,'Remove all compounds from delivery container on scan of return barcode','REMOVE_ALL_COMPOUNDS_ON_RETURN','Remove all compounds from delivery container on scan of return barcode',_binary '',NULL,NULL,NULL,NULL,_binary '\0',_binary '\0'),(167,10,'When using remove all compounds on return setting, update status of returned compounds','UPDATE_STATUS_OF_REMOVED_COMPOUNDS','When using remove all compounds on return setting, update status of returned compounds',_binary '',NULL,NULL,NULL,NULL,_binary '\0',_binary '\0'),(168,10,'Generate return labels','GENERATE_RETURN_LABEL','Users can generate labels when we return compounds and extend expiration dates',_binary '',NULL,NULL,NULL,NULL,_binary '\0',_binary '\0'),(169,2,'Don\'t Always Use Volume Names On Component Match (Dev use Only)','DONT_ALWAYS_USE_VOLUME_NAMES_ON_COMPONENT_MATCH','Don\'t Always Use Volume Names On Component Match (Dev use Only)',_binary '',NULL,NULL,NULL,NULL,_binary '\0',_binary '\0'),(170,2,'Require Dispensing Pharmacy','REQUIRE_DISPENSING_PHARMACY','Dispensing Pharmacy is a required field on orders',_binary '',NULL,NULL,NULL,NULL,_binary '\0',_binary '\0'),(171,9,'Set due date for On The Fly Trainings','ON_THE_FLY_DUE_DATE','Set due date for On The Fly Trainings',_binary '',NULL,NULL,NULL,NULL,_binary '\0',_binary '\0'),(172,2,'Lock non-approved recipes','LOCK_NON_APPROVED_RECIPES','Lock non-approved recipes',_binary '',NULL,NULL,NULL,NULL,_binary '\0',_binary '\0'),(173,2,'Require Equipment','VERIFICATION_REQUIRE_EQUIPMENT','Require equipment with order details',_binary '',NULL,NULL,NULL,NULL,_binary '\0',_binary '\0'),(174,2,'Turn on View Time Summaries (dev use only)','TURN_ON_VIEW_TIME_SUMMARIES','Turn on View Time Summaries',_binary '',NULL,NULL,NULL,NULL,_binary '\0',_binary '\0'),(175,2,'Use Data Extract With Standardized Workflow Output (dev use only)','USE_DATA_EXTRACT_WITH_STANDARDIZED_WORKFLOW','Use Data Extract With Standardized Workflow Output',_binary '',NULL,NULL,NULL,NULL,_binary '\0',_binary '\0'),(176,2,'Enable recipe approval','ENABLE_RECIPE_APPROVAL','Allow users to approve recipes',_binary '',NULL,NULL,NULL,NULL,_binary '\0',_binary '\0'),(177,9,'Do not allow trainers or managers to approve their own training','DO_NOT_ALLOW_TRAINERS_OR_MANAGERS_TO_APPROVE_THEIR_OWN_TRAINING','Do not allow trainers or managers to approve their own training',_binary '',NULL,NULL,NULL,NULL,_binary '\0',_binary '\0'),(178,2,'Add volume level item on scan','ADD_VOLUME_LEVEL_ITEM_ON_SCAN','Volume level item is added on component scan if it does not exist',_binary '',NULL,NULL,NULL,NULL,_binary '\0',_binary '\0'),(179,2,'Allow Compound Detail Banner to scroll with page','ALLOW_COMPOUND_DETAIL_BANNER_TO_SCROLL','Allow Compound Detail Banner to scroll with page',_binary '',NULL,NULL,NULL,NULL,_binary '\0',_binary '\0'),(180,2,'Dashboard Search Look Back Hours','DASHBOARD_SEARCH_LOOKBACK_HOURS','Dashboard Search Look Back Hours',_binary '',NULL,NULL,NULL,NULL,_binary '',_binary '\0'),(181,2,'Dashboard Search Look Ahead Hours','DASHBOARD_SEARCH_LOOKAHEAD_HOURS','Dashboard Search Look Ahead Hours',_binary '',NULL,NULL,NULL,NULL,_binary '',_binary '\0'),(182,2,'Use the Compound Detail \'Step\' UI for Unmatched Components','USE_STEP_UI_FOR_UNMATCHED_COMPONENTS','Use the Compound Detail \'Step\' UI for Unmatched Components',_binary '',NULL,NULL,NULL,NULL,_binary '\0',_binary '\0'),(183,2,'Use component Acknowledged check as a hard stop on the \'Step\' UI','USE_STEP_UI_ACK_FLAG_AS_HARD_STOP','Use component Acknowledged check as a hard stop on the \'Step\' UI',_binary '',NULL,NULL,NULL,NULL,_binary '\0',_binary '\0'),(184,2,'Enable Destination Confirmation on Tracking App','ENABLE_DESTINATION_CONFIRMATION_ON_TRACKING_APP','Enable Destination Confirmation on Tracking App',_binary '',NULL,NULL,NULL,NULL,_binary '\0',_binary '\0'),(185,10,'Enable Destination Confirmation on Tracking App','ENABLE_DESTINATION_CONFIRMATION_ON_TRACKING_APP','Enable Destination Confirmation on Tracking App',_binary '',NULL,NULL,NULL,NULL,_binary '\0',_binary '\0'),(186,2,'Use Staged Scan as Manufacturing Complete','USE_STAGED_SCAN_AS_MANUFACTURING_COMPLETE','Use Staged Scan as Manufacturing Complete',_binary '',NULL,NULL,NULL,NULL,_binary '\0',_binary '\0'),(187,10,'Use Staged Scan as Manufacturing Complete','USE_STAGED_SCAN_AS_MANUFACTURING_COMPLETE','Use Staged Scan as Manufacturing Complete',_binary '',NULL,NULL,NULL,NULL,_binary '\0',_binary '\0'),(188,2,'Allow badge login on Tracking application','ALLOW_BADGE_LOGIN_ON_TRACKING_APP','Allow badge login on Tracking application',_binary '',NULL,NULL,NULL,NULL,_binary '\0',_binary '\0'),(189,10,'Allow badge login on Tracking application','ALLOW_BADGE_LOGIN_ON_TRACKING_APP','Allow badge login on Tracking application',_binary '',NULL,NULL,NULL,NULL,_binary '\0',_binary '\0'),(190,2,'Send outbound EPIC message on compound save','SEND_OUTBOUND_EPIC_MESSAGE','Send outbound EPIC message on compound save',_binary '',NULL,NULL,NULL,NULL,_binary '\0',_binary '\0'),(191,2,'Use first compound touchpoint for turnaround time start','USE_FIRST_COMPOUND_TOUCHPOINT_FOR_TURNAROUND','Use first compound touchpoint for turnaround time start',_binary '',NULL,NULL,NULL,NULL,_binary '\0',_binary '\0'),(192,10,'Use first compound touchpoint for turnaround time start','USE_FIRST_COMPOUND_TOUCHPOINT_FOR_TURNAROUND','Use first compound touchpoint for turnaround time start',_binary '',NULL,NULL,NULL,NULL,_binary '\0',_binary '\0'),(193,2,'Enable HL7 Talyst Messages','ENABLE_HL7_TALYST_MESSAGES','Enable HL7 Talyst Messages',_binary '',NULL,NULL,NULL,NULL,_binary '\0',_binary '\0'),(194,10,'Display Delivery Containers Tile','TRACKING_DISPLAY_DELIVERY_CONTAINERS_TILE','Display Delivery Containers Tile On Dashboard',_binary '',NULL,NULL,NULL,NULL,_binary '\0',_binary '\0'),(195,2,'Display Delivery Containers Tile','VERIFICATION_DISPLAY_DELIVERY_CONTAINERS_TILE','Display Delivery Containers Tile On Dashboard',_binary '',NULL,NULL,NULL,NULL,_binary '\0',_binary '\0'),(196,2,'Use Leading Wildcard On Dashboard Search','USE_LEADING_WILDCARD_ON_VERIF_DASH_SEARCH','Use Leading Wildcard On Dashboard Search',_binary '',NULL,NULL,NULL,NULL,_binary '\0',_binary '\0'),(197,4,'Add user external content','ACTIVITIES_ADD_EXTERNAL_CONTENT','Allows user to add external content to module',_binary '',NULL,NULL,NULL,NULL,_binary '\0',_binary '\0'),(198,NULL,'Enable Gravimetrics','ENABLE_GRAVIMETRICS','Enable Gravimetrics',_binary '',NULL,NULL,NULL,NULL,_binary '\0',_binary '\0'),(199,2,'Include Item Level Instructions on Patient Compounds','VERIFICATION_ITEM_LEVEL_INSTRUCTIONS','Include Item Level Instructions on Patient Compounds',_binary '',NULL,NULL,NULL,NULL,_binary '\0',_binary '\0'),(200,NULL,'Update Email on Password Reset','UPDATE_EMAIL_ON_PASSWORD_RESET','Update Email on Password Reset',_binary '',NULL,NULL,NULL,NULL,_binary '\0',_binary '\0'),(201,2,'Allow back dated expiration dates on smart labels','VERIFICATION_ALLOW_PAST_EXP_SMART_LABELS','Allow back dated expiration dates on smart labels',_binary '',NULL,NULL,NULL,NULL,_binary '\0',_binary '\0'),(202,1,'Allow back dated expiration dates on smart labels','CARTS_ALLOW_PAST_EXP_SMART_LABELS','Allow back dated expiration dates on smart labels',_binary '',NULL,NULL,NULL,NULL,_binary '\0',_binary '\0'),(203,NULL,'Use Centralized LDAP Service','USE_CENTRALIZED_LDAP_SERVICE','Use Centralized LDAP Service',_binary '',NULL,NULL,NULL,NULL,_binary '\0',_binary '\0'),(204,NULL,'Use Centralized Printer Service','USE_CENTRALIZED_PRINTER_SERVICE','Use Centralized Printer Service',_binary '',NULL,NULL,NULL,NULL,_binary '\0',_binary '\0'),(205,2,'Use security questions on workflow','USE_SECURITY_QUESTIONS_ON_WORKFLOW','Display security questions on save of workflow step',_binary '',NULL,NULL,NULL,NULL,_binary '\0',_binary '\0'),(206,4,'Ad Hoc Activities - Use Due Date from Activity Definition','USE_DUE_DATE_FROM_ACTIVITY_DEFINITION','Ad Hoc Activities - Use Due Date from Activity Definition',_binary '',NULL,NULL,NULL,NULL,_binary '\0',_binary '\0'),(207,NULL,'Use Centralized Volumetric Service','USE_CENTRALIZED_VOLUMETRIC_SERVICE','Use Centralized Volumetric Service',_binary '',NULL,NULL,NULL,NULL,_binary '\0',_binary '\0'),(208,2,'Use photo preview in mobile','VERIFICATION_USE_PHOTO_PREVIEW_IN_MOBILE','Use photo preview in mobile',_binary '',NULL,NULL,NULL,NULL,_binary '\0',_binary '\0'),(209,3,'Use photo preview in mobile','INSPECTIONS_USE_PHOTO_PREVIEW_IN_MOBILE','Use photo preview in mobile',_binary '',NULL,NULL,NULL,NULL,_binary '\0',_binary '\0'),(210,2,'Diana threshold percentage','VERIFICATION_DIANA_THRESHOLD_PERCENTAGE','Diana threshold percentage',_binary '',NULL,NULL,NULL,NULL,_binary '',_binary '\0'),(211,NULL,'Disable summary section in reports tab','DISABLE_SUMMARY_SECTION_IN_REPORTS_TAB','Removes the summary section in reports',_binary '',NULL,NULL,NULL,NULL,_binary '\0',_binary '\0'),(212,4,'Add standardized sampling locations','ADD_STANDARDIZED_SAMPLING_LOCATIONS','Add standardized sampling locations',_binary '',NULL,NULL,NULL,NULL,_binary '\0',_binary '\0'),(213,2,'Allow user to manually set the delivery signoff required flag on a compound','ALLOW_USER_TO_MANUALLY_SET_DELIVERY_SIGNOFF','Allow user to manually set the delivery signoff required flag on a compound',_binary '',NULL,NULL,NULL,NULL,_binary '\0',_binary '\0'),(214,2,'Enable fill from bulk dilutions','ENABLE_FILL_FROM_BULK_DILUTIONS','Enable fill from bulk dilutions',_binary '',NULL,NULL,NULL,NULL,_binary '\0',_binary '\0'),(215,13,'Enable barcodes dictionary loading','ENABLE_BARCODES_DICTIONARY_LOADING','Enable barcodes dictionary loading',_binary '',NULL,NULL,NULL,NULL,_binary '\0',_binary '\0'),(216,13,'Lock Barcodes Item entry fields','LOCK_BARCODES_ITEM_ENTRY_FIELDS','Lock Barcodes Item entry fields',_binary '',NULL,NULL,NULL,NULL,_binary '\0',_binary '\0'),(217,2,'Allow Bulk Delivery Container Returns','ALLOW_BULK_DELIVERY_CONTAINER_RETURNS','Allows multiple delivery containers to be returned in Tracking',_binary '',NULL,NULL,NULL,NULL,_binary '\0',_binary '\0'),(218,10,'Allow Bulk Delivery Container Returns','ALLOW_BULK_DELIVERY_CONTAINER_RETURNS','Allows multiple delivery containers to be returned in Tracking',_binary '',NULL,NULL,NULL,NULL,_binary '\0',_binary '\0'),(219,2,'Send lightweight outbound EPIC message on compound save','SEND_LIGHTWEIGHT_OUTBOUND_EPIC_MESSAGE','Send lightweight outbound EPIC message on compound save',_binary '',NULL,NULL,NULL,NULL,_binary '\0',_binary '\0'),(220,2,'Use as Central Recipe Site','USE_AS_CENTRAL_RECIPE_SITE','Use as Central Recipe Site',_binary '',NULL,NULL,NULL,NULL,_binary '\0',_binary '\0'),(221,2,'Look up nurse name when badge is scanned','LOOK_UP_NURSE_NAME_ON_BADGE_SCAN','Looks up the nurse name when a badge is scanned on delivery in tracking',_binary '',NULL,NULL,NULL,NULL,_binary '',_binary '\0'),(222,2,'Use an In-Network Central Recipe Account','USE_CENTRAL_RECIPES','Use an In-Network Central Recipe Account',_binary '',NULL,NULL,NULL,NULL,_binary '',_binary '\0'),(223,2,'Enable batch variable recipes','ENABLE_BATCH_VARIABLE_RECIPES','Enable batch variable recipes',_binary '',NULL,NULL,NULL,NULL,_binary '\0',_binary '\0'),(224,2,'Enable Do Not Tube','ENABLE_DO_NOT_TUBE','Enable Do Not Tube',_binary '',NULL,NULL,NULL,NULL,_binary '\0',_binary '\0'),(225,2,'Copy from newest dose on barcode scan','COPY_FROM_NEWEST_DOSE_ON_BARCODE_SCAN','Copy from newest dose, instead of first dose, on barcode scan',_binary '',NULL,NULL,NULL,NULL,_binary '\0',_binary '\0'),(226,2,'Require BUD to be completed','REQUIRE_BUD_ON_ORDERS','Require BUD to be completed on orders with a beyond use widget',_binary '',NULL,NULL,NULL,NULL,_binary '\0',_binary '\0'),(227,2,'Use HL7 GUID as compound uuid','USE_HL7_GUID_AS_COMPOUND_UUID','When an hl7 message is processed and creates a compound, use the message GUID field to populate the compound uuid field',_binary '',NULL,NULL,NULL,NULL,_binary '\0',_binary '\0'),(228,9,'Use as Network Training Site','USE_AS_NETWORK_TRAINING_SITE','Use as Network Training Site',_binary '',NULL,NULL,NULL,NULL,_binary '\0',_binary '\0'),(229,9,'Auto schedule new template version','AUTO_SCHEDULE_NEW_TEMPLATE_VERSION','Auto schedule new template version from previous version',_binary '',NULL,NULL,NULL,NULL,_binary '\0',_binary '\0'),(230,9,'Use a Network Training Account','USE_NETWORK_TRAININGS','Use a Network Training Account',_binary '',NULL,NULL,NULL,NULL,_binary '',_binary '\0'),(231,4,'Use as Network Activity Site','USE_AS_NETWORK_ACTIVITY_SITE','Use as Network Activity Site',_binary '',NULL,NULL,NULL,NULL,_binary '\0',_binary '\0'),(232,4,'Use a Network Activity Account','USE_NETWORK_ACTIVITIES','Use a Network Activity Account',_binary '',NULL,NULL,NULL,NULL,_binary '',_binary '\0'),(233,9,'Add user external content','TRAINING_ADD_EXTERNAL_CONTENT','Allows user to add external content to scheduled training',_binary '',NULL,NULL,NULL,NULL,_binary '\0',_binary '\0'),(234,2,'Use Item Dictionary Slide Out View','USE_ITEM_DICTIONARY_SLIDE_OUT_VIEW','Displays item dictionary with details in slide out panel.',_binary '',NULL,NULL,NULL,NULL,_binary '\0',_binary '\0'),(235,2,'Map feed orders to recipes using recipe items (recommended for new implementations)','MAP_FEED_ORDERS_USING_RECIPE_ITEMS','Instead of requiring users to manually construct feed recipe mappings, when this setting is enabled the system will automatically construct mappings from the items on the recipe.',_binary '',NULL,NULL,NULL,NULL,_binary '\0',_binary '\0'),(236,2,'Store Dispensing Pharmacy on Device','STORE_DISPENSING_PHARMACY_ON_DEVICE','Store dispensing pharmacy as a cookie on each device. When a user pulls up an order, change the dispensing pharmacy to this stored value. If the dispensing pharmacy is changed, update the cookie.',_binary '',NULL,NULL,NULL,NULL,_binary '\0',_binary '\0'),(238,2,'Enable compound already open locking','ENABLE_COMPOUND_OPEN_LOCKING','Makes the compound page read only if other users are in the compound. This value determines the lookback minutes for locking.',_binary '',NULL,NULL,NULL,NULL,_binary '',_binary '\0'),(239,2,'Search for recipes by list','SEARCH_FOR_RECIPES_BY_LIST','If enabled, the add order and add batch buttons will take user to a list of recipes instead of a typeahead',_binary '',NULL,NULL,NULL,NULL,_binary '\0',_binary '\0'),(240,2,'DO NOT Display expected vs scanned components in component widget','DO_NOT_DISPLAY_EXPECTED_AND_SCANNED_TEXT_IN_COMPONENT_WIDGET','Display expected vs scanned components in component widget',_binary '',NULL,NULL,NULL,NULL,_binary '\0',_binary '\0'),(241,2,'Enable Patient Dose Check','ENABLE_PATIENT_DOSE_CHECK','Enable Patient Dose Check widget',_binary '',NULL,NULL,NULL,NULL,_binary '\0',_binary '\0'),(242,2,'Serialize Batches *beta','VERIFICATION_SERIALIZE_BATCHES','Serialize batches so that they can be returned, this unique serialization is added to the internal lot number',_binary '',NULL,NULL,NULL,NULL,_binary '\0',_binary '\0'),(243,2,'Do NOT require orders to be approved before being returned','DO_NOT_REQUIRE_APPROVAL_ON_RETURN','Do NOT require orders to be approved before being returned',_binary '',NULL,NULL,NULL,NULL,_binary '\0',_binary '\0'),(244,4,'Allow multiple plates and incubations for sampling activities','ACTIVITIES_ALLOW_PLATES_AND_INCUBATIONS_FOR_SAMPLING_ACTIVITIES','Allow multiple plates and incubations for sampling activities',_binary '',NULL,NULL,NULL,NULL,_binary '\0',_binary '\0'),(245,2,'Set dispensing pharmacy on login','SET_DISPENSING_PHARMACY_ON_LOGIN','Requires user to set dispensing pharmacy on login',_binary '',NULL,NULL,NULL,NULL,_binary '\0',_binary '\0'),(246,2,'Split waste and return buttons','SPLIT_WASTE_AND_RETURN_BUTTONS','Split waste and return buttons',_binary '',NULL,NULL,NULL,NULL,_binary '\0',_binary '\0'),(247,2,'Use non-step-UI component widget V2','USE_NON_STEP_UI_V2','Enables using the non-step-UI component widget V2 for new compounds that are created. This setting has no effect if \"Use the Compound Detail \'Step\' UI for Unmatched Components\" is enabled.',_binary '',NULL,NULL,NULL,NULL,_binary '\0',_binary '\0'),(248,2,'Allow child pharmacies to select workflow and label','ALLOW_CHILD_PHARMACIES_TO_SELECT_WORKFLOW_AND_LABEL','Allow child pharmacies to select workflow and label if network recipe setting set',_binary '',NULL,NULL,NULL,NULL,_binary '\0',_binary '\0'),(249,10,'Dashboard Search Look Back Hours','TRACKING_DASHBOARD_SEARCH_LOOKBACK_HOURS','Dashboard Search Look Back Hours for Tracking Dashboard Search',_binary '',NULL,NULL,NULL,NULL,_binary '',_binary '\0'),(250,10,'Dashboard Search Look Ahead Hours','TRACKING_DASHBOARD_SEARCH_LOOKAHEAD_HOURS','Dashboard Search Look Ahead Hours for Tracking Dashboard Search',_binary '',NULL,NULL,NULL,NULL,_binary '',_binary '\0'),(251,NULL,'Disable Google Analytics (Dev use only)','DISABLE_GOOGLE_ANALYTICS','Disables Google Analytics',_binary '',NULL,NULL,NULL,NULL,_binary '\0',_binary '\0'),(252,2,'Require recipe for batch orders','REQUIRE_RECIPE_FOR_BATCH_ORDERS','Prevents creation of batch orders that do not use a recipe',_binary '',NULL,NULL,NULL,NULL,_binary '\0',_binary '\0'),(253,2,'Enable setting item alternate type (patient order alternate, batch order alternate, or both)','ENABLE_SETTING_ITEM_ALTERNATE_TYPE','Enables display of item alternative type dropdown in the item dictionary to set item alternatives as patient order alternative, batch order alternative, or both. Existing alternatives are both. Alternatives with a type of batch or patient are only allowed as valid scans on orders of the same type.',_binary '',NULL,NULL,NULL,NULL,_binary '\0',_binary '\0'),(254,2,'Enable OCR Label Interface','ENABLE_OCR_LABEL_INTERFACE','Enables the OCR label scan feature. Accepts a value: the URL and port of an Iguana channel.',_binary '',NULL,NULL,NULL,NULL,_binary '',_binary '\0'),(255,2,'Use Non-GSDD item dictionary','USE_NON_GSDD_ITEM_DICTIONARY','Admin setting for using non-GSDD - cannot have GSDD Formulary or Use PK Formulary enabled with this',_binary '',NULL,NULL,NULL,NULL,_binary '\0',_binary '\0'),(256,2,'PKV Now - hide dashboard buttons and links','PKV_NOW_HIDE_DASHBOARD_BUTTONS_AND_LINKS','This will hide specific links on the admin page and specific buttons on the PKV dashboard.',_binary '',NULL,NULL,NULL,NULL,_binary '\0',_binary '\0'),(257,2,'PKV Now - remove component scan messaging','PKV_NOW_REMOVE_COMPONENT_SCAN_MESSAGING','This removes all flags and messages, that display on the UI, related to component scanning',_binary '',NULL,NULL,NULL,NULL,_binary '\0',_binary '\0'),(258,2,'Outbound Epicmessages- send representative NDC for stock bags','SEND_RECIPE_NDC_FOR_BULK_DILUTIONS_FOR_OUTBOUND_DISPENSE_INTERFACE','When using batch smart barcodes with bulk dilution batches to fill components, send the NDC from the batch recipe in the outbound dispense message instead of using the underlying components (and their NDCs and other data) from the bulk dilution batch.',_binary '',NULL,NULL,NULL,NULL,_binary '\0',_binary '\0'),(259,2,'Enable Matching Logic Direct','USE_MATCHING_LOGIC_DIRECT','This enables Matching Logic Direct for new compounds created. This feature matches scanned barcodes against NDCs received from the customer EMR, without using the PK Item Dictionary.',_binary '',NULL,NULL,NULL,NULL,_binary '\0',_binary '\0'),(260,2,'Initialize Camera Directly From Chrome Extension','INITIALIZE_CAMERA_FROM_CHROME_EXTENSION','This causes the camera to be initialized directly from the chrome extension if it exists and is enabled.',_binary '',NULL,NULL,NULL,NULL,_binary '\0',_binary '\0'),(261,NULL,'Enable Auto-Provisioning for Users (SCIM)','ENABLE_AUTO_PROVISIONING_USERS_SCIM','Enables Auto-Provisioning for users using the SCIM interface.',_binary '',NULL,NULL,NULL,NULL,_binary '\0',_binary '\0'),(262,NULL,'Environmental monitoring','ENVIRONMENTAL_MONITORING','Environmental monitoring global setting',_binary '',NULL,NULL,NULL,NULL,_binary '',_binary '\0'),(263,NULL,'Environmental monitoring timezone','ENVIRONMENTAL_MONITORING_TIMEZONE','Environmental monitoring timezone for if vendor is not the same as account timezone',_binary '',NULL,NULL,NULL,NULL,_binary '',_binary '\0'),(264,2,'Add BUD to recipe compounding instructions','ADD_BUD_TO_COMPOUNDING_INSTRUCTIONS','This shows the recipe BUD information in the recipe compounding instructions and compound log',_binary '',NULL,NULL,NULL,NULL,_binary '\0',_binary '\0'),(265,2,'Allow child sites to modify BUD','ALLOW_CHILD_SITES_TO_MODIFY_BUD','Allow child sites to modify BUD',_binary '',NULL,NULL,NULL,NULL,_binary '\0',_binary '\0'),(266,NULL,'Disable ElasticCloud Real User Monitoring (RUM) analytics (Dev use only)','DISABLE_ELASTIC_RUM','Disables ElasticCloud Real User Monitoring (RUM)',_binary '',NULL,NULL,NULL,NULL,_binary '\0',_binary '\0'),(267,2,'Batch serialization - return items to original lot','BATCH_SERIALIZATION_RETURN_ITEMS_TO_ORIGINAL_LOT','When batch serializations are returned they are added back to the original batch, instead of creating a new batch.',_binary '',NULL,NULL,NULL,NULL,_binary '\0',_binary '\0');
/*!40000 ALTER TABLE `setting` ENABLE KEYS */;
UNLOCK TABLES;

--
-- Table structure for table `shifts`
--

DROP TABLE IF EXISTS `shifts`;
/*!40101 SET @saved_cs_client     = @@character_set_client */;
/*!40101 SET character_set_client = utf8 */;
CREATE TABLE `shifts` (
  `id` int(10) unsigned NOT NULL AUTO_INCREMENT,
  `account_id` int(10) unsigned NOT NULL,
  `name` varchar(255) NOT NULL,
  `start_time` time DEFAULT NULL,
  `end_time` time DEFAULT NULL,
  `active_fl` bit(1) NOT NULL DEFAULT b'1',
  `default_fl` bit(1) NOT NULL DEFAULT b'0',
  PRIMARY KEY (`id`)
) ENGINE=InnoDB AUTO_INCREMENT=9 DEFAULT CHARSET=latin1;
/*!40101 SET character_set_client = @saved_cs_client */;

--
-- Dumping data for table `shifts`
--

LOCK TABLES `shifts` WRITE;
/*!40000 ALTER TABLE `shifts` DISABLE KEYS */;
INSERT INTO `shifts` VALUES (1,1,'Shift 1','07:00:00','15:00:00',_binary '',_binary ''),(2,2,'Shift 1','07:00:00','15:00:00',_binary '',_binary ''),(4,1,'Shift 2','15:00:00','23:00:00',_binary '',_binary ''),(5,2,'Shift 2','15:00:00','23:00:00',_binary '',_binary ''),(7,1,'Shift 3','23:00:00','07:00:00',_binary '',_binary ''),(8,2,'Shift 3','23:00:00','07:00:00',_binary '',_binary '');
/*!40000 ALTER TABLE `shifts` ENABLE KEYS */;
UNLOCK TABLES;
ALTER DATABASE `pharmacy_keeper` CHARACTER SET latin1 COLLATE latin1_general_ci ;
/*!50003 SET @saved_cs_client      = @@character_set_client */ ;
/*!50003 SET @saved_cs_results     = @@character_set_results */ ;
/*!50003 SET @saved_col_connection = @@collation_connection */ ;
/*!50003 SET character_set_client  = latin1 */ ;
/*!50003 SET character_set_results = latin1 */ ;
/*!50003 SET collation_connection  = latin1_general_ci */ ;
/*!50003 SET @saved_sql_mode       = @@sql_mode */ ;
/*!50003 SET sql_mode              = 'ONLY_FULL_GROUP_BY,STRICT_TRANS_TABLES,NO_ZERO_IN_DATE,NO_ZERO_DATE,ERROR_FOR_DIVISION_BY_ZERO,NO_ENGINE_SUBSTITUTION' */ ;
DELIMITER ;;
/*!50003 CREATE*/ /*!50017 DEFINER=`root`@`localhost`*/ /*!50003 TRIGGER shifts_deletion
            AFTER DELETE ON shifts FOR EACH ROW
            BEGIN
            INSERT INTO deletion_trail (primary_record_id, secondary_record_id, table_name, account_id,  primary_id_name, secondary_id_name, deletion_time)
            VALUES (OLD.id, NULL, "shifts", OLD.account_id, "id", NULL, NOW());
            END */;;
DELIMITER ;
/*!50003 SET sql_mode              = @saved_sql_mode */ ;
/*!50003 SET character_set_client  = @saved_cs_client */ ;
/*!50003 SET character_set_results = @saved_cs_results */ ;
/*!50003 SET collation_connection  = @saved_col_connection */ ;
ALTER DATABASE `pharmacy_keeper` CHARACTER SET latin1 COLLATE latin1_swedish_ci ;

--
-- Table structure for table `smart_label`
--

DROP TABLE IF EXISTS `smart_label`;
/*!40101 SET @saved_cs_client     = @@character_set_client */;
/*!40101 SET character_set_client = utf8 */;
CREATE TABLE `smart_label` (
  `id` int(10) unsigned NOT NULL AUTO_INCREMENT,
  `account_id` int(11) NOT NULL,
  `item_dictionary_id` int(10) unsigned DEFAULT NULL,
  `name` varchar(1500) NOT NULL,
  `lot` varchar(32) NOT NULL,
  `serialization` varchar(64) NOT NULL,
  `uuid` varchar(64) NOT NULL,
  `expiration` datetime DEFAULT NULL,
  `label_verified_fl` bit(1) NOT NULL DEFAULT b'0',
  `already_used_fl` bit(1) DEFAULT b'0',
  `label_validation_error_fl` bit(1) DEFAULT b'0',
  `label_verified_by` int(10) unsigned DEFAULT NULL,
  `label_verified_time` datetime DEFAULT NULL,
  `label_printed_by` int(10) unsigned DEFAULT NULL,
  `last_updated_by` int(10) unsigned DEFAULT NULL,
  `last_updated_time` datetime DEFAULT NULL,
  `created_by` int(10) unsigned DEFAULT NULL,
  `created_time` datetime DEFAULT NULL,
  `active_fl` bit(1) NOT NULL DEFAULT b'1',
  `gravimetric_item_dictionary_id` int(10) unsigned DEFAULT NULL,
  PRIMARY KEY (`id`),
  KEY `idx_smart_label_account_id_uuid` (`account_id`,`uuid`)
) ENGINE=InnoDB DEFAULT CHARSET=latin1;
/*!40101 SET character_set_client = @saved_cs_client */;

--
-- Dumping data for table `smart_label`
--

LOCK TABLES `smart_label` WRITE;
/*!40000 ALTER TABLE `smart_label` DISABLE KEYS */;
/*!40000 ALTER TABLE `smart_label` ENABLE KEYS */;
UNLOCK TABLES;

--
-- Table structure for table `statuses`
--

DROP TABLE IF EXISTS `statuses`;
/*!40101 SET @saved_cs_client     = @@character_set_client */;
/*!40101 SET character_set_client = utf8 */;
CREATE TABLE `statuses` (
  `id` int(10) unsigned NOT NULL AUTO_INCREMENT,
  `account_id` int(10) unsigned DEFAULT NULL,
  `module_id` int(10) unsigned NOT NULL,
  `name` varchar(120) DEFAULT NULL,
  `description` varchar(100) DEFAULT NULL,
  `type` varchar(50) DEFAULT NULL,
  `active` bit(1) NOT NULL DEFAULT b'1',
  `type2` varchar(20) DEFAULT NULL,
  `is_final` bit(1) NOT NULL DEFAULT b'0',
  `workflow_id` int(10) unsigned DEFAULT NULL,
  `status_type` enum('ComponentCheck','Prepare','Approve','SecondaryApproval','Staged','In-Process','Delivered','Tracking','Cancelled','OnCartForDelivery') DEFAULT NULL,
  `last_updated_by` int(10) unsigned DEFAULT NULL,
  `last_updated_time` datetime DEFAULT NULL,
  `created_by` int(10) unsigned DEFAULT NULL,
  `created_time` datetime DEFAULT NULL,
  PRIMARY KEY (`id`),
  KEY `idx_name` (`name`),
  KEY `idx_account_id` (`account_id`),
  KEY `idx_workflow_id` (`workflow_id`)
) ENGINE=InnoDB AUTO_INCREMENT=82 DEFAULT CHARSET=latin1;
/*!40101 SET character_set_client = @saved_cs_client */;

--
-- Dumping data for table `statuses`
--

LOCK TABLES `statuses` WRITE;
/*!40000 ALTER TABLE `statuses` DISABLE KEYS */;
INSERT INTO `statuses` VALUES (1,NULL,1,'Transferred',NULL,NULL,_binary '',NULL,_binary '\0',NULL,NULL,NULL,NULL,NULL,NULL),(2,NULL,1,'Filled',NULL,'FILL',_binary '',NULL,_binary '\0',NULL,NULL,NULL,NULL,NULL,NULL),(3,NULL,1,'Approved',NULL,'FILL',_binary '',NULL,_binary '\0',NULL,NULL,NULL,NULL,NULL,NULL),(4,NULL,1,'Deleted',NULL,'SYSTEM',_binary '',NULL,_binary '\0',NULL,NULL,NULL,NULL,NULL,NULL),(10,NULL,1,'Used',NULL,'TRAY_ITEM',_binary '',NULL,_binary '\0',NULL,NULL,NULL,NULL,NULL,NULL),(11,NULL,1,'Removed',NULL,'TRAY_ITEM',_binary '',NULL,_binary '\0',NULL,NULL,NULL,NULL,NULL,NULL),(12,NULL,1,'Remains',NULL,'TRAY_ITEM',_binary '',NULL,_binary '\0',NULL,NULL,NULL,NULL,NULL,NULL),(13,NULL,1,'Counted',NULL,'FILL',_binary '',NULL,_binary '\0',NULL,NULL,NULL,NULL,NULL,NULL),(14,2,2,'Received','Received','',_binary '','',_binary '\0',NULL,NULL,NULL,NULL,NULL,NULL),(15,2,2,'Prepared','Prepared','',_binary '','',_binary '\0',NULL,NULL,NULL,NULL,NULL,NULL),(16,2,2,'Checked','Checked','',_binary '','',_binary '\0',NULL,NULL,NULL,NULL,NULL,NULL),(17,2,2,'Approved','Approved','',_binary '','',_binary '\0',NULL,NULL,NULL,NULL,NULL,NULL),(18,2,2,'Rejected','Rejected','',_binary '','',_binary '\0',NULL,NULL,NULL,NULL,NULL,NULL),(19,2,3,'Scheduled','Scheduled',NULL,_binary '',NULL,_binary '\0',NULL,NULL,NULL,NULL,NULL,NULL),(20,2,3,'In-Progress','In-Progress',NULL,_binary '',NULL,_binary '\0',NULL,NULL,NULL,NULL,NULL,NULL),(21,2,3,'Completed','Completed',NULL,_binary '',NULL,_binary '\0',NULL,NULL,NULL,NULL,NULL,NULL),(22,NULL,1,'Rejected','','FILL',_binary '',NULL,_binary '\0',NULL,NULL,NULL,NULL,NULL,NULL),(23,NULL,1,'Not Filled','','TRAY_ITEM',_binary '',NULL,_binary '\0',NULL,NULL,NULL,NULL,NULL,NULL),(24,NULL,1,'Incomplete Fill','','FILL',_binary '',NULL,_binary '\0',NULL,NULL,NULL,NULL,NULL,NULL),(25,NULL,1,'New','','TRAY_ITEM',_binary '',NULL,_binary '\0',NULL,NULL,NULL,NULL,NULL,NULL),(26,NULL,2,'Completed','System level Completed status','SYSTEM',_binary '',NULL,_binary '\0',NULL,NULL,NULL,NULL,NULL,NULL),(27,NULL,2,'Rejected','System level Rejected status','SYSTEM',_binary '',NULL,_binary '\0',NULL,NULL,NULL,NULL,NULL,NULL),(28,NULL,2,'Returned','System level Returned status','SYSTEM',_binary '',NULL,_binary '\0',NULL,NULL,NULL,NULL,NULL,NULL),(29,NULL,2,'Cancelled','System level Cancelled status','SYSTEM',_binary '',NULL,_binary '\0',NULL,'Cancelled',NULL,NULL,NULL,NULL),(30,NULL,2,'Unknown Status','System Unknown Status','SYSTEM',_binary '',NULL,_binary '\0',NULL,NULL,NULL,NULL,NULL,NULL),(31,NULL,1,'Missing',NULL,'TRAY_ITEM',_binary '',NULL,_binary '\0',NULL,NULL,NULL,NULL,NULL,NULL),(32,NULL,1,'Incomplete Count',NULL,'FILL',_binary '',NULL,_binary '\0',NULL,NULL,NULL,NULL,NULL,NULL),(33,NULL,9,'Scheduled','Scheduled','SYSTEM',_binary '',NULL,_binary '\0',NULL,NULL,NULL,NULL,NULL,NULL),(34,NULL,9,'In-Progress','In-Progress','SYSTEM',_binary '',NULL,_binary '\0',NULL,NULL,NULL,NULL,NULL,NULL),(35,NULL,9,'Ready for Trainer Approval','Ready for Trainer Approval','SYSTEM',_binary '',NULL,_binary '\0',NULL,NULL,NULL,NULL,NULL,NULL),(36,NULL,9,'Ready for Manager Approval','Ready for Supervisor Approval','SYSTEM',_binary '',NULL,_binary '\0',NULL,NULL,NULL,NULL,NULL,NULL),(39,NULL,2,'Started Prepare','Started Prepare','SYSTEM_GENERATED',_binary '',NULL,_binary '\0',1,'Prepare',NULL,NULL,NULL,NULL),(40,NULL,2,'Started Approve','Started Approve','SYSTEM_GENERATED',_binary '',NULL,_binary '\0',1,'Approve',NULL,NULL,NULL,NULL),(41,NULL,2,'Started Prepare','Started Prepare','SYSTEM_GENERATED',_binary '',NULL,_binary '\0',2,'Prepare',NULL,NULL,NULL,NULL),(42,NULL,2,'Started Approve','Started Approve','SYSTEM_GENERATED',_binary '',NULL,_binary '\0',2,'Approve',NULL,NULL,NULL,NULL),(43,NULL,2,'Started Component Check','Started Component Check','SYSTEM_GENERATED',_binary '',NULL,_binary '\0',3,'ComponentCheck',NULL,NULL,NULL,NULL),(44,NULL,2,'Started Prepare','Started Prepare','SYSTEM_GENERATED',_binary '',NULL,_binary '\0',3,'Prepare',NULL,NULL,NULL,NULL),(45,NULL,2,'Started Approve','Started Approve','SYSTEM_GENERATED',_binary '',NULL,_binary '\0',3,'Approve',NULL,NULL,NULL,NULL),(46,NULL,2,'Started Tracking','Started Tracking','SYSTEM_GENERATED',_binary '',NULL,_binary '\0',4,'Tracking',NULL,NULL,NULL,NULL),(55,NULL,9,'Completed','Completed','SYSTEM',_binary '',NULL,_binary '\0',NULL,NULL,NULL,NULL,NULL,NULL),(56,NULL,10,'Cancelled','System level Cancelled status','SYSTEM',_binary '',NULL,_binary '\0',NULL,'Cancelled',NULL,NULL,NULL,NULL),(57,2,3,'Awaiting Approval','Awaiting Approval',NULL,_binary '',NULL,_binary '\0',NULL,NULL,NULL,NULL,NULL,NULL),(58,NULL,9,'Awaiting Trainee Acknowledgement','Awaiting Trainee Acknowledgement','SYSTEM',_binary '',NULL,_binary '\0',NULL,NULL,NULL,NULL,NULL,NULL),(59,NULL,12,'Initial Creation','Initial Creation','WASTE_ITEM',_binary '',NULL,_binary '\0',NULL,NULL,NULL,NULL,NULL,NULL),(60,NULL,12,'In-Progress','In-Progress','WASTE_ITEM',_binary '',NULL,_binary '\0',NULL,NULL,NULL,NULL,NULL,NULL),(61,NULL,12,'Completed','Completed','WASTE_ITEM',_binary '',NULL,_binary '\0',NULL,NULL,NULL,NULL,NULL,NULL),(66,NULL,2,'Swisslog Delivered','Swisslog Delivered','SYSTEM',_binary '',NULL,_binary '\0',NULL,'Delivered',NULL,NULL,NULL,NULL),(67,NULL,2,'Swisslog In-Progress','Swisslog In-Progress','SYSTEM',_binary '',NULL,_binary '\0',NULL,'In-Process',NULL,NULL,NULL,NULL),(68,NULL,13,'Created','Created','SYSTEM',_binary '',NULL,_binary '\0',NULL,NULL,NULL,NULL,NULL,NULL),(69,NULL,13,'In-Progress','In-Progress','SYSTEM',_binary '',NULL,_binary '\0',NULL,NULL,NULL,NULL,NULL,NULL),(70,NULL,13,'Ready For Approval','Ready For Approval','SYSTEM',_binary '',NULL,_binary '\0',NULL,NULL,NULL,NULL,NULL,NULL),(72,NULL,13,'Rejected','Rejected','SYSTEM',_binary '',NULL,_binary '\0',NULL,NULL,NULL,NULL,NULL,NULL),(73,NULL,13,'Approved','Approved','SYSTEM',_binary '',NULL,_binary '\0',NULL,NULL,NULL,NULL,NULL,NULL),(74,NULL,12,'To Nurse','To Nurse','WASTE_TRANSACTION',_binary '',NULL,_binary '\0',NULL,NULL,NULL,NULL,NULL,NULL),(75,NULL,12,'From Nurse','From Nurse','WASTE_TRANSACTION',_binary '',NULL,_binary '\0',NULL,NULL,NULL,NULL,NULL,NULL),(76,NULL,12,'Waiting for Return','Waiting for Return','WASTE_ITEM',_binary '',NULL,_binary '\0',NULL,NULL,NULL,NULL,NULL,NULL),(77,NULL,2,'Wasted','System level Wasted status','SYSTEM',_binary '',NULL,_binary '\0',NULL,NULL,NULL,NULL,NULL,NULL),(78,NULL,4,'First Incubation Started','First Incubation Started','SYSTEM',_binary '',NULL,_binary '\0',NULL,NULL,NULL,NULL,NULL,NULL),(79,NULL,4,'Second Incubation Started','Second Incubation Started','SYSTEM',_binary '',NULL,_binary '\0',NULL,NULL,NULL,NULL,NULL,NULL),(80,NULL,4,'Sample Initiation Started','Sample Initiation Started','SYSTEM',_binary '',NULL,_binary '\0',NULL,NULL,NULL,NULL,NULL,NULL),(81,NULL,4,'Completed','Completed','SYSTEM',_binary '',NULL,_binary '\0',NULL,NULL,NULL,NULL,NULL,NULL);
/*!40000 ALTER TABLE `statuses` ENABLE KEYS */;
UNLOCK TABLES;
ALTER DATABASE `pharmacy_keeper` CHARACTER SET latin1 COLLATE latin1_general_ci ;
/*!50003 SET @saved_cs_client      = @@character_set_client */ ;
/*!50003 SET @saved_cs_results     = @@character_set_results */ ;
/*!50003 SET @saved_col_connection = @@collation_connection */ ;
/*!50003 SET character_set_client  = latin1 */ ;
/*!50003 SET character_set_results = latin1 */ ;
/*!50003 SET collation_connection  = latin1_general_ci */ ;
/*!50003 SET @saved_sql_mode       = @@sql_mode */ ;
/*!50003 SET sql_mode              = 'ONLY_FULL_GROUP_BY,STRICT_TRANS_TABLES,NO_ZERO_IN_DATE,NO_ZERO_DATE,ERROR_FOR_DIVISION_BY_ZERO,NO_ENGINE_SUBSTITUTION' */ ;
DELIMITER ;;
/*!50003 CREATE*/ /*!50017 DEFINER=`root`@`localhost`*/ /*!50003 TRIGGER statuses_deletion
            AFTER DELETE ON statuses FOR EACH ROW
            BEGIN
            INSERT INTO deletion_trail (primary_record_id, secondary_record_id, table_name, account_id,  primary_id_name, secondary_id_name, deletion_time)
            VALUES (OLD.id, NULL, "statuses", OLD.account_id, "id", NULL, NOW());
            END */;;
DELIMITER ;
/*!50003 SET sql_mode              = @saved_sql_mode */ ;
/*!50003 SET character_set_client  = @saved_cs_client */ ;
/*!50003 SET character_set_results = @saved_cs_results */ ;
/*!50003 SET collation_connection  = @saved_col_connection */ ;
ALTER DATABASE `pharmacy_keeper` CHARACTER SET latin1 COLLATE latin1_swedish_ci ;

--
-- Table structure for table `sub_location`
--

DROP TABLE IF EXISTS `sub_location`;
/*!40101 SET @saved_cs_client     = @@character_set_client */;
/*!40101 SET character_set_client = utf8 */;
CREATE TABLE `sub_location` (
  `id` int(10) unsigned NOT NULL AUTO_INCREMENT,
  `location_id` int(10) unsigned NOT NULL,
  `name` varchar(255) NOT NULL,
  `active_fl` bit(1) NOT NULL DEFAULT b'1',
  `last_updated_by` int(10) unsigned DEFAULT NULL,
  `last_updated_time` datetime DEFAULT NULL,
  `created_by` int(10) unsigned DEFAULT NULL,
  `created_time` datetime DEFAULT NULL,
  PRIMARY KEY (`id`),
  KEY `fk_sub_location_location` (`location_id`),
  CONSTRAINT `fk_sub_location_location` FOREIGN KEY (`location_id`) REFERENCES `location` (`id`)
) ENGINE=InnoDB DEFAULT CHARSET=latin1;
/*!40101 SET character_set_client = @saved_cs_client */;

--
-- Dumping data for table `sub_location`
--

LOCK TABLES `sub_location` WRITE;
/*!40000 ALTER TABLE `sub_location` DISABLE KEYS */;
/*!40000 ALTER TABLE `sub_location` ENABLE KEYS */;
UNLOCK TABLES;
ALTER DATABASE `pharmacy_keeper` CHARACTER SET latin1 COLLATE latin1_general_ci ;
/*!50003 SET @saved_cs_client      = @@character_set_client */ ;
/*!50003 SET @saved_cs_results     = @@character_set_results */ ;
/*!50003 SET @saved_col_connection = @@collation_connection */ ;
/*!50003 SET character_set_client  = latin1 */ ;
/*!50003 SET character_set_results = latin1 */ ;
/*!50003 SET collation_connection  = latin1_general_ci */ ;
/*!50003 SET @saved_sql_mode       = @@sql_mode */ ;
/*!50003 SET sql_mode              = 'ONLY_FULL_GROUP_BY,STRICT_TRANS_TABLES,NO_ZERO_IN_DATE,NO_ZERO_DATE,ERROR_FOR_DIVISION_BY_ZERO,NO_ENGINE_SUBSTITUTION' */ ;
DELIMITER ;;
/*!50003 CREATE*/ /*!50017 DEFINER=`root`@`localhost`*/ /*!50003 TRIGGER sub_location_deletion
                    BEFORE DELETE ON sub_location FOR EACH ROW
                    BEGIN
                    INSERT INTO deletion_trail (primary_record_id, secondary_record_id, table_name, account_id,  primary_id_name, secondary_id_name, deletion_time)
                    select sl.id, NULL, "sub_location", loc.account_id, "id", NULL, NOW()
                    from sub_location sl,
                    location loc
                    where sl.id = OLD.id
                    and OLD.location_id = loc.id;
                    END */;;
DELIMITER ;
/*!50003 SET sql_mode              = @saved_sql_mode */ ;
/*!50003 SET character_set_client  = @saved_cs_client */ ;
/*!50003 SET character_set_results = @saved_cs_results */ ;
/*!50003 SET collation_connection  = @saved_col_connection */ ;
ALTER DATABASE `pharmacy_keeper` CHARACTER SET latin1 COLLATE latin1_swedish_ci ;

--
-- Table structure for table `subject`
--

DROP TABLE IF EXISTS `subject`;
/*!40101 SET @saved_cs_client     = @@character_set_client */;
/*!40101 SET character_set_client = utf8 */;
CREATE TABLE `subject` (
  `id` int(10) unsigned NOT NULL AUTO_INCREMENT,
  `account_id` int(10) unsigned NOT NULL,
  `module_id` int(10) unsigned NOT NULL,
  `name` varchar(100) DEFAULT NULL,
  `active` bit(1) NOT NULL DEFAULT b'1',
  `last_updated_by` int(10) unsigned DEFAULT NULL,
  `last_updated_time` datetime DEFAULT NULL,
  `created_by` int(10) unsigned DEFAULT NULL,
  `created_time` datetime DEFAULT NULL,
  PRIMARY KEY (`id`),
  KEY `fk_subject_lastUpdatedby` (`last_updated_by`),
  KEY `fk_subject_createdby` (`created_by`),
  CONSTRAINT `fk_subject_createdby` FOREIGN KEY (`created_by`) REFERENCES `users` (`id`),
  CONSTRAINT `fk_subject_lastUpdatedby` FOREIGN KEY (`last_updated_by`) REFERENCES `users` (`id`)
) ENGINE=InnoDB DEFAULT CHARSET=latin1;
/*!40101 SET character_set_client = @saved_cs_client */;

--
-- Dumping data for table `subject`
--

LOCK TABLES `subject` WRITE;
/*!40000 ALTER TABLE `subject` DISABLE KEYS */;
/*!40000 ALTER TABLE `subject` ENABLE KEYS */;
UNLOCK TABLES;
ALTER DATABASE `pharmacy_keeper` CHARACTER SET latin1 COLLATE latin1_general_ci ;
/*!50003 SET @saved_cs_client      = @@character_set_client */ ;
/*!50003 SET @saved_cs_results     = @@character_set_results */ ;
/*!50003 SET @saved_col_connection = @@collation_connection */ ;
/*!50003 SET character_set_client  = latin1 */ ;
/*!50003 SET character_set_results = latin1 */ ;
/*!50003 SET collation_connection  = latin1_general_ci */ ;
/*!50003 SET @saved_sql_mode       = @@sql_mode */ ;
/*!50003 SET sql_mode              = 'ONLY_FULL_GROUP_BY,STRICT_TRANS_TABLES,NO_ZERO_IN_DATE,NO_ZERO_DATE,ERROR_FOR_DIVISION_BY_ZERO,NO_ENGINE_SUBSTITUTION' */ ;
DELIMITER ;;
/*!50003 CREATE*/ /*!50017 DEFINER=`root`@`localhost`*/ /*!50003 TRIGGER subject_deletion
            AFTER DELETE ON subject FOR EACH ROW
            BEGIN
            INSERT INTO deletion_trail (primary_record_id, secondary_record_id, table_name, account_id,  primary_id_name, secondary_id_name, deletion_time)
            VALUES (OLD.id, NULL, "subject", OLD.account_id, "id", NULL, NOW());
            END */;;
DELIMITER ;
/*!50003 SET sql_mode              = @saved_sql_mode */ ;
/*!50003 SET character_set_client  = @saved_cs_client */ ;
/*!50003 SET character_set_results = @saved_cs_results */ ;
/*!50003 SET collation_connection  = @saved_col_connection */ ;
ALTER DATABASE `pharmacy_keeper` CHARACTER SET latin1 COLLATE latin1_swedish_ci ;

--
-- Table structure for table `system_message`
--

DROP TABLE IF EXISTS `system_message`;
/*!40101 SET @saved_cs_client     = @@character_set_client */;
/*!40101 SET character_set_client = utf8 */;
CREATE TABLE `system_message` (
  `id` int(10) unsigned NOT NULL AUTO_INCREMENT,
  `account_id` int(10) unsigned DEFAULT NULL,
  `module_id` int(10) unsigned DEFAULT NULL,
  `message_type` varchar(20) DEFAULT NULL,
  `message` longtext,
  `start_time` datetime DEFAULT NULL,
  `end_time` datetime DEFAULT NULL,
  `active_fl` bit(1) DEFAULT b'1',
  `last_updated_by` int(10) unsigned DEFAULT NULL,
  `last_updated_time` datetime DEFAULT NULL,
  `created_by` int(10) unsigned DEFAULT NULL,
  `created_time` datetime DEFAULT NULL,
  PRIMARY KEY (`id`)
) ENGINE=InnoDB AUTO_INCREMENT=2 DEFAULT CHARSET=latin1;
/*!40101 SET character_set_client = @saved_cs_client */;

--
-- Dumping data for table `system_message`
--

LOCK TABLES `system_message` WRITE;
/*!40000 ALTER TABLE `system_message` DISABLE KEYS */;
INSERT INTO `system_message` VALUES (1,NULL,NULL,'Alert','The System will be going down on %d',NULL,NULL,_binary '',NULL,NULL,NULL,NULL);
/*!40000 ALTER TABLE `system_message` ENABLE KEYS */;
UNLOCK TABLES;

--
-- Table structure for table `system_status_data`
--

DROP TABLE IF EXISTS `system_status_data`;
/*!40101 SET @saved_cs_client     = @@character_set_client */;
/*!40101 SET character_set_client = utf8 */;
CREATE TABLE `system_status_data` (
  `key` varchar(255) NOT NULL,
  `value` varchar(255) DEFAULT NULL,
  `last_updated_time` datetime DEFAULT CURRENT_TIMESTAMP ON UPDATE CURRENT_TIMESTAMP,
  `description` varchar(255) DEFAULT NULL,
  PRIMARY KEY (`key`)
) ENGINE=InnoDB DEFAULT CHARSET=latin1;
/*!40101 SET character_set_client = @saved_cs_client */;

--
-- Dumping data for table `system_status_data`
--

LOCK TABLES `system_status_data` WRITE;
/*!40000 ALTER TABLE `system_status_data` DISABLE KEYS */;
INSERT INTO `system_status_data` VALUES ('deployed_branch_name',NULL,'2021-06-03 16:30:45','Name of the branch deployed to this environment. This is updated during the Jenkins deploy.'),('pharmacy_keeper_database_version_offline','1.50','2021-06-03 16:31:06','Database version set by the offline changelog file for each release. This is updated in the last changeset in a given changelog file.'),('pharmacy_keeper_database_version_online','1.50.6','2021-06-03 16:30:47','Database version set by the online changelog file for each release. This is updated in the last changeset in a given changelog file.');
/*!40000 ALTER TABLE `system_status_data` ENABLE KEYS */;
UNLOCK TABLES;

--
-- Table structure for table `talystmessage`
--

DROP TABLE IF EXISTS `talystmessage`;
/*!40101 SET @saved_cs_client     = @@character_set_client */;
/*!40101 SET character_set_client = utf8 */;
CREATE TABLE `talystmessage` (
  `TalystID` int(11) NOT NULL AUTO_INCREMENT,
  `FacilityID` int(11) NOT NULL,
  `Processed` bit(1) DEFAULT b'0',
  `ProcessCode` varchar(255) DEFAULT NULL,
  `LogDateTime` datetime DEFAULT NULL,
  `MessageDateTime` datetime DEFAULT NULL,
  `SendingApp` varchar(255) DEFAULT NULL,
  `SendingFacility` varchar(255) DEFAULT NULL,
  `ReceivingApp` varchar(255) DEFAULT NULL,
  `ReceivingFacility` varchar(255) DEFAULT NULL,
  `MessageType` varchar(255) DEFAULT NULL,
  `OrderNumber` varchar(255) DEFAULT NULL,
  `BarCodeOrderNumber` varchar(255) DEFAULT NULL,
  `OrderNumberType` varchar(255) DEFAULT NULL,
  `OrderStatus` varchar(255) DEFAULT NULL,
  `UserName` varchar(255) DEFAULT NULL,
  `ScanDatetime` datetime DEFAULT NULL,
  `Location` varchar(255) DEFAULT NULL,
  `TransactionId` varchar(255) DEFAULT NULL,
  `AutopharmOrderNumber` varchar(255) DEFAULT NULL,
  `Medication` varchar(255) DEFAULT NULL,
  `Destination` varchar(255) DEFAULT NULL,
  `Priority` varchar(255) DEFAULT NULL,
  `pk_processed` bit(1) DEFAULT b'0',
  PRIMARY KEY (`TalystID`),
  KEY `idx_talyst_processed` (`FacilityID`,`Processed`),
  KEY `idx_talystmessage_logdatetime` (`LogDateTime`)
) ENGINE=InnoDB DEFAULT CHARSET=latin1;
/*!40101 SET character_set_client = @saved_cs_client */;

--
-- Dumping data for table `talystmessage`
--

LOCK TABLES `talystmessage` WRITE;
/*!40000 ALTER TABLE `talystmessage` DISABLE KEYS */;
/*!40000 ALTER TABLE `talystmessage` ENABLE KEYS */;
UNLOCK TABLES;

--
-- Table structure for table `training_definition`
--

DROP TABLE IF EXISTS `training_definition`;
/*!40101 SET @saved_cs_client     = @@character_set_client */;
/*!40101 SET character_set_client = utf8 */;
CREATE TABLE `training_definition` (
  `id` int(10) unsigned NOT NULL AUTO_INCREMENT,
  `account_id` int(10) unsigned NOT NULL,
  `name` varchar(255) NOT NULL,
  `flow_type` enum('Trainee','Trainee -> Trainer','Trainee -> Trainer -> Manager','Trainee -> Manager','Trainer','Trainer -> Manager','Manager') DEFAULT NULL,
  `active_fl` bit(1) NOT NULL DEFAULT b'1',
  `last_updated_by` int(10) unsigned DEFAULT NULL,
  `last_updated_time` datetime DEFAULT NULL,
  `created_by` int(10) unsigned DEFAULT NULL,
  `created_time` datetime DEFAULT NULL,
  `offer_reminder` bit(1) DEFAULT NULL,
  `pass_percent` int(10) unsigned DEFAULT NULL,
  `trainee_acknowledge` bit(1) NOT NULL DEFAULT b'0',
  `fl_include_trainee_criteria_notes` bit(1) NOT NULL DEFAULT b'1',
  `fl_include_trainer_criteria_notes` bit(1) NOT NULL DEFAULT b'1',
  `random_multiple_choice_order_fl` bit(1) NOT NULL DEFAULT b'0',
  `trainer_cannot_fail_fl` bit(1) NOT NULL DEFAULT b'0',
  `network` bit(1) NOT NULL DEFAULT b'0',
  `system` bit(1) NOT NULL DEFAULT b'0',
  `network_allow_modifications` bit(1) NOT NULL DEFAULT b'0',
  `copied_from_network_training_definition_id` int(10) unsigned DEFAULT NULL,
  `auto_grade_training` bit(1) NOT NULL DEFAULT b'0',
  `version_id` int(10) unsigned DEFAULT NULL,
  `visible_to_all_sites` tinyint(1) DEFAULT '0',
  PRIMARY KEY (`id`),
  KEY `idx_training_definition_account_id` (`account_id`)
) ENGINE=InnoDB DEFAULT CHARSET=latin1;
/*!40101 SET character_set_client = @saved_cs_client */;

--
-- Dumping data for table `training_definition`
--

LOCK TABLES `training_definition` WRITE;
/*!40000 ALTER TABLE `training_definition` DISABLE KEYS */;
/*!40000 ALTER TABLE `training_definition` ENABLE KEYS */;
UNLOCK TABLES;
ALTER DATABASE `pharmacy_keeper` CHARACTER SET latin1 COLLATE latin1_general_ci ;
/*!50003 SET @saved_cs_client      = @@character_set_client */ ;
/*!50003 SET @saved_cs_results     = @@character_set_results */ ;
/*!50003 SET @saved_col_connection = @@collation_connection */ ;
/*!50003 SET character_set_client  = latin1 */ ;
/*!50003 SET character_set_results = latin1 */ ;
/*!50003 SET collation_connection  = latin1_general_ci */ ;
/*!50003 SET @saved_sql_mode       = @@sql_mode */ ;
/*!50003 SET sql_mode              = 'ONLY_FULL_GROUP_BY,STRICT_TRANS_TABLES,NO_ZERO_IN_DATE,NO_ZERO_DATE,ERROR_FOR_DIVISION_BY_ZERO,NO_ENGINE_SUBSTITUTION' */ ;
DELIMITER ;;
/*!50003 CREATE*/ /*!50017 DEFINER=`root`@`localhost`*/ /*!50003 TRIGGER training_definition_deletion
            AFTER DELETE ON training_definition FOR EACH ROW
            BEGIN
            INSERT INTO deletion_trail (primary_record_id, secondary_record_id, table_name, account_id,  primary_id_name, secondary_id_name, deletion_time)
            VALUES (OLD.id, NULL, "training_definition", OLD.account_id, "id", NULL, NOW());
            END */;;
DELIMITER ;
/*!50003 SET sql_mode              = @saved_sql_mode */ ;
/*!50003 SET character_set_client  = @saved_cs_client */ ;
/*!50003 SET character_set_results = @saved_cs_results */ ;
/*!50003 SET collation_connection  = @saved_col_connection */ ;
ALTER DATABASE `pharmacy_keeper` CHARACTER SET latin1 COLLATE latin1_swedish_ci ;

--
-- Table structure for table `training_definition_criteria`
--

DROP TABLE IF EXISTS `training_definition_criteria`;
/*!40101 SET @saved_cs_client     = @@character_set_client */;
/*!40101 SET character_set_client = utf8 */;
CREATE TABLE `training_definition_criteria` (
  `id` int(10) unsigned NOT NULL AUTO_INCREMENT,
  `training_definition_section_id` int(10) unsigned NOT NULL,
  `name` varchar(4000) DEFAULT NULL,
  `sort_order` int(10) unsigned NOT NULL,
  `response_type` varchar(255) DEFAULT NULL,
  `allowNA` bit(1) DEFAULT b'0',
  `trainee_acknowledge` bit(1) DEFAULT b'0',
  `trainee_record` bit(1) DEFAULT b'0',
  `trainer_record` bit(1) DEFAULT b'0',
  `trainer_approve` bit(1) DEFAULT b'0',
  `range_low` int(11) DEFAULT NULL,
  `range_high` int(11) DEFAULT NULL,
  `last_updated_by` int(10) unsigned DEFAULT NULL,
  `last_updated_time` datetime DEFAULT NULL,
  `created_by` int(10) unsigned DEFAULT NULL,
  `created_time` datetime DEFAULT NULL,
  `multi_choice_group_id` int(10) unsigned DEFAULT NULL,
  PRIMARY KEY (`id`),
  KEY `idx_training_definition_section_id` (`training_definition_section_id`)
) ENGINE=InnoDB DEFAULT CHARSET=latin1;
/*!40101 SET character_set_client = @saved_cs_client */;

--
-- Dumping data for table `training_definition_criteria`
--

LOCK TABLES `training_definition_criteria` WRITE;
/*!40000 ALTER TABLE `training_definition_criteria` DISABLE KEYS */;
/*!40000 ALTER TABLE `training_definition_criteria` ENABLE KEYS */;
UNLOCK TABLES;
ALTER DATABASE `pharmacy_keeper` CHARACTER SET latin1 COLLATE latin1_general_ci ;
/*!50003 SET @saved_cs_client      = @@character_set_client */ ;
/*!50003 SET @saved_cs_results     = @@character_set_results */ ;
/*!50003 SET @saved_col_connection = @@collation_connection */ ;
/*!50003 SET character_set_client  = latin1 */ ;
/*!50003 SET character_set_results = latin1 */ ;
/*!50003 SET collation_connection  = latin1_general_ci */ ;
/*!50003 SET @saved_sql_mode       = @@sql_mode */ ;
/*!50003 SET sql_mode              = 'ONLY_FULL_GROUP_BY,STRICT_TRANS_TABLES,NO_ZERO_IN_DATE,NO_ZERO_DATE,ERROR_FOR_DIVISION_BY_ZERO,NO_ENGINE_SUBSTITUTION' */ ;
DELIMITER ;;
/*!50003 CREATE*/ /*!50017 DEFINER=`root`@`localhost`*/ /*!50003 TRIGGER training_definition_criteria_deletion
            BEFORE DELETE ON training_definition_criteria FOR EACH ROW
            BEGIN
            INSERT INTO deletion_trail (primary_record_id, secondary_record_id, table_name, account_id,  primary_id_name, secondary_id_name, deletion_time)
            select tdc.id, NULL, "training_definition_criteria", td.account_id, "id", NULL, NOW()
            from training_definition_criteria tdc,
            training_definition_section tds,
            training_definition td
            where tdc.id = OLD.id
            and tdc.training_definition_section_id = tds.id
            and tds.training_definition_id = td.id;
            END */;;
DELIMITER ;
/*!50003 SET sql_mode              = @saved_sql_mode */ ;
/*!50003 SET character_set_client  = @saved_cs_client */ ;
/*!50003 SET character_set_results = @saved_cs_results */ ;
/*!50003 SET collation_connection  = @saved_col_connection */ ;
ALTER DATABASE `pharmacy_keeper` CHARACTER SET latin1 COLLATE latin1_swedish_ci ;

--
-- Table structure for table `training_definition_external_content`
--

DROP TABLE IF EXISTS `training_definition_external_content`;
/*!40101 SET @saved_cs_client     = @@character_set_client */;
/*!40101 SET character_set_client = utf8 */;
CREATE TABLE `training_definition_external_content` (
  `training_definition_id` int(10) unsigned NOT NULL,
  `external_content_id` int(10) unsigned NOT NULL,
  KEY `idx_training_definition_id` (`training_definition_id`)
) ENGINE=InnoDB DEFAULT CHARSET=latin1;
/*!40101 SET character_set_client = @saved_cs_client */;

--
-- Dumping data for table `training_definition_external_content`
--

LOCK TABLES `training_definition_external_content` WRITE;
/*!40000 ALTER TABLE `training_definition_external_content` DISABLE KEYS */;
/*!40000 ALTER TABLE `training_definition_external_content` ENABLE KEYS */;
UNLOCK TABLES;

--
-- Table structure for table `training_definition_schedule`
--

DROP TABLE IF EXISTS `training_definition_schedule`;
/*!40101 SET @saved_cs_client     = @@character_set_client */;
/*!40101 SET character_set_client = utf8 */;
CREATE TABLE `training_definition_schedule` (
  `id` int(10) unsigned NOT NULL AUTO_INCREMENT,
  `account_id` int(10) unsigned NOT NULL,
  `training_definition_id` int(10) unsigned NOT NULL,
  `assigned_trainer_id` int(10) unsigned DEFAULT NULL,
  `assigned_manager_id` int(10) unsigned DEFAULT NULL,
  `frequency_type` enum('Fixed Timeframe','Relative','Ad-Hoc') DEFAULT NULL,
  `due_within_days` int(10) unsigned DEFAULT NULL,
  `start_date` datetime DEFAULT NULL,
  `end_date` datetime DEFAULT NULL,
  `active_fl` bit(1) NOT NULL DEFAULT b'1',
  `last_updated_by` int(10) unsigned DEFAULT NULL,
  `last_updated_time` datetime DEFAULT NULL,
  `created_by` int(10) unsigned DEFAULT NULL,
  `created_time` datetime DEFAULT NULL,
  `schedule_type` enum('Standard','Ad-Hoc') NOT NULL,
  `name` varchar(256) NOT NULL,
  `frequency_days` int(10) unsigned DEFAULT NULL,
  `frequency_months` int(10) unsigned DEFAULT NULL,
  `repeated_schedule_fl` bit(1) DEFAULT b'0',
  `use_new_scheduler` bit(1) NOT NULL DEFAULT b'0',
  PRIMARY KEY (`id`),
  KEY `idx_training_definition_id` (`training_definition_id`)
) ENGINE=InnoDB DEFAULT CHARSET=latin1;
/*!40101 SET character_set_client = @saved_cs_client */;

--
-- Dumping data for table `training_definition_schedule`
--

LOCK TABLES `training_definition_schedule` WRITE;
/*!40000 ALTER TABLE `training_definition_schedule` DISABLE KEYS */;
/*!40000 ALTER TABLE `training_definition_schedule` ENABLE KEYS */;
UNLOCK TABLES;

--
-- Table structure for table `training_definition_schedule_trainee`
--

DROP TABLE IF EXISTS `training_definition_schedule_trainee`;
/*!40101 SET @saved_cs_client     = @@character_set_client */;
/*!40101 SET character_set_client = utf8 */;
CREATE TABLE `training_definition_schedule_trainee` (
  `id` int(10) unsigned NOT NULL AUTO_INCREMENT,
  `training_definition_schedule_id` int(10) unsigned DEFAULT NULL,
  `trainee_id` int(10) unsigned NOT NULL,
  `assigned_trainer_id` int(10) unsigned DEFAULT NULL,
  `assigned_manager_id` int(10) unsigned DEFAULT NULL,
  `last_scheduled_start_date` datetime DEFAULT NULL,
  `last_scheduled_end_date` datetime DEFAULT NULL,
  PRIMARY KEY (`id`)
) ENGINE=InnoDB DEFAULT CHARSET=latin1;
/*!40101 SET character_set_client = @saved_cs_client */;

--
-- Dumping data for table `training_definition_schedule_trainee`
--

LOCK TABLES `training_definition_schedule_trainee` WRITE;
/*!40000 ALTER TABLE `training_definition_schedule_trainee` DISABLE KEYS */;
/*!40000 ALTER TABLE `training_definition_schedule_trainee` ENABLE KEYS */;
UNLOCK TABLES;

--
-- Table structure for table `training_definition_section`
--

DROP TABLE IF EXISTS `training_definition_section`;
/*!40101 SET @saved_cs_client     = @@character_set_client */;
/*!40101 SET character_set_client = utf8 */;
CREATE TABLE `training_definition_section` (
  `id` int(10) unsigned NOT NULL AUTO_INCREMENT,
  `training_definition_id` int(10) unsigned NOT NULL,
  `name` varchar(5000) DEFAULT NULL,
  `sort_order` int(10) unsigned NOT NULL,
  `last_updated_by` int(10) unsigned DEFAULT NULL,
  `last_updated_time` datetime DEFAULT NULL,
  `created_by` int(10) unsigned DEFAULT NULL,
  `created_time` datetime DEFAULT NULL,
  PRIMARY KEY (`id`),
  KEY `idx_training_definition_id` (`training_definition_id`)
) ENGINE=InnoDB DEFAULT CHARSET=latin1;
/*!40101 SET character_set_client = @saved_cs_client */;

--
-- Dumping data for table `training_definition_section`
--

LOCK TABLES `training_definition_section` WRITE;
/*!40000 ALTER TABLE `training_definition_section` DISABLE KEYS */;
/*!40000 ALTER TABLE `training_definition_section` ENABLE KEYS */;
UNLOCK TABLES;
ALTER DATABASE `pharmacy_keeper` CHARACTER SET latin1 COLLATE latin1_general_ci ;
/*!50003 SET @saved_cs_client      = @@character_set_client */ ;
/*!50003 SET @saved_cs_results     = @@character_set_results */ ;
/*!50003 SET @saved_col_connection = @@collation_connection */ ;
/*!50003 SET character_set_client  = latin1 */ ;
/*!50003 SET character_set_results = latin1 */ ;
/*!50003 SET collation_connection  = latin1_general_ci */ ;
/*!50003 SET @saved_sql_mode       = @@sql_mode */ ;
/*!50003 SET sql_mode              = 'ONLY_FULL_GROUP_BY,STRICT_TRANS_TABLES,NO_ZERO_IN_DATE,NO_ZERO_DATE,ERROR_FOR_DIVISION_BY_ZERO,NO_ENGINE_SUBSTITUTION' */ ;
DELIMITER ;;
/*!50003 CREATE*/ /*!50017 DEFINER=`root`@`localhost`*/ /*!50003 TRIGGER training_definition_section_deletion
            BEFORE DELETE ON training_definition_section FOR EACH ROW
            BEGIN
            INSERT INTO deletion_trail (primary_record_id, secondary_record_id, table_name, account_id,  primary_id_name, secondary_id_name, deletion_time)
            select tds.id, NULL, "training_definition_section", td.account_id, "id", NULL, NOW()
            from training_definition_section tds,
            training_definition td
            where tds.id = OLD.id
            and tds.training_definition_id = td.id;
            END */;;
DELIMITER ;
/*!50003 SET sql_mode              = @saved_sql_mode */ ;
/*!50003 SET character_set_client  = @saved_cs_client */ ;
/*!50003 SET character_set_results = @saved_cs_results */ ;
/*!50003 SET collation_connection  = @saved_col_connection */ ;
ALTER DATABASE `pharmacy_keeper` CHARACTER SET latin1 COLLATE latin1_swedish_ci ;

--
-- Table structure for table `training_group`
--

DROP TABLE IF EXISTS `training_group`;
/*!40101 SET @saved_cs_client     = @@character_set_client */;
/*!40101 SET character_set_client = utf8 */;
CREATE TABLE `training_group` (
  `id` int(10) unsigned NOT NULL AUTO_INCREMENT,
  `account_id` int(10) unsigned NOT NULL,
  `group_leader_id` int(10) unsigned NOT NULL,
  `name` varchar(200) NOT NULL,
  `active_fl` bit(1) NOT NULL DEFAULT b'1',
  `last_updated_by` int(10) unsigned DEFAULT NULL,
  `last_updated_time` datetime DEFAULT NULL,
  `created_by` int(10) unsigned DEFAULT NULL,
  `created_time` datetime DEFAULT NULL,
  PRIMARY KEY (`id`)
) ENGINE=InnoDB DEFAULT CHARSET=latin1;
/*!40101 SET character_set_client = @saved_cs_client */;

--
-- Dumping data for table `training_group`
--

LOCK TABLES `training_group` WRITE;
/*!40000 ALTER TABLE `training_group` DISABLE KEYS */;
/*!40000 ALTER TABLE `training_group` ENABLE KEYS */;
UNLOCK TABLES;
ALTER DATABASE `pharmacy_keeper` CHARACTER SET latin1 COLLATE latin1_general_ci ;
/*!50003 SET @saved_cs_client      = @@character_set_client */ ;
/*!50003 SET @saved_cs_results     = @@character_set_results */ ;
/*!50003 SET @saved_col_connection = @@collation_connection */ ;
/*!50003 SET character_set_client  = latin1 */ ;
/*!50003 SET character_set_results = latin1 */ ;
/*!50003 SET collation_connection  = latin1_general_ci */ ;
/*!50003 SET @saved_sql_mode       = @@sql_mode */ ;
/*!50003 SET sql_mode              = 'ONLY_FULL_GROUP_BY,STRICT_TRANS_TABLES,NO_ZERO_IN_DATE,NO_ZERO_DATE,ERROR_FOR_DIVISION_BY_ZERO,NO_ENGINE_SUBSTITUTION' */ ;
DELIMITER ;;
/*!50003 CREATE*/ /*!50017 DEFINER=`root`@`localhost`*/ /*!50003 TRIGGER training_group_deletion
            AFTER DELETE ON training_group FOR EACH ROW
            BEGIN
            INSERT INTO deletion_trail (primary_record_id, secondary_record_id, table_name, account_id,  primary_id_name, secondary_id_name, deletion_time)
            VALUES (OLD.id, NULL, "training_group", OLD.account_id, "id", NULL, NOW());
            END */;;
DELIMITER ;
/*!50003 SET sql_mode              = @saved_sql_mode */ ;
/*!50003 SET character_set_client  = @saved_cs_client */ ;
/*!50003 SET character_set_results = @saved_cs_results */ ;
/*!50003 SET collation_connection  = @saved_col_connection */ ;
ALTER DATABASE `pharmacy_keeper` CHARACTER SET latin1 COLLATE latin1_swedish_ci ;

--
-- Table structure for table `training_group_user`
--

DROP TABLE IF EXISTS `training_group_user`;
/*!40101 SET @saved_cs_client     = @@character_set_client */;
/*!40101 SET character_set_client = utf8 */;
CREATE TABLE `training_group_user` (
  `training_group_id` int(10) unsigned NOT NULL,
  `user_id` int(10) unsigned NOT NULL
) ENGINE=InnoDB DEFAULT CHARSET=latin1;
/*!40101 SET character_set_client = @saved_cs_client */;

--
-- Dumping data for table `training_group_user`
--

LOCK TABLES `training_group_user` WRITE;
/*!40000 ALTER TABLE `training_group_user` DISABLE KEYS */;
/*!40000 ALTER TABLE `training_group_user` ENABLE KEYS */;
UNLOCK TABLES;
ALTER DATABASE `pharmacy_keeper` CHARACTER SET latin1 COLLATE latin1_general_ci ;
/*!50003 SET @saved_cs_client      = @@character_set_client */ ;
/*!50003 SET @saved_cs_results     = @@character_set_results */ ;
/*!50003 SET @saved_col_connection = @@collation_connection */ ;
/*!50003 SET character_set_client  = latin1 */ ;
/*!50003 SET character_set_results = latin1 */ ;
/*!50003 SET collation_connection  = latin1_general_ci */ ;
/*!50003 SET @saved_sql_mode       = @@sql_mode */ ;
/*!50003 SET sql_mode              = 'ONLY_FULL_GROUP_BY,STRICT_TRANS_TABLES,NO_ZERO_IN_DATE,NO_ZERO_DATE,ERROR_FOR_DIVISION_BY_ZERO,NO_ENGINE_SUBSTITUTION' */ ;
DELIMITER ;;
/*!50003 CREATE*/ /*!50017 DEFINER=`root`@`localhost`*/ /*!50003 TRIGGER training_group_user_deletion
            BEFORE DELETE ON training_group_user FOR EACH ROW
            BEGIN
            INSERT INTO deletion_trail (primary_record_id, secondary_record_id, table_name, account_id,  primary_id_name, secondary_id_name, deletion_time)
            select tgu.training_group_id, tgu.user_id, "training_group_user", tg.account_id, "training_group_id", "user_id", NOW()
            from training_group_user tgu,
            training_group tg
            where tgu.training_group_id = OLD.training_group_id
            and tgu.user_id = OLD.user_id
            and tgu.training_group_id = tg.id;
            END */;;
DELIMITER ;
/*!50003 SET sql_mode              = @saved_sql_mode */ ;
/*!50003 SET character_set_client  = @saved_cs_client */ ;
/*!50003 SET character_set_results = @saved_cs_results */ ;
/*!50003 SET collation_connection  = @saved_col_connection */ ;
ALTER DATABASE `pharmacy_keeper` CHARACTER SET latin1 COLLATE latin1_swedish_ci ;

--
-- Table structure for table `tray`
--

DROP TABLE IF EXISTS `tray`;
/*!40101 SET @saved_cs_client     = @@character_set_client */;
/*!40101 SET character_set_client = utf8 */;
CREATE TABLE `tray` (
  `id` int(10) unsigned NOT NULL AUTO_INCREMENT,
  `account_id` int(10) unsigned NOT NULL,
  `tray_template_id` int(10) unsigned NOT NULL,
  `status` int(10) unsigned DEFAULT '1',
  `name` varchar(45) DEFAULT NULL,
  `description` varchar(45) DEFAULT NULL,
  `nickname` varchar(45) DEFAULT NULL,
  `location_id` int(10) unsigned DEFAULT NULL,
  `cart_id` int(10) unsigned DEFAULT NULL,
  `serialization` varchar(50) DEFAULT NULL,
  `expire` datetime DEFAULT NULL,
  `lock_id` varchar(45) DEFAULT NULL,
  `notes` longtext,
  `active` bit(1) NOT NULL DEFAULT b'1',
  `override` bit(1) DEFAULT NULL,
  `alerts` longtext,
  `last_updated` datetime DEFAULT NULL,
  `last_updated_by` int(10) unsigned DEFAULT NULL,
  `created_by` int(10) unsigned DEFAULT NULL,
  `created_time` datetime DEFAULT NULL,
  `always_on_cart` bit(1) NOT NULL DEFAULT b'0',
  `external_id` varchar(64) DEFAULT NULL,
  `use_smart_labels` bit(1) NOT NULL DEFAULT b'0',
  `count_start_time` datetime DEFAULT NULL,
  `count_end_time` datetime DEFAULT NULL,
  `fill_start_time` datetime DEFAULT NULL,
  `fill_end_time` datetime DEFAULT NULL,
  `approve_start_time` datetime DEFAULT NULL,
  `approve_end_time` datetime DEFAULT NULL,
  `use_pocket_labels` bit(1) NOT NULL DEFAULT b'0',
  `fill_step` enum('ScanCount','ScanFill','BillPatient') DEFAULT NULL,
  `use_smartpocket_fill` bit(1) NOT NULL DEFAULT b'0',
  `external_id_last_updated` datetime DEFAULT NULL,
  `on_hold` bit(1) NOT NULL DEFAULT b'0',
  PRIMARY KEY (`id`),
  KEY `fk_tray_lastUpdatedby` (`last_updated_by`),
  KEY `fk_tray_createdby` (`created_by`),
  KEY `idx_account_id` (`account_id`),
  KEY `idx_cart_id` (`cart_id`),
  CONSTRAINT `fk_tray_createdby` FOREIGN KEY (`created_by`) REFERENCES `users` (`id`),
  CONSTRAINT `fk_tray_lastUpdatedby` FOREIGN KEY (`last_updated_by`) REFERENCES `users` (`id`)
) ENGINE=InnoDB AUTO_INCREMENT=7 DEFAULT CHARSET=latin1;
/*!40101 SET character_set_client = @saved_cs_client */;

--
-- Dumping data for table `tray`
--

LOCK TABLES `tray` WRITE;
/*!40000 ALTER TABLE `tray` DISABLE KEYS */;
INSERT INTO `tray` VALUES (1,2,1,1,'Peds Sedation Tray 1','Peds Sedation Tray 1','Peds Sedation Tray 1 Nickname',2,NULL,'1001111','2012-09-22 22:01:05',NULL,NULL,_binary '',NULL,NULL,NULL,NULL,NULL,NULL,_binary '\0',NULL,_binary '\0',NULL,NULL,NULL,NULL,NULL,NULL,_binary '\0',NULL,_binary '\0',NULL,_binary '\0'),(2,2,1,1,'Peds Sedation Tray 2','Peds Sedation Tray 2','Peds Sedation Tray 2 Nickname',1,NULL,'1001122','2012-09-22 22:01:05','',NULL,_binary '',NULL,NULL,NULL,NULL,NULL,NULL,_binary '\0',NULL,_binary '\0',NULL,NULL,NULL,NULL,NULL,NULL,_binary '\0',NULL,_binary '\0',NULL,_binary '\0'),(3,2,1,1,'Peds Sedation Tray 3','Peds Sedation Tray 3','Peds Sedation Tray 3 Nickname',4,NULL,'1001133','2012-09-22 22:01:05',NULL,NULL,_binary '',NULL,NULL,NULL,NULL,NULL,NULL,_binary '\0',NULL,_binary '\0',NULL,NULL,NULL,NULL,NULL,NULL,_binary '\0',NULL,_binary '\0',NULL,_binary '\0'),(4,2,1,1,'Peds Sedation Tray 4','Peds Sedation Tray 4','Peds Sedation Tray 4 Nickname',1,NULL,'1001144','2012-09-22 22:01:05',NULL,NULL,_binary '',NULL,NULL,NULL,NULL,NULL,NULL,_binary '\0',NULL,_binary '\0',NULL,NULL,NULL,NULL,NULL,NULL,_binary '\0',NULL,_binary '\0',NULL,_binary '\0'),(5,2,1,1,'Pulmonary Research Tray 1','Pulmonary Research Tray 1','Pulmonary Research Tray 1 Nickname',1,NULL,'1002211','2012-09-22 22:01:06',NULL,NULL,_binary '',NULL,NULL,NULL,NULL,NULL,NULL,_binary '\0',NULL,_binary '\0',NULL,NULL,NULL,NULL,NULL,NULL,_binary '\0',NULL,_binary '\0',NULL,_binary '\0'),(6,2,1,1,'Pulmonary Research Tray 2','Pulmonary Research Tray 2','Pulmonary Research Tray 2 Nickname',3,1,'1002222','2012-03-31 22:01:06',NULL,NULL,_binary '',NULL,NULL,NULL,NULL,NULL,NULL,_binary '\0',NULL,_binary '\0',NULL,NULL,NULL,NULL,NULL,NULL,_binary '\0',NULL,_binary '\0',NULL,_binary '\0');
/*!40000 ALTER TABLE `tray` ENABLE KEYS */;
UNLOCK TABLES;
ALTER DATABASE `pharmacy_keeper` CHARACTER SET latin1 COLLATE latin1_general_ci ;
/*!50003 SET @saved_cs_client      = @@character_set_client */ ;
/*!50003 SET @saved_cs_results     = @@character_set_results */ ;
/*!50003 SET @saved_col_connection = @@collation_connection */ ;
/*!50003 SET character_set_client  = latin1 */ ;
/*!50003 SET character_set_results = latin1 */ ;
/*!50003 SET collation_connection  = latin1_general_ci */ ;
/*!50003 SET @saved_sql_mode       = @@sql_mode */ ;
/*!50003 SET sql_mode              = 'ONLY_FULL_GROUP_BY,STRICT_TRANS_TABLES,NO_ZERO_IN_DATE,NO_ZERO_DATE,ERROR_FOR_DIVISION_BY_ZERO,NO_ENGINE_SUBSTITUTION' */ ;
DELIMITER ;;
/*!50003 CREATE*/ /*!50017 DEFINER=`root`@`localhost`*/ /*!50003 TRIGGER tray_deletion
            AFTER DELETE ON tray FOR EACH ROW
            BEGIN
            INSERT INTO deletion_trail (primary_record_id, secondary_record_id, table_name, account_id,  primary_id_name, secondary_id_name, deletion_time)
            VALUES (OLD.id, NULL, "tray", OLD.account_id, "id", NULL, NOW());
            END */;;
DELIMITER ;
/*!50003 SET sql_mode              = @saved_sql_mode */ ;
/*!50003 SET character_set_client  = @saved_cs_client */ ;
/*!50003 SET character_set_results = @saved_cs_results */ ;
/*!50003 SET collation_connection  = @saved_col_connection */ ;
ALTER DATABASE `pharmacy_keeper` CHARACTER SET latin1 COLLATE latin1_swedish_ci ;

--
-- Table structure for table `tray_pocket`
--

DROP TABLE IF EXISTS `tray_pocket`;
/*!40101 SET @saved_cs_client     = @@character_set_client */;
/*!40101 SET character_set_client = utf8 */;
CREATE TABLE `tray_pocket` (
  `id` int(10) unsigned NOT NULL AUTO_INCREMENT,
  `tray_id` int(10) unsigned NOT NULL,
  `tray_template_item_id` int(10) unsigned NOT NULL,
  `item_dictionary_id` int(10) unsigned NOT NULL,
  `filled_item_id` int(10) unsigned DEFAULT NULL,
  `uuid` varchar(100) NOT NULL,
  `slot_number` varchar(255) DEFAULT NULL,
  `last_updated_by` int(10) unsigned DEFAULT NULL,
  `last_updated_time` datetime DEFAULT NULL,
  `created_by` int(10) unsigned DEFAULT NULL,
  `created_time` datetime DEFAULT NULL,
  `approved_by` int(10) unsigned DEFAULT NULL,
  `approved_time` datetime DEFAULT NULL,
  `active_fl` bit(1) NOT NULL DEFAULT b'1',
  PRIMARY KEY (`id`),
  KEY `fk_tray_pocket_lastUpdatedby` (`last_updated_by`),
  KEY `fk_tray_pocket_createdby` (`created_by`),
  KEY `fk_tray_pocket_approvedBy` (`approved_by`),
  KEY `fk_tray_pocket_tray` (`tray_id`),
  KEY `fk_tray_pocket_item_dictionary` (`item_dictionary_id`),
  KEY `fk_tray_pocket_filled_item` (`filled_item_id`),
  CONSTRAINT `fk_tray_pocket_approvedBy` FOREIGN KEY (`approved_by`) REFERENCES `users` (`id`),
  CONSTRAINT `fk_tray_pocket_createdby` FOREIGN KEY (`created_by`) REFERENCES `users` (`id`),
  CONSTRAINT `fk_tray_pocket_filled_item` FOREIGN KEY (`filled_item_id`) REFERENCES `items` (`id`),
  CONSTRAINT `fk_tray_pocket_item_dictionary` FOREIGN KEY (`item_dictionary_id`) REFERENCES `item_dictionary` (`id`),
  CONSTRAINT `fk_tray_pocket_lastUpdatedby` FOREIGN KEY (`last_updated_by`) REFERENCES `users` (`id`),
  CONSTRAINT `fk_tray_pocket_tray` FOREIGN KEY (`tray_id`) REFERENCES `tray` (`id`)
) ENGINE=InnoDB DEFAULT CHARSET=latin1;
/*!40101 SET character_set_client = @saved_cs_client */;

--
-- Dumping data for table `tray_pocket`
--

LOCK TABLES `tray_pocket` WRITE;
/*!40000 ALTER TABLE `tray_pocket` DISABLE KEYS */;
/*!40000 ALTER TABLE `tray_pocket` ENABLE KEYS */;
UNLOCK TABLES;
ALTER DATABASE `pharmacy_keeper` CHARACTER SET latin1 COLLATE latin1_general_ci ;
/*!50003 SET @saved_cs_client      = @@character_set_client */ ;
/*!50003 SET @saved_cs_results     = @@character_set_results */ ;
/*!50003 SET @saved_col_connection = @@collation_connection */ ;
/*!50003 SET character_set_client  = latin1 */ ;
/*!50003 SET character_set_results = latin1 */ ;
/*!50003 SET collation_connection  = latin1_general_ci */ ;
/*!50003 SET @saved_sql_mode       = @@sql_mode */ ;
/*!50003 SET sql_mode              = 'ONLY_FULL_GROUP_BY,STRICT_TRANS_TABLES,NO_ZERO_IN_DATE,NO_ZERO_DATE,ERROR_FOR_DIVISION_BY_ZERO,NO_ENGINE_SUBSTITUTION' */ ;
DELIMITER ;;
/*!50003 CREATE*/ /*!50017 DEFINER=`root`@`localhost`*/ /*!50003 TRIGGER tray_pocket_deletion
            BEFORE DELETE ON tray_pocket FOR EACH ROW
            BEGIN
            INSERT INTO deletion_trail (primary_record_id, secondary_record_id, table_name, account_id,  primary_id_name, secondary_id_name, deletion_time)
            select tp.id, NULL, "tray_pocket", tr.account_id, "id", NULL, NOW()
            from tray_pocket tp,
            tray tr
            where tp.id= OLD.id
            and tp.tray_id = tr.id;
            END */;;
DELIMITER ;
/*!50003 SET sql_mode              = @saved_sql_mode */ ;
/*!50003 SET character_set_client  = @saved_cs_client */ ;
/*!50003 SET character_set_results = @saved_cs_results */ ;
/*!50003 SET collation_connection  = @saved_col_connection */ ;
ALTER DATABASE `pharmacy_keeper` CHARACTER SET latin1 COLLATE latin1_swedish_ci ;

--
-- Table structure for table `tray_template_attachments`
--

DROP TABLE IF EXISTS `tray_template_attachments`;
/*!40101 SET @saved_cs_client     = @@character_set_client */;
/*!40101 SET character_set_client = utf8 */;
CREATE TABLE `tray_template_attachments` (
  `id` int(10) unsigned NOT NULL AUTO_INCREMENT,
  `tray_template_id` int(10) unsigned NOT NULL,
  `name` varchar(50) NOT NULL,
  `url` varchar(500) DEFAULT NULL,
  `original_file_name` varchar(500) DEFAULT NULL,
  `last_updated_by` int(10) unsigned DEFAULT NULL,
  `last_updated_time` datetime DEFAULT NULL,
  `created_by` int(10) unsigned DEFAULT NULL,
  `created_time` datetime DEFAULT NULL,
  `active_fl` bit(1) NOT NULL,
  PRIMARY KEY (`id`),
  KEY `fk_tray_template_attachments_lastUpdatedby` (`last_updated_by`),
  KEY `fk_tray_template_attachments_createdby` (`created_by`),
  CONSTRAINT `fk_tray_template_attachments_createdby` FOREIGN KEY (`created_by`) REFERENCES `users` (`id`),
  CONSTRAINT `fk_tray_template_attachments_lastUpdatedby` FOREIGN KEY (`last_updated_by`) REFERENCES `users` (`id`)
) ENGINE=InnoDB DEFAULT CHARSET=latin1;
/*!40101 SET character_set_client = @saved_cs_client */;

--
-- Dumping data for table `tray_template_attachments`
--

LOCK TABLES `tray_template_attachments` WRITE;
/*!40000 ALTER TABLE `tray_template_attachments` DISABLE KEYS */;
/*!40000 ALTER TABLE `tray_template_attachments` ENABLE KEYS */;
UNLOCK TABLES;

--
-- Table structure for table `tray_template_items`
--

DROP TABLE IF EXISTS `tray_template_items`;
/*!40101 SET @saved_cs_client     = @@character_set_client */;
/*!40101 SET character_set_client = utf8 */;
CREATE TABLE `tray_template_items` (
  `id` int(10) unsigned NOT NULL AUTO_INCREMENT,
  `tray_template_id` int(10) unsigned NOT NULL,
  `item_dictionary_id` int(10) unsigned NOT NULL,
  `comments` varchar(500) DEFAULT NULL,
  `active` bit(1) NOT NULL DEFAULT b'1',
  `sort_order` int(10) unsigned DEFAULT NULL,
  `no_fields_required_fl` bit(1) DEFAULT b'0',
  `last_updated_by` int(10) unsigned DEFAULT NULL,
  `last_updated_time` datetime DEFAULT NULL,
  `created_by` int(10) unsigned DEFAULT NULL,
  `created_time` datetime DEFAULT NULL,
  `slot_number` varchar(255) DEFAULT NULL,
  `pocket_group` varchar(255) DEFAULT NULL,
  PRIMARY KEY (`id`),
  KEY `fk_tray_template_item_lastUpdatedby` (`last_updated_by`),
  KEY `fk_tray_template_item_createdby` (`created_by`),
  CONSTRAINT `fk_tray_template_item_createdby` FOREIGN KEY (`created_by`) REFERENCES `users` (`id`),
  CONSTRAINT `fk_tray_template_item_lastUpdatedby` FOREIGN KEY (`last_updated_by`) REFERENCES `users` (`id`)
) ENGINE=InnoDB AUTO_INCREMENT=8 DEFAULT CHARSET=latin1;
/*!40101 SET character_set_client = @saved_cs_client */;

--
-- Dumping data for table `tray_template_items`
--

LOCK TABLES `tray_template_items` WRITE;
/*!40000 ALTER TABLE `tray_template_items` DISABLE KEYS */;
INSERT INTO `tray_template_items` VALUES (1,1,1,NULL,_binary '',NULL,NULL,NULL,NULL,NULL,NULL,NULL,NULL),(2,1,2,NULL,_binary '',NULL,NULL,NULL,NULL,NULL,NULL,NULL,NULL),(3,1,3,NULL,_binary '',NULL,NULL,NULL,NULL,NULL,NULL,NULL,NULL),(4,1,4,NULL,_binary '',NULL,NULL,NULL,NULL,NULL,NULL,NULL,NULL),(5,1,5,NULL,_binary '',NULL,NULL,NULL,NULL,NULL,NULL,NULL,NULL),(6,1,6,NULL,_binary '',NULL,NULL,NULL,NULL,NULL,NULL,NULL,NULL),(7,1,7,NULL,_binary '',NULL,NULL,NULL,NULL,NULL,NULL,NULL,NULL);
/*!40000 ALTER TABLE `tray_template_items` ENABLE KEYS */;
UNLOCK TABLES;
ALTER DATABASE `pharmacy_keeper` CHARACTER SET latin1 COLLATE latin1_general_ci ;
/*!50003 SET @saved_cs_client      = @@character_set_client */ ;
/*!50003 SET @saved_cs_results     = @@character_set_results */ ;
/*!50003 SET @saved_col_connection = @@collation_connection */ ;
/*!50003 SET character_set_client  = latin1 */ ;
/*!50003 SET character_set_results = latin1 */ ;
/*!50003 SET collation_connection  = latin1_general_ci */ ;
/*!50003 SET @saved_sql_mode       = @@sql_mode */ ;
/*!50003 SET sql_mode              = 'ONLY_FULL_GROUP_BY,STRICT_TRANS_TABLES,NO_ZERO_IN_DATE,NO_ZERO_DATE,ERROR_FOR_DIVISION_BY_ZERO,NO_ENGINE_SUBSTITUTION' */ ;
DELIMITER ;;
/*!50003 CREATE*/ /*!50017 DEFINER=`root`@`localhost`*/ /*!50003 TRIGGER tray_template_items_deletion
            BEFORE DELETE ON tray_template_items FOR EACH ROW
            BEGIN
            INSERT INTO deletion_trail (primary_record_id, secondary_record_id, table_name, account_id,  primary_id_name, secondary_id_name, deletion_time)
            select tti.id, NULL, "tray_template_items", tt.account_id, "id", NULL, NOW()
            from tray_template_items tti,
            tray_templates tt
            where tti.id= OLD.id
            and tti.tray_template_id = tt.id;
            END */;;
DELIMITER ;
/*!50003 SET sql_mode              = @saved_sql_mode */ ;
/*!50003 SET character_set_client  = @saved_cs_client */ ;
/*!50003 SET character_set_results = @saved_cs_results */ ;
/*!50003 SET collation_connection  = @saved_col_connection */ ;
ALTER DATABASE `pharmacy_keeper` CHARACTER SET latin1 COLLATE latin1_swedish_ci ;

--
-- Table structure for table `tray_templates`
--

DROP TABLE IF EXISTS `tray_templates`;
/*!40101 SET @saved_cs_client     = @@character_set_client */;
/*!40101 SET character_set_client = utf8 */;
CREATE TABLE `tray_templates` (
  `id` int(10) unsigned NOT NULL AUTO_INCREMENT,
  `account_id` int(10) unsigned NOT NULL,
  `name` varchar(100) DEFAULT NULL,
  `category_id` int(10) unsigned DEFAULT NULL,
  `active` bit(1) NOT NULL DEFAULT b'1',
  `last_updated_by` int(10) unsigned DEFAULT NULL,
  `last_updated_time` datetime DEFAULT NULL,
  `created_by` int(10) unsigned DEFAULT NULL,
  `created_time` datetime DEFAULT NULL,
  `num_security_questions` int(10) unsigned DEFAULT NULL,
  PRIMARY KEY (`id`),
  KEY `fk_tray_template_lastUpdatedby` (`last_updated_by`),
  KEY `fk_tray_template_createdby` (`created_by`),
  CONSTRAINT `fk_tray_template_createdby` FOREIGN KEY (`created_by`) REFERENCES `users` (`id`),
  CONSTRAINT `fk_tray_template_lastUpdatedby` FOREIGN KEY (`last_updated_by`) REFERENCES `users` (`id`)
) ENGINE=InnoDB AUTO_INCREMENT=2 DEFAULT CHARSET=latin1;
/*!40101 SET character_set_client = @saved_cs_client */;

--
-- Dumping data for table `tray_templates`
--

LOCK TABLES `tray_templates` WRITE;
/*!40000 ALTER TABLE `tray_templates` DISABLE KEYS */;
INSERT INTO `tray_templates` VALUES (1,2,'Test Tray Template 1',NULL,_binary '',NULL,NULL,NULL,NULL,NULL);
/*!40000 ALTER TABLE `tray_templates` ENABLE KEYS */;
UNLOCK TABLES;
ALTER DATABASE `pharmacy_keeper` CHARACTER SET latin1 COLLATE latin1_general_ci ;
/*!50003 SET @saved_cs_client      = @@character_set_client */ ;
/*!50003 SET @saved_cs_results     = @@character_set_results */ ;
/*!50003 SET @saved_col_connection = @@collation_connection */ ;
/*!50003 SET character_set_client  = latin1 */ ;
/*!50003 SET character_set_results = latin1 */ ;
/*!50003 SET collation_connection  = latin1_general_ci */ ;
/*!50003 SET @saved_sql_mode       = @@sql_mode */ ;
/*!50003 SET sql_mode              = 'ONLY_FULL_GROUP_BY,STRICT_TRANS_TABLES,NO_ZERO_IN_DATE,NO_ZERO_DATE,ERROR_FOR_DIVISION_BY_ZERO,NO_ENGINE_SUBSTITUTION' */ ;
DELIMITER ;;
/*!50003 CREATE*/ /*!50017 DEFINER=`root`@`localhost`*/ /*!50003 TRIGGER tray_templates_deletion
            AFTER DELETE ON tray_templates FOR EACH ROW
            BEGIN
            INSERT INTO deletion_trail (primary_record_id, secondary_record_id, table_name, account_id,  primary_id_name, secondary_id_name, deletion_time)
            VALUES (OLD.id, NULL, "tray_templates", OLD.account_id, "id", NULL, NOW());
            END */;;
DELIMITER ;
/*!50003 SET sql_mode              = @saved_sql_mode */ ;
/*!50003 SET character_set_client  = @saved_cs_client */ ;
/*!50003 SET character_set_results = @saved_cs_results */ ;
/*!50003 SET collation_connection  = @saved_col_connection */ ;
ALTER DATABASE `pharmacy_keeper` CHARACTER SET latin1 COLLATE latin1_swedish_ci ;

--
-- Table structure for table `trouble_ticket`
--

DROP TABLE IF EXISTS `trouble_ticket`;
/*!40101 SET @saved_cs_client     = @@character_set_client */;
/*!40101 SET character_set_client = utf8 */;
CREATE TABLE `trouble_ticket` (
  `id` int(10) unsigned NOT NULL AUTO_INCREMENT,
  `status` varchar(20) DEFAULT NULL,
  `date_opened` datetime DEFAULT NULL,
  `date_closed` datetime DEFAULT NULL,
  `confirmed_working` bit(1) DEFAULT b'0',
  `last_updated_by` int(10) unsigned DEFAULT NULL,
  `last_updated_time` datetime DEFAULT NULL,
  `created_by` int(10) unsigned DEFAULT NULL,
  `created_time` datetime DEFAULT NULL,
  PRIMARY KEY (`id`),
  KEY `fk_trouble_ticket_lastUpdatedby` (`last_updated_by`),
  KEY `fk_trouble_ticket_createdby` (`created_by`),
  CONSTRAINT `fk_trouble_ticket_createdby` FOREIGN KEY (`created_by`) REFERENCES `users` (`id`),
  CONSTRAINT `fk_trouble_ticket_lastUpdatedby` FOREIGN KEY (`last_updated_by`) REFERENCES `users` (`id`)
) ENGINE=InnoDB DEFAULT CHARSET=latin1;
/*!40101 SET character_set_client = @saved_cs_client */;

--
-- Dumping data for table `trouble_ticket`
--

LOCK TABLES `trouble_ticket` WRITE;
/*!40000 ALTER TABLE `trouble_ticket` DISABLE KEYS */;
/*!40000 ALTER TABLE `trouble_ticket` ENABLE KEYS */;
UNLOCK TABLES;
ALTER DATABASE `pharmacy_keeper` CHARACTER SET latin1 COLLATE latin1_general_ci ;
/*!50003 SET @saved_cs_client      = @@character_set_client */ ;
/*!50003 SET @saved_cs_results     = @@character_set_results */ ;
/*!50003 SET @saved_col_connection = @@collation_connection */ ;
/*!50003 SET character_set_client  = latin1 */ ;
/*!50003 SET character_set_results = latin1 */ ;
/*!50003 SET collation_connection  = latin1_general_ci */ ;
/*!50003 SET @saved_sql_mode       = @@sql_mode */ ;
/*!50003 SET sql_mode              = 'ONLY_FULL_GROUP_BY,STRICT_TRANS_TABLES,NO_ZERO_IN_DATE,NO_ZERO_DATE,ERROR_FOR_DIVISION_BY_ZERO,NO_ENGINE_SUBSTITUTION' */ ;
DELIMITER ;;
/*!50003 CREATE*/ /*!50017 DEFINER=`root`@`localhost`*/ /*!50003 TRIGGER trouble_ticket_deletion
            BEFORE DELETE ON trouble_ticket FOR EACH ROW
            BEGIN
            INSERT INTO deletion_trail (primary_record_id, secondary_record_id, table_name, account_id,  primary_id_name, secondary_id_name, deletion_time)
            select tt.id, NULL, "trouble_ticket", ad.account_id, "id", NULL, NOW()
            from trouble_ticket tt,
            activity_data ad
            where tt.id= OLD.id
            and ad.trouble_ticket_id = tt.id;
            END */;;
DELIMITER ;
/*!50003 SET sql_mode              = @saved_sql_mode */ ;
/*!50003 SET character_set_client  = @saved_cs_client */ ;
/*!50003 SET character_set_results = @saved_cs_results */ ;
/*!50003 SET collation_connection  = @saved_col_connection */ ;
ALTER DATABASE `pharmacy_keeper` CHARACTER SET latin1 COLLATE latin1_swedish_ci ;

--
-- Table structure for table `trouble_ticket_note`
--

DROP TABLE IF EXISTS `trouble_ticket_note`;
/*!40101 SET @saved_cs_client     = @@character_set_client */;
/*!40101 SET character_set_client = utf8 */;
CREATE TABLE `trouble_ticket_note` (
  `id` int(10) unsigned NOT NULL AUTO_INCREMENT,
  `trouble_ticket_id` int(10) unsigned DEFAULT NULL,
  `notes` longtext,
  `date_entered` datetime DEFAULT NULL,
  `recorded_by` int(10) unsigned DEFAULT NULL,
  `last_updated_by` int(10) unsigned DEFAULT NULL,
  `last_updated_time` datetime DEFAULT NULL,
  `created_by` int(10) unsigned DEFAULT NULL,
  `created_time` datetime DEFAULT NULL,
  PRIMARY KEY (`id`),
  KEY `FK853556FD6A9BC7CB` (`trouble_ticket_id`),
  KEY `fk_trouble_ticket_note_lastUpdatedby` (`last_updated_by`),
  KEY `fk_trouble_ticket_note_createdby` (`created_by`),
  CONSTRAINT `fk_trouble_ticket_note_createdby` FOREIGN KEY (`created_by`) REFERENCES `users` (`id`),
  CONSTRAINT `fk_trouble_ticket_note_lastUpdatedby` FOREIGN KEY (`last_updated_by`) REFERENCES `users` (`id`)
) ENGINE=InnoDB DEFAULT CHARSET=latin1;
/*!40101 SET character_set_client = @saved_cs_client */;

--
-- Dumping data for table `trouble_ticket_note`
--

LOCK TABLES `trouble_ticket_note` WRITE;
/*!40000 ALTER TABLE `trouble_ticket_note` DISABLE KEYS */;
/*!40000 ALTER TABLE `trouble_ticket_note` ENABLE KEYS */;
UNLOCK TABLES;
ALTER DATABASE `pharmacy_keeper` CHARACTER SET latin1 COLLATE latin1_general_ci ;
/*!50003 SET @saved_cs_client      = @@character_set_client */ ;
/*!50003 SET @saved_cs_results     = @@character_set_results */ ;
/*!50003 SET @saved_col_connection = @@collation_connection */ ;
/*!50003 SET character_set_client  = latin1 */ ;
/*!50003 SET character_set_results = latin1 */ ;
/*!50003 SET collation_connection  = latin1_general_ci */ ;
/*!50003 SET @saved_sql_mode       = @@sql_mode */ ;
/*!50003 SET sql_mode              = 'ONLY_FULL_GROUP_BY,STRICT_TRANS_TABLES,NO_ZERO_IN_DATE,NO_ZERO_DATE,ERROR_FOR_DIVISION_BY_ZERO,NO_ENGINE_SUBSTITUTION' */ ;
DELIMITER ;;
/*!50003 CREATE*/ /*!50017 DEFINER=`root`@`localhost`*/ /*!50003 TRIGGER trouble_ticket_note_deletion
            BEFORE DELETE ON trouble_ticket_note FOR EACH ROW
            BEGIN
            INSERT INTO deletion_trail (primary_record_id, secondary_record_id, table_name, account_id,  primary_id_name, secondary_id_name, deletion_time)
            select ttn.id, NULL, "trouble_ticket_note", ad.account_id, "id", NULL, NOW()
            from trouble_ticket_note ttn,
            trouble_ticket tt,
            activity_data ad
            where tt.id= OLD.id
            and ttn.trouble_ticket_id = tt.id
            and ad.trouble_ticket_id = tt.id;
            END */;;
DELIMITER ;
/*!50003 SET sql_mode              = @saved_sql_mode */ ;
/*!50003 SET character_set_client  = @saved_cs_client */ ;
/*!50003 SET character_set_results = @saved_cs_results */ ;
/*!50003 SET collation_connection  = @saved_col_connection */ ;
ALTER DATABASE `pharmacy_keeper` CHARACTER SET latin1 COLLATE latin1_swedish_ci ;

--
-- Table structure for table `user_admin_link`
--

DROP TABLE IF EXISTS `user_admin_link`;
/*!40101 SET @saved_cs_client     = @@character_set_client */;
/*!40101 SET character_set_client = utf8 */;
CREATE TABLE `user_admin_link` (
  `user_id` int(10) unsigned NOT NULL,
  `admin_link_id` int(10) unsigned NOT NULL,
  KEY `idx_user_id` (`user_id`)
) ENGINE=InnoDB DEFAULT CHARSET=latin1;
/*!40101 SET character_set_client = @saved_cs_client */;

--
-- Dumping data for table `user_admin_link`
--

LOCK TABLES `user_admin_link` WRITE;
/*!40000 ALTER TABLE `user_admin_link` DISABLE KEYS */;
INSERT INTO `user_admin_link` VALUES (4,35),(4,36),(4,37),(4,38),(4,39),(4,40),(4,41),(4,42),(4,43),(4,44),(1,30),(1,31),(1,32),(1,33),(1,34),(2,27),(2,28),(2,29),(2,60),(2,86);
/*!40000 ALTER TABLE `user_admin_link` ENABLE KEYS */;
UNLOCK TABLES;

--
-- Table structure for table `user_external_profile`
--

DROP TABLE IF EXISTS `user_external_profile`;
/*!40101 SET @saved_cs_client     = @@character_set_client */;
/*!40101 SET character_set_client = utf8 */;
CREATE TABLE `user_external_profile` (
  `id` int(10) unsigned NOT NULL AUTO_INCREMENT,
  `user_id` int(11) NOT NULL,
  `external_profile_id` int(11) NOT NULL,
  `created_time` datetime DEFAULT NULL,
  PRIMARY KEY (`id`)
) ENGINE=InnoDB DEFAULT CHARSET=latin1;
/*!40101 SET character_set_client = @saved_cs_client */;

--
-- Dumping data for table `user_external_profile`
--

LOCK TABLES `user_external_profile` WRITE;
/*!40000 ALTER TABLE `user_external_profile` DISABLE KEYS */;
/*!40000 ALTER TABLE `user_external_profile` ENABLE KEYS */;
UNLOCK TABLES;

--
-- Table structure for table `user_password_history`
--

DROP TABLE IF EXISTS `user_password_history`;
/*!40101 SET @saved_cs_client     = @@character_set_client */;
/*!40101 SET character_set_client = utf8 */;
CREATE TABLE `user_password_history` (
  `id` int(10) unsigned NOT NULL AUTO_INCREMENT,
  `password` varchar(60) DEFAULT NULL,
  `user_id` int(10) unsigned NOT NULL,
  `created_by` int(10) unsigned DEFAULT NULL,
  `created_time` datetime DEFAULT NULL,
  `last_updated_by` int(10) unsigned DEFAULT NULL,
  `last_updated_time` datetime DEFAULT NULL,
  PRIMARY KEY (`id`),
  KEY `fk_uph_user` (`user_id`),
  KEY `fk_uph_lastUpdated_by` (`last_updated_by`),
  KEY `fk_uph_created_by` (`created_by`),
  CONSTRAINT `fk_uph_created_by` FOREIGN KEY (`created_by`) REFERENCES `users` (`id`) ON DELETE NO ACTION ON UPDATE NO ACTION,
  CONSTRAINT `fk_uph_lastUpdated_by` FOREIGN KEY (`last_updated_by`) REFERENCES `users` (`id`) ON DELETE NO ACTION ON UPDATE NO ACTION,
  CONSTRAINT `fk_uph_user` FOREIGN KEY (`user_id`) REFERENCES `users` (`id`) ON DELETE NO ACTION ON UPDATE NO ACTION
) ENGINE=InnoDB DEFAULT CHARSET=latin1;
/*!40101 SET character_set_client = @saved_cs_client */;

--
-- Dumping data for table `user_password_history`
--

LOCK TABLES `user_password_history` WRITE;
/*!40000 ALTER TABLE `user_password_history` DISABLE KEYS */;
/*!40000 ALTER TABLE `user_password_history` ENABLE KEYS */;
UNLOCK TABLES;

--
-- Table structure for table `user_preferences`
--

DROP TABLE IF EXISTS `user_preferences`;
/*!40101 SET @saved_cs_client     = @@character_set_client */;
/*!40101 SET character_set_client = utf8 */;
CREATE TABLE `user_preferences` (
  `id` int(10) unsigned NOT NULL AUTO_INCREMENT,
  `user_id` int(10) unsigned NOT NULL,
  `module_id` int(10) unsigned DEFAULT NULL,
  `name` varchar(255) DEFAULT NULL,
  `value` varchar(100) DEFAULT NULL,
  PRIMARY KEY (`id`),
  UNIQUE KEY `idx_user_module_name` (`user_id`,`module_id`,`name`),
  KEY `idx_userId_name` (`user_id`,`name`)
) ENGINE=InnoDB DEFAULT CHARSET=latin1;
/*!40101 SET character_set_client = @saved_cs_client */;

--
-- Dumping data for table `user_preferences`
--

LOCK TABLES `user_preferences` WRITE;
/*!40000 ALTER TABLE `user_preferences` DISABLE KEYS */;
/*!40000 ALTER TABLE `user_preferences` ENABLE KEYS */;
UNLOCK TABLES;

--
-- Table structure for table `user_roles`
--

DROP TABLE IF EXISTS `user_roles`;
/*!40101 SET @saved_cs_client     = @@character_set_client */;
/*!40101 SET character_set_client = utf8 */;
CREATE TABLE `user_roles` (
  `user_id` int(10) unsigned NOT NULL,
  `role_id` int(10) unsigned NOT NULL,
  KEY `fk_user_role_role` (`role_id`),
  KEY `fk_user_role_user` (`user_id`),
  CONSTRAINT `fk_user_role_role` FOREIGN KEY (`role_id`) REFERENCES `roles` (`id`),
  CONSTRAINT `fk_user_role_user` FOREIGN KEY (`user_id`) REFERENCES `users` (`id`)
) ENGINE=InnoDB DEFAULT CHARSET=latin1;
/*!40101 SET character_set_client = @saved_cs_client */;

--
-- Dumping data for table `user_roles`
--

LOCK TABLES `user_roles` WRITE;
/*!40000 ALTER TABLE `user_roles` DISABLE KEYS */;
INSERT INTO `user_roles` VALUES (2,5),(1,4),(3,1),(4,3);
/*!40000 ALTER TABLE `user_roles` ENABLE KEYS */;
UNLOCK TABLES;
ALTER DATABASE `pharmacy_keeper` CHARACTER SET latin1 COLLATE latin1_general_ci ;
/*!50003 SET @saved_cs_client      = @@character_set_client */ ;
/*!50003 SET @saved_cs_results     = @@character_set_results */ ;
/*!50003 SET @saved_col_connection = @@collation_connection */ ;
/*!50003 SET character_set_client  = latin1 */ ;
/*!50003 SET character_set_results = latin1 */ ;
/*!50003 SET collation_connection  = latin1_general_ci */ ;
/*!50003 SET @saved_sql_mode       = @@sql_mode */ ;
/*!50003 SET sql_mode              = 'ONLY_FULL_GROUP_BY,STRICT_TRANS_TABLES,NO_ZERO_IN_DATE,NO_ZERO_DATE,ERROR_FOR_DIVISION_BY_ZERO,NO_ENGINE_SUBSTITUTION' */ ;
DELIMITER ;;
/*!50003 CREATE*/ /*!50017 DEFINER=`root`@`localhost`*/ /*!50003 TRIGGER user_roles_deletion
            BEFORE DELETE ON user_roles FOR EACH ROW
            BEGIN
            INSERT INTO deletion_trail (primary_record_id, secondary_record_id, table_name, account_id,  primary_id_name, secondary_id_name, deletion_time)
            select ur.user_id, ur.role_id, "user_roles", usr.account_id, "user_id", "role_id", NOW()
            from user_roles ur,
            users usr
            where ur.user_id = OLD.user_id
            and ur.role_id = OLD.role_id
            and ur.user_id = usr.id;
            END */;;
DELIMITER ;
/*!50003 SET sql_mode              = @saved_sql_mode */ ;
/*!50003 SET character_set_client  = @saved_cs_client */ ;
/*!50003 SET character_set_results = @saved_cs_results */ ;
/*!50003 SET collation_connection  = @saved_col_connection */ ;
ALTER DATABASE `pharmacy_keeper` CHARACTER SET latin1 COLLATE latin1_swedish_ci ;

--
-- Table structure for table `user_security_question`
--

DROP TABLE IF EXISTS `user_security_question`;
/*!40101 SET @saved_cs_client     = @@character_set_client */;
/*!40101 SET character_set_client = utf8 */;
CREATE TABLE `user_security_question` (
  `id` int(10) unsigned NOT NULL AUTO_INCREMENT,
  `user_id` int(10) unsigned NOT NULL,
  `security_question_id` int(10) unsigned NOT NULL,
  `answer` varchar(128) NOT NULL,
  `last_updated_by` int(10) unsigned DEFAULT NULL,
  `last_updated_time` datetime DEFAULT NULL,
  `created_by` int(10) unsigned DEFAULT NULL,
  `created_time` datetime DEFAULT NULL,
  PRIMARY KEY (`id`),
  KEY `fk_sec_question_user_sec_question` (`security_question_id`),
  CONSTRAINT `fk_sec_question_user_sec_question` FOREIGN KEY (`security_question_id`) REFERENCES `security_question` (`id`) ON DELETE NO ACTION ON UPDATE NO ACTION
) ENGINE=InnoDB DEFAULT CHARSET=latin1;
/*!40101 SET character_set_client = @saved_cs_client */;

--
-- Dumping data for table `user_security_question`
--

LOCK TABLES `user_security_question` WRITE;
/*!40000 ALTER TABLE `user_security_question` DISABLE KEYS */;
/*!40000 ALTER TABLE `user_security_question` ENABLE KEYS */;
UNLOCK TABLES;

--
-- Table structure for table `user_view`
--

DROP TABLE IF EXISTS `user_view`;
/*!40101 SET @saved_cs_client     = @@character_set_client */;
/*!40101 SET character_set_client = utf8 */;
CREATE TABLE `user_view` (
  `id` int(10) unsigned NOT NULL AUTO_INCREMENT,
  `user_id` int(10) unsigned NOT NULL,
  `view_id` int(10) unsigned NOT NULL,
  `module_id` int(10) unsigned NOT NULL,
  PRIMARY KEY (`id`),
  KEY `fk_uv_user` (`user_id`),
  KEY `fk_uv_view` (`view_id`),
  CONSTRAINT `fk_uv_user` FOREIGN KEY (`user_id`) REFERENCES `users` (`id`) ON DELETE NO ACTION ON UPDATE NO ACTION,
  CONSTRAINT `fk_uv_view` FOREIGN KEY (`view_id`) REFERENCES `views` (`id`) ON DELETE NO ACTION ON UPDATE NO ACTION
) ENGINE=InnoDB DEFAULT CHARSET=latin1;
/*!40101 SET character_set_client = @saved_cs_client */;

--
-- Dumping data for table `user_view`
--

LOCK TABLES `user_view` WRITE;
/*!40000 ALTER TABLE `user_view` DISABLE KEYS */;
/*!40000 ALTER TABLE `user_view` ENABLE KEYS */;
UNLOCK TABLES;

--
-- Table structure for table `user_view_notification`
--

DROP TABLE IF EXISTS `user_view_notification`;
/*!40101 SET @saved_cs_client     = @@character_set_client */;
/*!40101 SET character_set_client = utf8 */;
CREATE TABLE `user_view_notification` (
  `id` int(10) unsigned NOT NULL AUTO_INCREMENT,
  `user_id` int(10) unsigned NOT NULL,
  `view_id` int(10) unsigned NOT NULL,
  PRIMARY KEY (`id`)
) ENGINE=InnoDB DEFAULT CHARSET=latin1;
/*!40101 SET character_set_client = @saved_cs_client */;

--
-- Dumping data for table `user_view_notification`
--

LOCK TABLES `user_view_notification` WRITE;
/*!40000 ALTER TABLE `user_view_notification` DISABLE KEYS */;
/*!40000 ALTER TABLE `user_view_notification` ENABLE KEYS */;
UNLOCK TABLES;

--
-- Table structure for table `users`
--

DROP TABLE IF EXISTS `users`;
/*!40101 SET @saved_cs_client     = @@character_set_client */;
/*!40101 SET character_set_client = utf8 */;
CREATE TABLE `users` (
  `id` int(10) unsigned NOT NULL AUTO_INCREMENT,
  `account_id` int(10) unsigned NOT NULL,
  `username` varchar(45) NOT NULL,
  `first_name` varchar(45) NOT NULL,
  `last_name` varchar(45) NOT NULL,
  `client_id` varchar(45) DEFAULT NULL,
  `email` varchar(100) DEFAULT NULL,
  `password` varchar(60) DEFAULT NULL,
  `password_attempt_count` int(11) DEFAULT '0',
  `password_changed` datetime DEFAULT NULL,
  `creation` datetime DEFAULT NULL,
  `last_activity` datetime DEFAULT NULL,
  `status` bit(1) NOT NULL DEFAULT b'1',
  `locked_out` bit(1) NOT NULL DEFAULT b'0',
  `temp_password` varchar(45) DEFAULT NULL,
  `default_module_id` int(10) unsigned DEFAULT NULL,
  `last_updated_by` int(10) unsigned DEFAULT NULL,
  `last_updated_time` datetime DEFAULT NULL,
  `created_by` int(10) unsigned DEFAULT NULL,
  `created_time` datetime DEFAULT NULL,
  `security_question_answered` bit(1) NOT NULL DEFAULT b'0',
  `lockout_start_time` datetime DEFAULT NULL,
  `current_failed_attempt_count` int(10) unsigned DEFAULT '0',
  `view_patient_details` bit(1) NOT NULL DEFAULT b'1',
  `only_use_assigned_verification_views_fl` bit(1) DEFAULT NULL,
  `only_use_assigned_activities_views_fl` bit(1) DEFAULT NULL,
  `only_use_assigned_carts_views_fl` bit(1) DEFAULT NULL,
  `only_use_assigned_inspections_views_fl` bit(1) DEFAULT NULL,
  `only_use_assigned_training_views_fl` bit(1) DEFAULT NULL,
  `use_ldap_authentication` bit(1) DEFAULT b'0',
  `session_does_not_expire` bit(1) NOT NULL DEFAULT b'0',
  `only_use_assigned_tracking_views_fl` bit(1) DEFAULT NULL,
  `hide_system_message` bit(1) DEFAULT b'0',
  `allow_reset_schedule` bit(1) NOT NULL DEFAULT b'0',
  `badge_id` varchar(45) DEFAULT NULL,
  `dev_use_only_authenticated` bit(1) NOT NULL DEFAULT b'0',
  `last_login_time` datetime DEFAULT NULL,
  PRIMARY KEY (`id`),
  UNIQUE KEY `UniqueUser` (`account_id`,`username`),
  KEY `idx_users_account_id` (`account_id`),
  KEY `fk_pharmacy_keeper_user_lastUpdatedby` (`last_updated_by`),
  KEY `fk_pharmacy_keeper_user_createdby` (`created_by`),
  CONSTRAINT `fk_pharmacy_keeper_user_createdby` FOREIGN KEY (`created_by`) REFERENCES `users` (`id`),
  CONSTRAINT `fk_pharmacy_keeper_user_lastUpdatedby` FOREIGN KEY (`last_updated_by`) REFERENCES `users` (`id`)
) ENGINE=InnoDB AUTO_INCREMENT=5 DEFAULT CHARSET=latin1;
/*!40101 SET character_set_client = @saved_cs_client */;

--
-- Dumping data for table `users`
--

LOCK TABLES `users` WRITE;
/*!40000 ALTER TABLE `users` DISABLE KEYS */;
INSERT INTO `users` VALUES (1,1,'mks','Medkeeper','System','SYSTEM_USER','system@pharmacykeeper.com','55dddb68406e76e7e8a9dd955957b843',0,NULL,'2012-03-26 22:01:05',NULL,_binary '',_binary '\0',NULL,NULL,NULL,NULL,NULL,NULL,_binary '\0',NULL,0,_binary '',_binary '\0',_binary '\0',NULL,NULL,NULL,_binary '\0',_binary '\0',NULL,_binary '\0',_binary '\0',NULL,_binary '\0',NULL),(2,2,'admin','Admin','Admin','DEMO_ADMIN','admin@pharmacykeeper.com','21232f297a57a5a743894a0e4a801fc3',0,NULL,'2012-03-26 22:01:05',NULL,_binary '',_binary '\0',NULL,NULL,NULL,NULL,NULL,NULL,_binary '\0',NULL,0,_binary '',_binary '\0',_binary '\0',NULL,NULL,NULL,_binary '\0',_binary '\0',NULL,_binary '\0',_binary '\0',NULL,_binary '\0',NULL),(3,2,'tech','Joe','Tech','DEMO_TECH','tech@pharmacykeeper.com','d9f9133fb120cd6096870bc2b496805b',0,NULL,'2012-03-26 22:01:05',NULL,_binary '',_binary '\0',NULL,NULL,NULL,NULL,NULL,NULL,_binary '\0',NULL,0,_binary '',_binary '\0',_binary '\0',NULL,NULL,NULL,_binary '\0',_binary '\0',NULL,_binary '\0',_binary '\0',NULL,_binary '\0',NULL),(4,2,'rph','Mary','Pharmacist','DEMO_RPH','rph@pharmacykeeper.com','22e413b75110d0746f6cd3ad22042e1e',0,NULL,'2012-03-26 22:01:05',NULL,_binary '',_binary '\0',NULL,NULL,NULL,NULL,NULL,NULL,_binary '\0',NULL,0,_binary '',_binary '\0',_binary '\0',NULL,NULL,NULL,_binary '\0',_binary '\0',NULL,_binary '\0',_binary '\0',NULL,_binary '\0',NULL);
/*!40000 ALTER TABLE `users` ENABLE KEYS */;
UNLOCK TABLES;
ALTER DATABASE `pharmacy_keeper` CHARACTER SET latin1 COLLATE latin1_general_ci ;
/*!50003 SET @saved_cs_client      = @@character_set_client */ ;
/*!50003 SET @saved_cs_results     = @@character_set_results */ ;
/*!50003 SET @saved_col_connection = @@collation_connection */ ;
/*!50003 SET character_set_client  = latin1 */ ;
/*!50003 SET character_set_results = latin1 */ ;
/*!50003 SET collation_connection  = latin1_general_ci */ ;
/*!50003 SET @saved_sql_mode       = @@sql_mode */ ;
/*!50003 SET sql_mode              = 'ONLY_FULL_GROUP_BY,STRICT_TRANS_TABLES,NO_ZERO_IN_DATE,NO_ZERO_DATE,ERROR_FOR_DIVISION_BY_ZERO,NO_ENGINE_SUBSTITUTION' */ ;
DELIMITER ;;
/*!50003 CREATE*/ /*!50017 DEFINER=`root`@`localhost`*/ /*!50003 TRIGGER user_deletion
            AFTER DELETE ON users FOR EACH ROW
            BEGIN
            INSERT INTO deletion_trail (primary_record_id, secondary_record_id, table_name, account_id,  primary_id_name, secondary_id_name, deletion_time)
            VALUES (OLD.id, NULL, "users", OLD.account_id, "id", NULL, NOW());
            END */;;
DELIMITER ;
/*!50003 SET sql_mode              = @saved_sql_mode */ ;
/*!50003 SET character_set_client  = @saved_cs_client */ ;
/*!50003 SET character_set_results = @saved_cs_results */ ;
/*!50003 SET collation_connection  = @saved_col_connection */ ;
ALTER DATABASE `pharmacy_keeper` CHARACTER SET latin1 COLLATE latin1_swedish_ci ;

--
-- Table structure for table `verification_history`
--

DROP TABLE IF EXISTS `verification_history`;
/*!40101 SET @saved_cs_client     = @@character_set_client */;
/*!40101 SET character_set_client = utf8 */;
CREATE TABLE `verification_history` (
  `id` int(10) unsigned NOT NULL AUTO_INCREMENT,
  `user_id` int(10) unsigned DEFAULT NULL,
  `compound_id` int(10) unsigned NOT NULL,
  `status` varchar(120) DEFAULT NULL,
  `updated_by_first_name` varchar(45) NOT NULL,
  `updated_by_last_name` varchar(45) NOT NULL,
  `updated_time` datetime NOT NULL,
  `location` varchar(100) DEFAULT NULL,
  `notes` longtext,
  `workflow_step_page_type` varchar(25) DEFAULT NULL,
  `status_type` varchar(25) DEFAULT NULL,
  `compound_type` varchar(10) DEFAULT NULL,
  `drug` varchar(2048) DEFAULT NULL,
  `info` longtext,
  `reject_reason` varchar(255) DEFAULT NULL,
  `reject_note` varchar(512) DEFAULT NULL,
  `info_encrypted` longtext,
  `already_encrypted` bit(1) DEFAULT b'0',
  `amount_waste_reason` varchar(255) DEFAULT NULL,
  `amount_waste_note` varchar(512) DEFAULT NULL,
  `return_reason` varchar(255) DEFAULT NULL,
  `return_note` varchar(512) DEFAULT NULL,
  PRIMARY KEY (`id`),
  KEY `idx_verification_history_compound_id` (`compound_id`),
  KEY `status_idx` (`status`),
  KEY `already_encrypted_idx` (`already_encrypted`)
) ENGINE=InnoDB DEFAULT CHARSET=latin1;
/*!40101 SET character_set_client = @saved_cs_client */;

--
-- Dumping data for table `verification_history`
--

LOCK TABLES `verification_history` WRITE;
/*!40000 ALTER TABLE `verification_history` DISABLE KEYS */;
/*!40000 ALTER TABLE `verification_history` ENABLE KEYS */;
UNLOCK TABLES;
ALTER DATABASE `pharmacy_keeper` CHARACTER SET latin1 COLLATE latin1_general_ci ;
/*!50003 SET @saved_cs_client      = @@character_set_client */ ;
/*!50003 SET @saved_cs_results     = @@character_set_results */ ;
/*!50003 SET @saved_col_connection = @@collation_connection */ ;
/*!50003 SET character_set_client  = latin1 */ ;
/*!50003 SET character_set_results = latin1 */ ;
/*!50003 SET collation_connection  = latin1_general_ci */ ;
/*!50003 SET @saved_sql_mode       = @@sql_mode */ ;
/*!50003 SET sql_mode              = 'ONLY_FULL_GROUP_BY,STRICT_TRANS_TABLES,NO_ZERO_IN_DATE,NO_ZERO_DATE,ERROR_FOR_DIVISION_BY_ZERO,NO_ENGINE_SUBSTITUTION' */ ;
DELIMITER ;;
/*!50003 CREATE*/ /*!50017 DEFINER=`root`@`localhost`*/ /*!50003 TRIGGER verification_history_deletion
            BEFORE DELETE ON verification_history FOR EACH ROW
            BEGIN
            INSERT INTO deletion_trail (primary_record_id, secondary_record_id, table_name, account_id,  primary_id_name, secondary_id_name, deletion_time)
            select vh.id, NULL, "verification_history", cmpd.account_id, "id", NULL, NOW()
            from verification_history vh,
            compounds cmpd
            where vh.id = OLD.id
            and vh.compound_id = cmpd.id;
            END */;;
DELIMITER ;
/*!50003 SET sql_mode              = @saved_sql_mode */ ;
/*!50003 SET character_set_client  = @saved_cs_client */ ;
/*!50003 SET character_set_results = @saved_cs_results */ ;
/*!50003 SET collation_connection  = @saved_col_connection */ ;
ALTER DATABASE `pharmacy_keeper` CHARACTER SET latin1 COLLATE latin1_swedish_ci ;

--
-- Table structure for table `verification_image_note`
--

DROP TABLE IF EXISTS `verification_image_note`;
/*!40101 SET @saved_cs_client     = @@character_set_client */;
/*!40101 SET character_set_client = utf8 */;
CREATE TABLE `verification_image_note` (
  `id` int(10) unsigned NOT NULL AUTO_INCREMENT,
  `verification_image_id` int(10) unsigned NOT NULL,
  `compound_id` int(10) unsigned NOT NULL,
  `note` varchar(4000) NOT NULL,
  `created_by_name` varchar(100) DEFAULT NULL,
  `created_by` int(10) unsigned DEFAULT NULL,
  `created_time` datetime DEFAULT NULL,
  PRIMARY KEY (`id`),
  KEY `idx_verification_image_note_compound_id` (`compound_id`),
  KEY `idx_verification_image_note_verification_image_id` (`verification_image_id`)
) ENGINE=InnoDB DEFAULT CHARSET=latin1;
/*!40101 SET character_set_client = @saved_cs_client */;

--
-- Dumping data for table `verification_image_note`
--

LOCK TABLES `verification_image_note` WRITE;
/*!40000 ALTER TABLE `verification_image_note` DISABLE KEYS */;
/*!40000 ALTER TABLE `verification_image_note` ENABLE KEYS */;
UNLOCK TABLES;

--
-- Table structure for table `verification_images`
--

DROP TABLE IF EXISTS `verification_images`;
/*!40101 SET @saved_cs_client     = @@character_set_client */;
/*!40101 SET character_set_client = utf8 */;
CREATE TABLE `verification_images` (
  `id` int(10) unsigned NOT NULL AUTO_INCREMENT,
  `compound_id` int(10) unsigned NOT NULL,
  `expiration_date` datetime DEFAULT NULL,
  `original_image_url` varchar(2000) DEFAULT NULL,
  `medium_image_url` varchar(2000) DEFAULT NULL,
  `thumbnail_image_url` varchar(2000) DEFAULT NULL,
  `original_file_name` varchar(255) DEFAULT NULL,
  `medium_file_name` varchar(255) DEFAULT NULL,
  `thumbnail_file_name` varchar(255) DEFAULT NULL,
  `saved` bit(1) NOT NULL DEFAULT b'1',
  `deleted` bit(1) NOT NULL DEFAULT b'0',
  `rejected_time` datetime DEFAULT NULL,
  `rejected_by_first_name` varchar(255) DEFAULT NULL,
  `rejected_by_last_name` varchar(255) DEFAULT NULL,
  `from_volumetrics_fl` bit(1) NOT NULL DEFAULT b'0',
  `directory` varchar(100) DEFAULT NULL,
  `gravimetric_step_number` int(10) unsigned DEFAULT NULL,
  `created_time` datetime DEFAULT NULL,
  PRIMARY KEY (`id`),
  KEY `idx_verification_images_compound_id` (`compound_id`)
) ENGINE=InnoDB AUTO_INCREMENT=61 DEFAULT CHARSET=latin1;
/*!40101 SET character_set_client = @saved_cs_client */;

--
-- Dumping data for table `verification_images`
--

LOCK TABLES `verification_images` WRITE;
/*!40000 ALTER TABLE `verification_images` DISABLE KEYS */;
INSERT INTO `verification_images` VALUES (3,1,NULL,'https://s3.amazonaws.com/pharmacykeeper_verification/account_2/compound_1_image_3.jpg','https://s3.amazonaws.com/pharmacykeeper_verification/account_2/compound_1_image_3_medium.jpg','https://s3.amazonaws.com/pharmacykeeper_verification/account_2/compound_1_image_3_thumb.jpg','compound_1_image_3.jpg','compound_1_image_3_medium.jpg','compound_1_image_3_thumb.jpg',_binary '',_binary '\0',NULL,NULL,NULL,_binary '\0',NULL,NULL,NULL),(4,1,NULL,'https://s3.amazonaws.com/pharmacykeeper_verification/account_2/compound_1_image_4.jpg','https://s3.amazonaws.com/pharmacykeeper_verification/account_2/compound_1_image_4_medium.jpg','https://s3.amazonaws.com/pharmacykeeper_verification/account_2/compound_1_image_4_thumb.jpg','compound_1_image_4.jpg','compound_1_image_4_medium.jpg','compound_1_image_4_thumb.jpg',_binary '',_binary '\0',NULL,NULL,NULL,_binary '\0',NULL,NULL,NULL),(5,1,NULL,'https://s3.amazonaws.com/pharmacykeeper_verification/account_2/compound_1_image_5.jpg','https://s3.amazonaws.com/pharmacykeeper_verification/account_2/compound_1_image_5_medium.jpg','https://s3.amazonaws.com/pharmacykeeper_verification/account_2/compound_1_image_5_thumb.jpg','compound_1_image_5.jpg','compound_1_image_5_medium.jpg','compound_1_image_5_thumb.jpg',_binary '',_binary '\0',NULL,NULL,NULL,_binary '\0',NULL,NULL,NULL),(6,1,NULL,'https://s3.amazonaws.com/pharmacykeeper_verification/account_2/compound_1_image_6.jpg','https://s3.amazonaws.com/pharmacykeeper_verification/account_2/compound_1_image_6_medium.jpg','https://s3.amazonaws.com/pharmacykeeper_verification/account_2/compound_1_image_6_thumb.jpg','compound_1_image_6.jpg','compound_1_image_6_medium.jpg','compound_1_image_6_thumb.jpg',_binary '',_binary '\0',NULL,NULL,NULL,_binary '\0',NULL,NULL,NULL),(9,2,NULL,'https://s3.amazonaws.com/pharmacykeeper_verification/account_2/compound_2_image_3.jpg','https://s3.amazonaws.com/pharmacykeeper_verification/account_2/compound_2_image_3_medium.jpg','https://s3.amazonaws.com/pharmacykeeper_verification/account_2/compound_2_image_3_thumb.jpg','compound_2_image_3.jpg','compound_2_image_3_medium.jpg','compound_2_image_3_thumb.jpg',_binary '',_binary '\0',NULL,NULL,NULL,_binary '\0',NULL,NULL,NULL),(10,2,NULL,'https://s3.amazonaws.com/pharmacykeeper_verification/account_2/compound_2_image_4.jpg','https://s3.amazonaws.com/pharmacykeeper_verification/account_2/compound_2_image_4_medium.jpg','https://s3.amazonaws.com/pharmacykeeper_verification/account_2/compound_2_image_4_thumb.jpg','compound_2_image_4.jpg','compound_2_image_4_medium.jpg','compound_2_image_4_thumb.jpg',_binary '',_binary '\0',NULL,NULL,NULL,_binary '\0',NULL,NULL,NULL),(11,2,NULL,'https://s3.amazonaws.com/pharmacykeeper_verification/account_2/compound_2_image_5.jpg','https://s3.amazonaws.com/pharmacykeeper_verification/account_2/compound_2_image_5_medium.jpg','https://s3.amazonaws.com/pharmacykeeper_verification/account_2/compound_2_image_5_thumb.jpg','compound_2_image_5.jpg','compound_2_image_5_medium.jpg','compound_2_image_5_thumb.jpg',_binary '',_binary '\0',NULL,NULL,NULL,_binary '\0',NULL,NULL,NULL),(12,2,NULL,'https://s3.amazonaws.com/pharmacykeeper_verification/account_2/compound_2_image_6.jpg','https://s3.amazonaws.com/pharmacykeeper_verification/account_2/compound_2_image_6_medium.jpg','https://s3.amazonaws.com/pharmacykeeper_verification/account_2/compound_2_image_6_thumb.jpg','compound_2_image_6.jpg','compound_2_image_6_medium.jpg','compound_2_image_6_thumb.jpg',_binary '',_binary '\0',NULL,NULL,NULL,_binary '\0',NULL,NULL,NULL),(15,3,NULL,'https://s3.amazonaws.com/pharmacykeeper_verification/account_2/compound_2_image_3.jpg','https://s3.amazonaws.com/pharmacykeeper_verification/account_2/compound_2_image_3_medium.jpg','https://s3.amazonaws.com/pharmacykeeper_verification/account_2/compound_2_image_3_thumb.jpg','compound_2_image_3.jpg','compound_2_image_3_medium.jpg','compound_2_image_3_thumb.jpg',_binary '',_binary '\0',NULL,NULL,NULL,_binary '\0',NULL,NULL,NULL),(16,3,NULL,'https://s3.amazonaws.com/pharmacykeeper_verification/account_2/compound_2_image_4.jpg','https://s3.amazonaws.com/pharmacykeeper_verification/account_2/compound_2_image_4_medium.jpg','https://s3.amazonaws.com/pharmacykeeper_verification/account_2/compound_2_image_4_thumb.jpg','compound_2_image_4.jpg','compound_2_image_4_medium.jpg','compound_2_image_4_thumb.jpg',_binary '',_binary '\0',NULL,NULL,NULL,_binary '\0',NULL,NULL,NULL),(17,3,NULL,'https://s3.amazonaws.com/pharmacykeeper_verification/account_2/compound_2_image_5.jpg','https://s3.amazonaws.com/pharmacykeeper_verification/account_2/compound_2_image_5_medium.jpg','https://s3.amazonaws.com/pharmacykeeper_verification/account_2/compound_2_image_5_thumb.jpg','compound_2_image_5.jpg','compound_2_image_5_medium.jpg','compound_2_image_5_thumb.jpg',_binary '',_binary '\0',NULL,NULL,NULL,_binary '\0',NULL,NULL,NULL),(18,3,NULL,'https://s3.amazonaws.com/pharmacykeeper_verification/account_2/compound_2_image_6.jpg','https://s3.amazonaws.com/pharmacykeeper_verification/account_2/compound_2_image_6_medium.jpg','https://s3.amazonaws.com/pharmacykeeper_verification/account_2/compound_2_image_6_thumb.jpg','compound_2_image_6.jpg','compound_2_image_6_medium.jpg','compound_2_image_6_thumb.jpg',_binary '',_binary '\0',NULL,NULL,NULL,_binary '\0',NULL,NULL,NULL),(21,4,NULL,'https://s3.amazonaws.com/pharmacykeeper_verification/account_2/compound_2_image_3.jpg','https://s3.amazonaws.com/pharmacykeeper_verification/account_2/compound_2_image_3_medium.jpg','https://s3.amazonaws.com/pharmacykeeper_verification/account_2/compound_2_image_3_thumb.jpg','compound_2_image_3.jpg','compound_2_image_3_medium.jpg','compound_2_image_3_thumb.jpg',_binary '',_binary '\0',NULL,NULL,NULL,_binary '\0',NULL,NULL,NULL),(22,4,NULL,'https://s3.amazonaws.com/pharmacykeeper_verification/account_2/compound_2_image_4.jpg','https://s3.amazonaws.com/pharmacykeeper_verification/account_2/compound_2_image_4_medium.jpg','https://s3.amazonaws.com/pharmacykeeper_verification/account_2/compound_2_image_4_thumb.jpg','compound_2_image_4.jpg','compound_2_image_4_medium.jpg','compound_2_image_4_thumb.jpg',_binary '',_binary '\0',NULL,NULL,NULL,_binary '\0',NULL,NULL,NULL),(23,4,NULL,'https://s3.amazonaws.com/pharmacykeeper_verification/account_2/compound_2_image_5.jpg','https://s3.amazonaws.com/pharmacykeeper_verification/account_2/compound_2_image_5_medium.jpg','https://s3.amazonaws.com/pharmacykeeper_verification/account_2/compound_2_image_5_thumb.jpg','compound_2_image_5.jpg','compound_2_image_5_medium.jpg','compound_2_image_5_thumb.jpg',_binary '',_binary '\0',NULL,NULL,NULL,_binary '\0',NULL,NULL,NULL),(24,4,NULL,'https://s3.amazonaws.com/pharmacykeeper_verification/account_2/compound_2_image_6.jpg','https://s3.amazonaws.com/pharmacykeeper_verification/account_2/compound_2_image_6_medium.jpg','https://s3.amazonaws.com/pharmacykeeper_verification/account_2/compound_2_image_6_thumb.jpg','compound_2_image_6.jpg','compound_2_image_6_medium.jpg','compound_2_image_6_thumb.jpg',_binary '',_binary '\0',NULL,NULL,NULL,_binary '\0',NULL,NULL,NULL),(27,5,NULL,'https://s3.amazonaws.com/pharmacykeeper_verification/account_2/compound_2_image_3.jpg','https://s3.amazonaws.com/pharmacykeeper_verification/account_2/compound_2_image_3_medium.jpg','https://s3.amazonaws.com/pharmacykeeper_verification/account_2/compound_2_image_3_thumb.jpg','compound_2_image_3.jpg','compound_2_image_3_medium.jpg','compound_2_image_3_thumb.jpg',_binary '',_binary '\0',NULL,NULL,NULL,_binary '\0',NULL,NULL,NULL),(28,5,NULL,'https://s3.amazonaws.com/pharmacykeeper_verification/account_2/compound_2_image_4.jpg','https://s3.amazonaws.com/pharmacykeeper_verification/account_2/compound_2_image_4_medium.jpg','https://s3.amazonaws.com/pharmacykeeper_verification/account_2/compound_2_image_4_thumb.jpg','compound_2_image_4.jpg','compound_2_image_4_medium.jpg','compound_2_image_4_thumb.jpg',_binary '',_binary '\0',NULL,NULL,NULL,_binary '\0',NULL,NULL,NULL),(29,5,NULL,'https://s3.amazonaws.com/pharmacykeeper_verification/account_2/compound_2_image_5.jpg','https://s3.amazonaws.com/pharmacykeeper_verification/account_2/compound_2_image_5_medium.jpg','https://s3.amazonaws.com/pharmacykeeper_verification/account_2/compound_2_image_5_thumb.jpg','compound_2_image_5.jpg','compound_2_image_5_medium.jpg','compound_2_image_5_thumb.jpg',_binary '',_binary '\0',NULL,NULL,NULL,_binary '\0',NULL,NULL,NULL),(30,5,NULL,'https://s3.amazonaws.com/pharmacykeeper_verification/account_2/compound_2_image_6.jpg','https://s3.amazonaws.com/pharmacykeeper_verification/account_2/compound_2_image_6_medium.jpg','https://s3.amazonaws.com/pharmacykeeper_verification/account_2/compound_2_image_6_thumb.jpg','compound_2_image_6.jpg','compound_2_image_6_medium.jpg','compound_2_image_6_thumb.jpg',_binary '',_binary '\0',NULL,NULL,NULL,_binary '\0',NULL,NULL,NULL),(33,6,NULL,'https://s3.amazonaws.com/pharmacykeeper_verification/account_2/compound_2_image_3.jpg','https://s3.amazonaws.com/pharmacykeeper_verification/account_2/compound_2_image_3_medium.jpg','https://s3.amazonaws.com/pharmacykeeper_verification/account_2/compound_2_image_3_thumb.jpg','compound_2_image_3.jpg','compound_2_image_3_medium.jpg','compound_2_image_3_thumb.jpg',_binary '',_binary '\0',NULL,NULL,NULL,_binary '\0',NULL,NULL,NULL),(34,6,NULL,'https://s3.amazonaws.com/pharmacykeeper_verification/account_2/compound_2_image_4.jpg','https://s3.amazonaws.com/pharmacykeeper_verification/account_2/compound_2_image_4_medium.jpg','https://s3.amazonaws.com/pharmacykeeper_verification/account_2/compound_2_image_4_thumb.jpg','compound_2_image_4.jpg','compound_2_image_4_medium.jpg','compound_2_image_4_thumb.jpg',_binary '',_binary '\0',NULL,NULL,NULL,_binary '\0',NULL,NULL,NULL),(35,6,NULL,'https://s3.amazonaws.com/pharmacykeeper_verification/account_2/compound_2_image_5.jpg','https://s3.amazonaws.com/pharmacykeeper_verification/account_2/compound_2_image_5_medium.jpg','https://s3.amazonaws.com/pharmacykeeper_verification/account_2/compound_2_image_5_thumb.jpg','compound_2_image_5.jpg','compound_2_image_5_medium.jpg','compound_2_image_5_thumb.jpg',_binary '',_binary '\0',NULL,NULL,NULL,_binary '\0',NULL,NULL,NULL),(36,6,NULL,'https://s3.amazonaws.com/pharmacykeeper_verification/account_2/compound_2_image_6.jpg','https://s3.amazonaws.com/pharmacykeeper_verification/account_2/compound_2_image_6_medium.jpg','https://s3.amazonaws.com/pharmacykeeper_verification/account_2/compound_2_image_6_thumb.jpg','compound_2_image_6.jpg','compound_2_image_6_medium.jpg','compound_2_image_6_thumb.jpg',_binary '',_binary '\0',NULL,NULL,NULL,_binary '\0',NULL,NULL,NULL),(39,7,NULL,'https://s3.amazonaws.com/pharmacykeeper_verification/account_2/compound_2_image_3.jpg','https://s3.amazonaws.com/pharmacykeeper_verification/account_2/compound_2_image_3_medium.jpg','https://s3.amazonaws.com/pharmacykeeper_verification/account_2/compound_2_image_3_thumb.jpg','compound_2_image_3.jpg','compound_2_image_3_medium.jpg','compound_2_image_3_thumb.jpg',_binary '',_binary '\0',NULL,NULL,NULL,_binary '\0',NULL,NULL,NULL),(40,7,NULL,'https://s3.amazonaws.com/pharmacykeeper_verification/account_2/compound_2_image_4.jpg','https://s3.amazonaws.com/pharmacykeeper_verification/account_2/compound_2_image_4_medium.jpg','https://s3.amazonaws.com/pharmacykeeper_verification/account_2/compound_2_image_4_thumb.jpg','compound_2_image_4.jpg','compound_2_image_4_medium.jpg','compound_2_image_4_thumb.jpg',_binary '',_binary '\0',NULL,NULL,NULL,_binary '\0',NULL,NULL,NULL),(41,7,NULL,'https://s3.amazonaws.com/pharmacykeeper_verification/account_2/compound_2_image_5.jpg','https://s3.amazonaws.com/pharmacykeeper_verification/account_2/compound_2_image_5_medium.jpg','https://s3.amazonaws.com/pharmacykeeper_verification/account_2/compound_2_image_5_thumb.jpg','compound_2_image_5.jpg','compound_2_image_5_medium.jpg','compound_2_image_5_thumb.jpg',_binary '',_binary '\0',NULL,NULL,NULL,_binary '\0',NULL,NULL,NULL),(42,7,NULL,'https://s3.amazonaws.com/pharmacykeeper_verification/account_2/compound_2_image_6.jpg','https://s3.amazonaws.com/pharmacykeeper_verification/account_2/compound_2_image_6_medium.jpg','https://s3.amazonaws.com/pharmacykeeper_verification/account_2/compound_2_image_6_thumb.jpg','compound_2_image_6.jpg','compound_2_image_6_medium.jpg','compound_2_image_6_thumb.jpg',_binary '',_binary '\0',NULL,NULL,NULL,_binary '\0',NULL,NULL,NULL),(45,8,NULL,'https://s3.amazonaws.com/pharmacykeeper_verification/account_2/compound_2_image_3.jpg','https://s3.amazonaws.com/pharmacykeeper_verification/account_2/compound_2_image_3_medium.jpg','https://s3.amazonaws.com/pharmacykeeper_verification/account_2/compound_2_image_3_thumb.jpg','compound_2_image_3.jpg','compound_2_image_3_medium.jpg','compound_2_image_3_thumb.jpg',_binary '',_binary '\0',NULL,NULL,NULL,_binary '\0',NULL,NULL,NULL),(46,8,NULL,'https://s3.amazonaws.com/pharmacykeeper_verification/account_2/compound_2_image_4.jpg','https://s3.amazonaws.com/pharmacykeeper_verification/account_2/compound_2_image_4_medium.jpg','https://s3.amazonaws.com/pharmacykeeper_verification/account_2/compound_2_image_4_thumb.jpg','compound_2_image_4.jpg','compound_2_image_4_medium.jpg','compound_2_image_4_thumb.jpg',_binary '',_binary '\0',NULL,NULL,NULL,_binary '\0',NULL,NULL,NULL),(47,8,NULL,'https://s3.amazonaws.com/pharmacykeeper_verification/account_2/compound_2_image_5.jpg','https://s3.amazonaws.com/pharmacykeeper_verification/account_2/compound_2_image_5_medium.jpg','https://s3.amazonaws.com/pharmacykeeper_verification/account_2/compound_2_image_5_thumb.jpg','compound_2_image_5.jpg','compound_2_image_5_medium.jpg','compound_2_image_5_thumb.jpg',_binary '',_binary '\0',NULL,NULL,NULL,_binary '\0',NULL,NULL,NULL),(48,8,NULL,'https://s3.amazonaws.com/pharmacykeeper_verification/account_2/compound_2_image_6.jpg','https://s3.amazonaws.com/pharmacykeeper_verification/account_2/compound_2_image_6_medium.jpg','https://s3.amazonaws.com/pharmacykeeper_verification/account_2/compound_2_image_6_thumb.jpg','compound_2_image_6.jpg','compound_2_image_6_medium.jpg','compound_2_image_6_thumb.jpg',_binary '',_binary '\0',NULL,NULL,NULL,_binary '\0',NULL,NULL,NULL),(51,9,NULL,'https://s3.amazonaws.com/pharmacykeeper_verification/account_2/compound_2_image_3.jpg','https://s3.amazonaws.com/pharmacykeeper_verification/account_2/compound_2_image_3_medium.jpg','https://s3.amazonaws.com/pharmacykeeper_verification/account_2/compound_2_image_3_thumb.jpg','compound_2_image_3.jpg','compound_2_image_3_medium.jpg','compound_2_image_3_thumb.jpg',_binary '',_binary '\0',NULL,NULL,NULL,_binary '\0',NULL,NULL,NULL),(52,9,NULL,'https://s3.amazonaws.com/pharmacykeeper_verification/account_2/compound_2_image_4.jpg','https://s3.amazonaws.com/pharmacykeeper_verification/account_2/compound_2_image_4_medium.jpg','https://s3.amazonaws.com/pharmacykeeper_verification/account_2/compound_2_image_4_thumb.jpg','compound_2_image_4.jpg','compound_2_image_4_medium.jpg','compound_2_image_4_thumb.jpg',_binary '',_binary '\0',NULL,NULL,NULL,_binary '\0',NULL,NULL,NULL),(53,9,NULL,'https://s3.amazonaws.com/pharmacykeeper_verification/account_2/compound_2_image_5.jpg','https://s3.amazonaws.com/pharmacykeeper_verification/account_2/compound_2_image_5_medium.jpg','https://s3.amazonaws.com/pharmacykeeper_verification/account_2/compound_2_image_5_thumb.jpg','compound_2_image_5.jpg','compound_2_image_5_medium.jpg','compound_2_image_5_thumb.jpg',_binary '',_binary '\0',NULL,NULL,NULL,_binary '\0',NULL,NULL,NULL),(54,9,NULL,'https://s3.amazonaws.com/pharmacykeeper_verification/account_2/compound_2_image_6.jpg','https://s3.amazonaws.com/pharmacykeeper_verification/account_2/compound_2_image_6_medium.jpg','https://s3.amazonaws.com/pharmacykeeper_verification/account_2/compound_2_image_6_thumb.jpg','compound_2_image_6.jpg','compound_2_image_6_medium.jpg','compound_2_image_6_thumb.jpg',_binary '',_binary '\0',NULL,NULL,NULL,_binary '\0',NULL,NULL,NULL),(57,10,NULL,'https://s3.amazonaws.com/pharmacykeeper_verification/account_2/compound_2_image_3.jpg','https://s3.amazonaws.com/pharmacykeeper_verification/account_2/compound_2_image_3_medium.jpg','https://s3.amazonaws.com/pharmacykeeper_verification/account_2/compound_2_image_3_thumb.jpg','compound_2_image_3.jpg','compound_2_image_3_medium.jpg','compound_2_image_3_thumb.jpg',_binary '',_binary '\0',NULL,NULL,NULL,_binary '\0',NULL,NULL,NULL),(58,10,NULL,'https://s3.amazonaws.com/pharmacykeeper_verification/account_2/compound_2_image_4.jpg','https://s3.amazonaws.com/pharmacykeeper_verification/account_2/compound_2_image_4_medium.jpg','https://s3.amazonaws.com/pharmacykeeper_verification/account_2/compound_2_image_4_thumb.jpg','compound_2_image_4.jpg','compound_2_image_4_medium.jpg','compound_2_image_4_thumb.jpg',_binary '',_binary '\0',NULL,NULL,NULL,_binary '\0',NULL,NULL,NULL),(59,10,NULL,'https://s3.amazonaws.com/pharmacykeeper_verification/account_2/compound_2_image_5.jpg','https://s3.amazonaws.com/pharmacykeeper_verification/account_2/compound_2_image_5_medium.jpg','https://s3.amazonaws.com/pharmacykeeper_verification/account_2/compound_2_image_5_thumb.jpg','compound_2_image_5.jpg','compound_2_image_5_medium.jpg','compound_2_image_5_thumb.jpg',_binary '',_binary '\0',NULL,NULL,NULL,_binary '\0',NULL,NULL,NULL),(60,10,NULL,'https://s3.amazonaws.com/pharmacykeeper_verification/account_2/compound_2_image_6.jpg','https://s3.amazonaws.com/pharmacykeeper_verification/account_2/compound_2_image_6_medium.jpg','https://s3.amazonaws.com/pharmacykeeper_verification/account_2/compound_2_image_6_thumb.jpg','compound_2_image_6.jpg','compound_2_image_6_medium.jpg','compound_2_image_6_thumb.jpg',_binary '',_binary '\0',NULL,NULL,NULL,_binary '\0',NULL,NULL,NULL);
/*!40000 ALTER TABLE `verification_images` ENABLE KEYS */;
UNLOCK TABLES;

--
-- Table structure for table `view_account_inactive`
--

DROP TABLE IF EXISTS `view_account_inactive`;
/*!40101 SET @saved_cs_client     = @@character_set_client */;
/*!40101 SET character_set_client = utf8 */;
CREATE TABLE `view_account_inactive` (
  `id` int(10) unsigned NOT NULL AUTO_INCREMENT,
  `account_id` int(10) unsigned NOT NULL,
  `view_id` int(10) unsigned NOT NULL,
  PRIMARY KEY (`id`),
  KEY `idx_account_id` (`account_id`),
  KEY `idx_view_id` (`view_id`)
) ENGINE=InnoDB DEFAULT CHARSET=latin1;
/*!40101 SET character_set_client = @saved_cs_client */;

--
-- Dumping data for table `view_account_inactive`
--

LOCK TABLES `view_account_inactive` WRITE;
/*!40000 ALTER TABLE `view_account_inactive` DISABLE KEYS */;
/*!40000 ALTER TABLE `view_account_inactive` ENABLE KEYS */;
UNLOCK TABLES;

--
-- Table structure for table `view_activity_definitions`
--

DROP TABLE IF EXISTS `view_activity_definitions`;
/*!40101 SET @saved_cs_client     = @@character_set_client */;
/*!40101 SET character_set_client = utf8 */;
CREATE TABLE `view_activity_definitions` (
  `view_id` int(10) unsigned NOT NULL,
  `activity_definition_id` int(10) unsigned NOT NULL,
  KEY `fk_view_activity_definitions_view` (`view_id`),
  CONSTRAINT `fk_view_activity_definitions_view` FOREIGN KEY (`view_id`) REFERENCES `views` (`id`)
) ENGINE=InnoDB DEFAULT CHARSET=latin1;
/*!40101 SET character_set_client = @saved_cs_client */;

--
-- Dumping data for table `view_activity_definitions`
--

LOCK TABLES `view_activity_definitions` WRITE;
/*!40000 ALTER TABLE `view_activity_definitions` DISABLE KEYS */;
/*!40000 ALTER TABLE `view_activity_definitions` ENABLE KEYS */;
UNLOCK TABLES;

--
-- Table structure for table `view_assigned_user`
--

DROP TABLE IF EXISTS `view_assigned_user`;
/*!40101 SET @saved_cs_client     = @@character_set_client */;
/*!40101 SET character_set_client = utf8 */;
CREATE TABLE `view_assigned_user` (
  `view_id` int(10) unsigned NOT NULL,
  `user_id` int(10) unsigned NOT NULL,
  KEY `fk_view_assigned_user_view` (`view_id`),
  KEY `fk_view_assigned_user_user` (`user_id`),
  CONSTRAINT `fk_view_assigned_user_user` FOREIGN KEY (`user_id`) REFERENCES `users` (`id`),
  CONSTRAINT `fk_view_assigned_user_view` FOREIGN KEY (`view_id`) REFERENCES `views` (`id`)
) ENGINE=InnoDB DEFAULT CHARSET=latin1;
/*!40101 SET character_set_client = @saved_cs_client */;

--
-- Dumping data for table `view_assigned_user`
--

LOCK TABLES `view_assigned_user` WRITE;
/*!40000 ALTER TABLE `view_assigned_user` DISABLE KEYS */;
/*!40000 ALTER TABLE `view_assigned_user` ENABLE KEYS */;
UNLOCK TABLES;

--
-- Table structure for table `view_destination`
--

DROP TABLE IF EXISTS `view_destination`;
/*!40101 SET @saved_cs_client     = @@character_set_client */;
/*!40101 SET character_set_client = utf8 */;
CREATE TABLE `view_destination` (
  `view_id` int(10) unsigned NOT NULL,
  `destination` varchar(255) NOT NULL,
  KEY `fk_view_destination_view` (`view_id`),
  CONSTRAINT `fk_view_destination_view` FOREIGN KEY (`view_id`) REFERENCES `views` (`id`) ON DELETE NO ACTION ON UPDATE NO ACTION
) ENGINE=InnoDB DEFAULT CHARSET=latin1;
/*!40101 SET character_set_client = @saved_cs_client */;

--
-- Dumping data for table `view_destination`
--

LOCK TABLES `view_destination` WRITE;
/*!40000 ALTER TABLE `view_destination` DISABLE KEYS */;
/*!40000 ALTER TABLE `view_destination` ENABLE KEYS */;
UNLOCK TABLES;

--
-- Table structure for table `view_display_columns`
--

DROP TABLE IF EXISTS `view_display_columns`;
/*!40101 SET @saved_cs_client     = @@character_set_client */;
/*!40101 SET character_set_client = utf8 */;
CREATE TABLE `view_display_columns` (
  `id` int(10) unsigned NOT NULL AUTO_INCREMENT,
  `view_id` int(10) unsigned DEFAULT NULL,
  `display_column_id` int(10) unsigned NOT NULL,
  `sort_order` int(10) unsigned NOT NULL,
  PRIMARY KEY (`id`),
  KEY `fk_view_display_columns_view` (`view_id`),
  CONSTRAINT `fk_view_display_columns_view` FOREIGN KEY (`view_id`) REFERENCES `views` (`id`)
) ENGINE=InnoDB DEFAULT CHARSET=latin1;
/*!40101 SET character_set_client = @saved_cs_client */;

--
-- Dumping data for table `view_display_columns`
--

LOCK TABLES `view_display_columns` WRITE;
/*!40000 ALTER TABLE `view_display_columns` DISABLE KEYS */;
/*!40000 ALTER TABLE `view_display_columns` ENABLE KEYS */;
UNLOCK TABLES;

--
-- Table structure for table `view_inspection_templates`
--

DROP TABLE IF EXISTS `view_inspection_templates`;
/*!40101 SET @saved_cs_client     = @@character_set_client */;
/*!40101 SET character_set_client = utf8 */;
CREATE TABLE `view_inspection_templates` (
  `view_id` int(10) unsigned NOT NULL,
  `inspection_template_id` int(10) unsigned NOT NULL,
  KEY `fk_view_inspection_templates_view` (`view_id`),
  CONSTRAINT `fk_view_inspection_templates_view` FOREIGN KEY (`view_id`) REFERENCES `views` (`id`)
) ENGINE=InnoDB DEFAULT CHARSET=latin1;
/*!40101 SET character_set_client = @saved_cs_client */;

--
-- Dumping data for table `view_inspection_templates`
--

LOCK TABLES `view_inspection_templates` WRITE;
/*!40000 ALTER TABLE `view_inspection_templates` DISABLE KEYS */;
/*!40000 ALTER TABLE `view_inspection_templates` ENABLE KEYS */;
UNLOCK TABLES;

--
-- Table structure for table `view_locations`
--

DROP TABLE IF EXISTS `view_locations`;
/*!40101 SET @saved_cs_client     = @@character_set_client */;
/*!40101 SET character_set_client = utf8 */;
CREATE TABLE `view_locations` (
  `view_id` int(10) unsigned NOT NULL,
  `location_id` int(10) unsigned NOT NULL,
  KEY `fk_view_locations_view` (`view_id`),
  CONSTRAINT `fk_view_locations_view` FOREIGN KEY (`view_id`) REFERENCES `views` (`id`)
) ENGINE=InnoDB DEFAULT CHARSET=latin1;
/*!40101 SET character_set_client = @saved_cs_client */;

--
-- Dumping data for table `view_locations`
--

LOCK TABLES `view_locations` WRITE;
/*!40000 ALTER TABLE `view_locations` DISABLE KEYS */;
INSERT INTO `view_locations` VALUES (1,1);
/*!40000 ALTER TABLE `view_locations` ENABLE KEYS */;
UNLOCK TABLES;

--
-- Table structure for table `view_network_disabled_status`
--

DROP TABLE IF EXISTS `view_network_disabled_status`;
/*!40101 SET @saved_cs_client     = @@character_set_client */;
/*!40101 SET character_set_client = utf8 */;
CREATE TABLE `view_network_disabled_status` (
  `view_id` int(10) unsigned NOT NULL,
  `status_id` int(10) unsigned NOT NULL,
  KEY `idx_status_id` (`status_id`),
  KEY `idx_view_id` (`view_id`)
) ENGINE=InnoDB DEFAULT CHARSET=latin1;
/*!40101 SET character_set_client = @saved_cs_client */;

--
-- Dumping data for table `view_network_disabled_status`
--

LOCK TABLES `view_network_disabled_status` WRITE;
/*!40000 ALTER TABLE `view_network_disabled_status` DISABLE KEYS */;
/*!40000 ALTER TABLE `view_network_disabled_status` ENABLE KEYS */;
UNLOCK TABLES;

--
-- Table structure for table `view_network_disabled_workflow`
--

DROP TABLE IF EXISTS `view_network_disabled_workflow`;
/*!40101 SET @saved_cs_client     = @@character_set_client */;
/*!40101 SET character_set_client = utf8 */;
CREATE TABLE `view_network_disabled_workflow` (
  `view_id` int(10) unsigned NOT NULL,
  `workflow_id` int(10) unsigned NOT NULL,
  KEY `idx_workflow_id` (`workflow_id`),
  KEY `idx_view_id` (`view_id`)
) ENGINE=InnoDB DEFAULT CHARSET=latin1;
/*!40101 SET character_set_client = @saved_cs_client */;

--
-- Dumping data for table `view_network_disabled_workflow`
--

LOCK TABLES `view_network_disabled_workflow` WRITE;
/*!40000 ALTER TABLE `view_network_disabled_workflow` DISABLE KEYS */;
/*!40000 ALTER TABLE `view_network_disabled_workflow` ENABLE KEYS */;
UNLOCK TABLES;

--
-- Table structure for table `view_pharmacy`
--

DROP TABLE IF EXISTS `view_pharmacy`;
/*!40101 SET @saved_cs_client     = @@character_set_client */;
/*!40101 SET character_set_client = utf8 */;
CREATE TABLE `view_pharmacy` (
  `view_id` int(10) unsigned NOT NULL,
  `pharmacy_id` int(10) unsigned NOT NULL,
  KEY `fk_view_pharmacy_priority` (`pharmacy_id`),
  KEY `fk_view_pharmacy_view` (`view_id`),
  CONSTRAINT `fk_view_pharmacy_priority` FOREIGN KEY (`pharmacy_id`) REFERENCES `pharmacy` (`id`),
  CONSTRAINT `fk_view_pharmacy_view` FOREIGN KEY (`view_id`) REFERENCES `views` (`id`)
) ENGINE=InnoDB DEFAULT CHARSET=latin1;
/*!40101 SET character_set_client = @saved_cs_client */;

--
-- Dumping data for table `view_pharmacy`
--

LOCK TABLES `view_pharmacy` WRITE;
/*!40000 ALTER TABLE `view_pharmacy` DISABLE KEYS */;
/*!40000 ALTER TABLE `view_pharmacy` ENABLE KEYS */;
UNLOCK TABLES;

--
-- Table structure for table `view_priorities`
--

DROP TABLE IF EXISTS `view_priorities`;
/*!40101 SET @saved_cs_client     = @@character_set_client */;
/*!40101 SET character_set_client = utf8 */;
CREATE TABLE `view_priorities` (
  `view_id` int(10) unsigned NOT NULL,
  `priority_id` int(10) unsigned NOT NULL,
  KEY `fk_view_priority_priority` (`priority_id`),
  KEY `fk_view_priority_view` (`view_id`),
  CONSTRAINT `fk_view_priority_priority` FOREIGN KEY (`priority_id`) REFERENCES `priority` (`id`) ON DELETE NO ACTION ON UPDATE NO ACTION,
  CONSTRAINT `fk_view_priority_view` FOREIGN KEY (`view_id`) REFERENCES `views` (`id`) ON DELETE NO ACTION ON UPDATE NO ACTION
) ENGINE=InnoDB DEFAULT CHARSET=latin1;
/*!40101 SET character_set_client = @saved_cs_client */;

--
-- Dumping data for table `view_priorities`
--

LOCK TABLES `view_priorities` WRITE;
/*!40000 ALTER TABLE `view_priorities` DISABLE KEYS */;
/*!40000 ALTER TABLE `view_priorities` ENABLE KEYS */;
UNLOCK TABLES;

--
-- Table structure for table `view_statuses`
--

DROP TABLE IF EXISTS `view_statuses`;
/*!40101 SET @saved_cs_client     = @@character_set_client */;
/*!40101 SET character_set_client = utf8 */;
CREATE TABLE `view_statuses` (
  `view_id` int(10) unsigned NOT NULL,
  `status_id` int(10) unsigned NOT NULL,
  KEY `fk_view_status_view` (`view_id`),
  CONSTRAINT `fk_view_status_view` FOREIGN KEY (`view_id`) REFERENCES `views` (`id`)
) ENGINE=InnoDB DEFAULT CHARSET=latin1;
/*!40101 SET character_set_client = @saved_cs_client */;

--
-- Dumping data for table `view_statuses`
--

LOCK TABLES `view_statuses` WRITE;
/*!40000 ALTER TABLE `view_statuses` DISABLE KEYS */;
INSERT INTO `view_statuses` VALUES (1,1),(7,61),(4,60),(8,68),(9,69),(10,70),(11,72),(12,60),(3,76);
/*!40000 ALTER TABLE `view_statuses` ENABLE KEYS */;
UNLOCK TABLES;

--
-- Table structure for table `view_sub_locations`
--

DROP TABLE IF EXISTS `view_sub_locations`;
/*!40101 SET @saved_cs_client     = @@character_set_client */;
/*!40101 SET character_set_client = utf8 */;
CREATE TABLE `view_sub_locations` (
  `view_id` int(10) unsigned NOT NULL,
  `sub_location_id` int(10) unsigned NOT NULL,
  KEY `fk_view_sub_locations_view` (`view_id`),
  CONSTRAINT `fk_view_sub_locations_view` FOREIGN KEY (`view_id`) REFERENCES `views` (`id`)
) ENGINE=InnoDB DEFAULT CHARSET=latin1;
/*!40101 SET character_set_client = @saved_cs_client */;

--
-- Dumping data for table `view_sub_locations`
--

LOCK TABLES `view_sub_locations` WRITE;
/*!40000 ALTER TABLE `view_sub_locations` DISABLE KEYS */;
/*!40000 ALTER TABLE `view_sub_locations` ENABLE KEYS */;
UNLOCK TABLES;

--
-- Table structure for table `view_subjects`
--

DROP TABLE IF EXISTS `view_subjects`;
/*!40101 SET @saved_cs_client     = @@character_set_client */;
/*!40101 SET character_set_client = utf8 */;
CREATE TABLE `view_subjects` (
  `subject_id` int(10) unsigned NOT NULL,
  `view_id` int(10) unsigned NOT NULL,
  PRIMARY KEY (`subject_id`,`view_id`),
  KEY `FKA609F9D8491A4C58` (`view_id`),
  KEY `FKA609F9D8B9E898BC` (`subject_id`)
) ENGINE=InnoDB DEFAULT CHARSET=latin1;
/*!40101 SET character_set_client = @saved_cs_client */;

--
-- Dumping data for table `view_subjects`
--

LOCK TABLES `view_subjects` WRITE;
/*!40000 ALTER TABLE `view_subjects` DISABLE KEYS */;
/*!40000 ALTER TABLE `view_subjects` ENABLE KEYS */;
UNLOCK TABLES;

--
-- Table structure for table `view_training_definitions`
--

DROP TABLE IF EXISTS `view_training_definitions`;
/*!40101 SET @saved_cs_client     = @@character_set_client */;
/*!40101 SET character_set_client = utf8 */;
CREATE TABLE `view_training_definitions` (
  `view_id` int(10) unsigned NOT NULL,
  `training_definition_id` int(10) unsigned NOT NULL,
  KEY `idx_view_id` (`view_id`)
) ENGINE=InnoDB DEFAULT CHARSET=latin1;
/*!40101 SET character_set_client = @saved_cs_client */;

--
-- Dumping data for table `view_training_definitions`
--

LOCK TABLES `view_training_definitions` WRITE;
/*!40000 ALTER TABLE `view_training_definitions` DISABLE KEYS */;
/*!40000 ALTER TABLE `view_training_definitions` ENABLE KEYS */;
UNLOCK TABLES;

--
-- Table structure for table `view_training_user`
--

DROP TABLE IF EXISTS `view_training_user`;
/*!40101 SET @saved_cs_client     = @@character_set_client */;
/*!40101 SET character_set_client = utf8 */;
CREATE TABLE `view_training_user` (
  `view_id` int(10) unsigned NOT NULL,
  `user_id` int(10) unsigned NOT NULL
) ENGINE=InnoDB DEFAULT CHARSET=latin1;
/*!40101 SET character_set_client = @saved_cs_client */;

--
-- Dumping data for table `view_training_user`
--

LOCK TABLES `view_training_user` WRITE;
/*!40000 ALTER TABLE `view_training_user` DISABLE KEYS */;
/*!40000 ALTER TABLE `view_training_user` ENABLE KEYS */;
UNLOCK TABLES;

--
-- Table structure for table `view_tray_template`
--

DROP TABLE IF EXISTS `view_tray_template`;
/*!40101 SET @saved_cs_client     = @@character_set_client */;
/*!40101 SET character_set_client = utf8 */;
CREATE TABLE `view_tray_template` (
  `view_id` int(10) unsigned NOT NULL,
  `tray_template_id` int(10) unsigned NOT NULL,
  KEY `fk_view_tray_template_template` (`tray_template_id`),
  KEY `view_id_idx` (`view_id`),
  CONSTRAINT `fk_view_tray_template_template` FOREIGN KEY (`tray_template_id`) REFERENCES `tray_templates` (`id`) ON DELETE NO ACTION ON UPDATE NO ACTION
) ENGINE=InnoDB DEFAULT CHARSET=latin1;
/*!40101 SET character_set_client = @saved_cs_client */;

--
-- Dumping data for table `view_tray_template`
--

LOCK TABLES `view_tray_template` WRITE;
/*!40000 ALTER TABLE `view_tray_template` DISABLE KEYS */;
/*!40000 ALTER TABLE `view_tray_template` ENABLE KEYS */;
UNLOCK TABLES;

--
-- Table structure for table `view_workflows`
--

DROP TABLE IF EXISTS `view_workflows`;
/*!40101 SET @saved_cs_client     = @@character_set_client */;
/*!40101 SET character_set_client = utf8 */;
CREATE TABLE `view_workflows` (
  `view_id` int(10) unsigned NOT NULL,
  `workflow_id` int(10) unsigned NOT NULL,
  KEY `idx_view_id` (`view_id`),
  KEY `idx_workflow_id` (`workflow_id`)
) ENGINE=InnoDB DEFAULT CHARSET=latin1;
/*!40101 SET character_set_client = @saved_cs_client */;

--
-- Dumping data for table `view_workflows`
--

LOCK TABLES `view_workflows` WRITE;
/*!40000 ALTER TABLE `view_workflows` DISABLE KEYS */;
/*!40000 ALTER TABLE `view_workflows` ENABLE KEYS */;
UNLOCK TABLES;

--
-- Table structure for table `views`
--

DROP TABLE IF EXISTS `views`;
/*!40101 SET @saved_cs_client     = @@character_set_client */;
/*!40101 SET character_set_client = utf8 */;
CREATE TABLE `views` (
  `id` int(10) unsigned NOT NULL AUTO_INCREMENT,
  `account_id` int(10) unsigned DEFAULT NULL,
  `module_id` int(10) unsigned NOT NULL,
  `name` varchar(100) DEFAULT NULL,
  `show_carts` bit(1) NOT NULL DEFAULT b'0',
  `records_per_page` int(10) unsigned DEFAULT NULL,
  `active` bit(1) NOT NULL DEFAULT b'1',
  `falloff_minutes` int(10) unsigned DEFAULT NULL,
  `prior_days` int(10) unsigned DEFAULT NULL,
  `future_days` int(10) unsigned DEFAULT NULL,
  `show_null_statuses` bit(1) NOT NULL DEFAULT b'0',
  `show_null_locations` bit(1) NOT NULL DEFAULT b'0',
  `show_null_priorities` bit(1) NOT NULL DEFAULT b'0',
  `last_updated_by` int(10) unsigned DEFAULT NULL,
  `last_updated_time` datetime DEFAULT NULL,
  `created_by` int(10) unsigned DEFAULT NULL,
  `created_time` datetime DEFAULT NULL,
  `show_trays` bit(1) NOT NULL DEFAULT b'1',
  `options` varchar(25) DEFAULT NULL,
  `falloff_hours` int(10) unsigned DEFAULT NULL,
  `show_past_due_items` bit(1) NOT NULL DEFAULT b'0',
  `type` varchar(50) DEFAULT NULL,
  `display_type` varchar(32) DEFAULT NULL,
  `show_incomplete_compounds` bit(1) NOT NULL DEFAULT b'0',
  `global_view_fl` bit(1) DEFAULT NULL,
  `sort_order` int(10) unsigned DEFAULT NULL,
  `use_priority_countdown_timer` bit(1) NOT NULL DEFAULT b'0',
  `has_destinations` bit(1) NOT NULL DEFAULT b'0',
  `has_locations` bit(1) NOT NULL DEFAULT b'0',
  `has_priorities` bit(1) NOT NULL DEFAULT b'0',
  `has_pharmacies` bit(1) NOT NULL DEFAULT b'0',
  `has_statuses` bit(1) NOT NULL DEFAULT b'0',
  `has_sub_locations` bit(1) DEFAULT b'0',
  `show_remaining_quantity` bit(1) DEFAULT b'0',
  `show_non_expired` bit(1) DEFAULT b'0',
  `has_workflows` bit(1) NOT NULL DEFAULT b'0',
  `manufacturing_complete` varchar(30) DEFAULT NULL,
  `show_rejected_compounds` bit(1) DEFAULT b'0',
  `display_average_manufacturing_complete_time` bit(1) DEFAULT b'0',
  `display_average_delivered_time` bit(1) DEFAULT b'0',
  `display_average_total_turnaround_time` bit(1) DEFAULT b'0',
  `falloff_days` int(10) unsigned DEFAULT NULL,
  `falloff_hours_completed` int(10) unsigned DEFAULT NULL,
  `only_show_failed_trainings` bit(1) DEFAULT b'0',
  `exclude_inactive_activities` bit(1) DEFAULT b'0',
  `show_amount_discrepancies` bit(1) NOT NULL DEFAULT b'0',
  `show_not_returned` bit(1) NOT NULL DEFAULT b'0',
  `past_due_minutes` int(10) unsigned DEFAULT NULL,
  `show_amount_wasted` bit(1) NOT NULL DEFAULT b'0',
  `show_waiting_for_reconcile` bit(1) NOT NULL DEFAULT b'0',
  `show_waiting_for_nurse_pickup` bit(1) NOT NULL DEFAULT b'0',
  `search_within_network` bit(1) DEFAULT b'0',
  `network` bit(1) DEFAULT b'0',
  `network_allow_duplicate` bit(1) DEFAULT b'0',
  `network_allow_inactivate` bit(1) DEFAULT b'0',
  `copied_from_network_view_id` int(10) unsigned DEFAULT NULL,
  PRIMARY KEY (`id`),
  KEY `fk_view_lastUpdatedby` (`last_updated_by`),
  KEY `fk_view_createdby` (`created_by`),
  KEY `idx_views_account_id` (`account_id`),
  KEY `idx_views_account_module` (`account_id`,`module_id`),
  KEY `idx_copied_from_network_view_id` (`copied_from_network_view_id`),
  CONSTRAINT `fk_view_createdby` FOREIGN KEY (`created_by`) REFERENCES `users` (`id`),
  CONSTRAINT `fk_view_lastUpdatedby` FOREIGN KEY (`last_updated_by`) REFERENCES `users` (`id`)
) ENGINE=InnoDB AUTO_INCREMENT=13 DEFAULT CHARSET=latin1;
/*!40101 SET character_set_client = @saved_cs_client */;

--
-- Dumping data for table `views`
--

LOCK TABLES `views` WRITE;
/*!40000 ALTER TABLE `views` DISABLE KEYS */;
INSERT INTO `views` VALUES (1,2,1,'Needs to be filled',_binary '',100,_binary '',NULL,NULL,NULL,_binary '\0',_binary '\0',_binary '\0',NULL,NULL,NULL,NULL,_binary '',NULL,NULL,_binary '\0',NULL,NULL,_binary '\0',_binary '',NULL,_binary '\0',_binary '\0',_binary '',_binary '\0',_binary '\0',_binary '',_binary '\0',_binary '\0',_binary '\0',_binary '\0',NULL,_binary '\0',_binary '\0',_binary '\0',_binary '\0',NULL,NULL,_binary '\0',_binary '\0',_binary '\0',_binary '\0',NULL,_binary '\0',_binary '\0',_binary '\0',_binary '\0',_binary '\0',_binary '\0',_binary '\0',NULL),(2,2,1,'No carts',_binary '\0',50,_binary '',NULL,NULL,NULL,_binary '\0',_binary '\0',_binary '\0',NULL,NULL,NULL,NULL,_binary '',NULL,NULL,_binary '\0',NULL,NULL,_binary '\0',_binary '',NULL,_binary '\0',_binary '\0',_binary '\0',_binary '\0',_binary '\0',_binary '\0',_binary '\0',_binary '\0',_binary '\0',_binary '\0',NULL,_binary '\0',_binary '\0',_binary '\0',_binary '\0',NULL,NULL,_binary '\0',_binary '\0',_binary '\0',_binary '\0',NULL,_binary '\0',_binary '\0',_binary '\0',_binary '\0',_binary '\0',_binary '\0',_binary '\0',NULL),(3,NULL,12,'Waiting for Return',_binary '\0',100,_binary '',NULL,NULL,NULL,_binary '\0',_binary '\0',_binary '\0',NULL,NULL,NULL,NULL,_binary '\0',NULL,24,_binary '\0',NULL,'highlight-2',_binary '\0',_binary '',10,_binary '\0',_binary '\0',_binary '\0',_binary '\0',_binary '\0',_binary '',_binary '\0',_binary '\0',_binary '\0',_binary '\0',NULL,_binary '\0',_binary '\0',_binary '\0',_binary '\0',NULL,NULL,_binary '\0',_binary '\0',_binary '\0',_binary '',NULL,_binary '\0',_binary '\0',_binary '\0',_binary '\0',_binary '\0',_binary '\0',_binary '\0',NULL),(4,NULL,12,'Past Due',_binary '\0',100,_binary '',NULL,NULL,NULL,_binary '\0',_binary '\0',_binary '\0',NULL,NULL,NULL,NULL,_binary '\0',NULL,168,_binary '\0',NULL,'highlight-5',_binary '\0',_binary '',20,_binary '\0',_binary '\0',_binary '\0',_binary '\0',_binary '\0',_binary '',_binary '\0',_binary '\0',_binary '\0',_binary '\0',NULL,_binary '\0',_binary '\0',_binary '\0',_binary '\0',NULL,NULL,_binary '\0',_binary '\0',_binary '\0',_binary '',720,_binary '\0',_binary '\0',_binary '\0',_binary '\0',_binary '\0',_binary '\0',_binary '\0',NULL),(5,NULL,12,'Discrepancies',_binary '\0',100,_binary '',NULL,NULL,NULL,_binary '\0',_binary '\0',_binary '\0',NULL,NULL,NULL,NULL,_binary '\0',NULL,168,_binary '\0',NULL,'highlight-1',_binary '\0',_binary '',30,_binary '\0',_binary '\0',_binary '\0',_binary '\0',_binary '\0',_binary '\0',_binary '\0',_binary '\0',_binary '\0',_binary '\0',NULL,_binary '\0',_binary '\0',_binary '\0',_binary '\0',NULL,NULL,_binary '\0',_binary '\0',_binary '',_binary '\0',NULL,_binary '\0',_binary '\0',_binary '\0',_binary '\0',_binary '\0',_binary '\0',_binary '\0',NULL),(6,NULL,12,'Recent Items',_binary '\0',100,_binary '',NULL,NULL,NULL,_binary '\0',_binary '\0',_binary '\0',NULL,NULL,NULL,NULL,_binary '\0',NULL,24,_binary '\0',NULL,NULL,_binary '\0',_binary '',40,_binary '\0',_binary '\0',_binary '\0',_binary '\0',_binary '\0',_binary '\0',_binary '\0',_binary '\0',_binary '\0',_binary '\0',NULL,_binary '\0',_binary '\0',_binary '\0',_binary '\0',NULL,NULL,_binary '\0',_binary '\0',_binary '\0',_binary '\0',NULL,_binary '\0',_binary '\0',_binary '\0',_binary '\0',_binary '\0',_binary '\0',_binary '\0',NULL),(7,NULL,12,'Completed',_binary '\0',100,_binary '',NULL,NULL,NULL,_binary '\0',_binary '\0',_binary '\0',NULL,NULL,NULL,NULL,_binary '\0',NULL,48,_binary '\0',NULL,'highlight-4',_binary '\0',_binary '',50,_binary '\0',_binary '\0',_binary '\0',_binary '\0',_binary '\0',_binary '',_binary '\0',_binary '\0',_binary '\0',_binary '\0',NULL,_binary '\0',_binary '\0',_binary '\0',_binary '\0',NULL,NULL,_binary '\0',_binary '\0',_binary '\0',_binary '\0',NULL,_binary '\0',_binary '\0',_binary '\0',_binary '\0',_binary '\0',_binary '\0',_binary '\0',NULL),(8,NULL,13,'New Barcodes',_binary '\0',100,_binary '',NULL,NULL,NULL,_binary '\0',_binary '\0',_binary '\0',NULL,NULL,NULL,NULL,_binary '\0',NULL,NULL,_binary '\0',NULL,'highlight-2',_binary '\0',_binary '',10,_binary '\0',_binary '\0',_binary '\0',_binary '\0',_binary '\0',_binary '',_binary '\0',_binary '\0',_binary '\0',_binary '\0',NULL,_binary '\0',_binary '\0',_binary '\0',_binary '\0',NULL,NULL,_binary '\0',_binary '\0',_binary '\0',_binary '',NULL,_binary '\0',_binary '\0',_binary '\0',_binary '\0',_binary '\0',_binary '\0',_binary '\0',NULL),(9,NULL,13,'In-Progress',_binary '\0',100,_binary '',NULL,NULL,NULL,_binary '\0',_binary '\0',_binary '\0',NULL,NULL,NULL,NULL,_binary '\0',NULL,NULL,_binary '\0',NULL,'highlight-1',_binary '\0',_binary '',20,_binary '\0',_binary '\0',_binary '\0',_binary '\0',_binary '\0',_binary '',_binary '\0',_binary '\0',_binary '\0',_binary '\0',NULL,_binary '\0',_binary '\0',_binary '\0',_binary '\0',NULL,NULL,_binary '\0',_binary '\0',_binary '\0',_binary '',720,_binary '\0',_binary '\0',_binary '\0',_binary '\0',_binary '\0',_binary '\0',_binary '\0',NULL),(10,NULL,13,'Ready for Approval',_binary '\0',100,_binary '',NULL,NULL,NULL,_binary '\0',_binary '\0',_binary '\0',NULL,NULL,NULL,NULL,_binary '\0',NULL,NULL,_binary '\0',NULL,'highlight-4',_binary '\0',_binary '',30,_binary '\0',_binary '\0',_binary '\0',_binary '\0',_binary '\0',_binary '\0',_binary '\0',_binary '\0',_binary '\0',_binary '\0',NULL,_binary '\0',_binary '\0',_binary '\0',_binary '\0',NULL,NULL,_binary '\0',_binary '\0',_binary '',_binary '\0',NULL,_binary '\0',_binary '\0',_binary '\0',_binary '',_binary '\0',_binary '\0',_binary '\0',NULL),(11,NULL,13,'Rejected Items',_binary '\0',100,_binary '',NULL,NULL,NULL,_binary '\0',_binary '\0',_binary '\0',NULL,NULL,NULL,NULL,_binary '\0',NULL,NULL,_binary '\0',NULL,'highlight-5',_binary '\0',_binary '',40,_binary '\0',_binary '\0',_binary '\0',_binary '\0',_binary '\0',_binary '\0',_binary '\0',_binary '\0',_binary '\0',_binary '\0',NULL,_binary '\0',_binary '\0',_binary '\0',_binary '\0',NULL,NULL,_binary '\0',_binary '\0',_binary '\0',_binary '\0',NULL,_binary '\0',_binary '\0',_binary '\0',_binary '\0',_binary '\0',_binary '\0',_binary '\0',NULL),(12,NULL,12,'In-Progress',_binary '\0',100,_binary '',NULL,NULL,NULL,_binary '\0',_binary '\0',_binary '\0',NULL,NULL,NULL,NULL,_binary '\0',NULL,168,_binary '\0',NULL,'highlight-7',_binary '\0',_binary '',60,_binary '\0',_binary '\0',_binary '\0',_binary '\0',_binary '\0',_binary '',_binary '\0',_binary '\0',_binary '\0',_binary '\0',NULL,_binary '\0',_binary '\0',_binary '\0',_binary '\0',NULL,NULL,_binary '\0',_binary '\0',_binary '\0',_binary '\0',NULL,_binary '\0',_binary '\0',_binary '\0',_binary '\0',_binary '\0',_binary '\0',_binary '\0',NULL);
/*!40000 ALTER TABLE `views` ENABLE KEYS */;
UNLOCK TABLES;

--
-- Table structure for table `volumetric_configuration`
--

DROP TABLE IF EXISTS `volumetric_configuration`;
/*!40101 SET @saved_cs_client     = @@character_set_client */;
/*!40101 SET character_set_client = utf8 */;
CREATE TABLE `volumetric_configuration` (
  `id` int(10) unsigned NOT NULL AUTO_INCREMENT,
  `account_id` int(10) unsigned NOT NULL,
  `name` varchar(256) DEFAULT NULL,
  `description` varchar(512) DEFAULT NULL,
  `ip_address` varchar(50) DEFAULT NULL,
  `port` int(10) unsigned NOT NULL,
  `active_fl` bit(1) NOT NULL DEFAULT b'1',
  `last_updated_by` int(10) unsigned DEFAULT NULL,
  `last_updated_time` datetime DEFAULT NULL,
  `created_by` int(10) unsigned DEFAULT NULL,
  `created_time` datetime DEFAULT NULL,
  `type` varchar(25) NOT NULL,
  `scale_identifier` varchar(100) DEFAULT NULL,
  `scale_timeout` int(10) unsigned DEFAULT NULL,
  PRIMARY KEY (`id`)
) ENGINE=InnoDB DEFAULT CHARSET=latin1;
/*!40101 SET character_set_client = @saved_cs_client */;

--
-- Dumping data for table `volumetric_configuration`
--

LOCK TABLES `volumetric_configuration` WRITE;
/*!40000 ALTER TABLE `volumetric_configuration` DISABLE KEYS */;
/*!40000 ALTER TABLE `volumetric_configuration` ENABLE KEYS */;
UNLOCK TABLES;

--
-- Table structure for table `waste_item`
--

DROP TABLE IF EXISTS `waste_item`;
/*!40101 SET @saved_cs_client     = @@character_set_client */;
/*!40101 SET character_set_client = utf8 */;
CREATE TABLE `waste_item` (
  `id` int(10) unsigned NOT NULL AUTO_INCREMENT,
  `account_id` int(10) unsigned NOT NULL,
  `drug` varchar(2048) NOT NULL,
  `prescription_number` varchar(1000) DEFAULT NULL,
  `dispense_location_id` int(10) unsigned DEFAULT NULL,
  `patient_name` varchar(255) DEFAULT NULL,
  `patient_location` varchar(255) DEFAULT NULL,
  `status_id` int(10) unsigned DEFAULT NULL,
  `nurse_pickup_time` datetime DEFAULT NULL,
  `nurse_return_time` datetime DEFAULT NULL,
  `completed` bit(1) NOT NULL DEFAULT b'0',
  `active` bit(1) NOT NULL DEFAULT b'0',
  `last_updated_by` int(10) unsigned DEFAULT NULL,
  `last_updated_time` datetime DEFAULT NULL,
  `created_by` int(10) unsigned DEFAULT NULL,
  `created_time` datetime DEFAULT NULL,
  `control_number` varchar(100) DEFAULT NULL,
  `has_amount_discrepancy` bit(1) NOT NULL DEFAULT b'0',
  `has_waste_amount` bit(1) NOT NULL DEFAULT b'0',
  `completed_time` datetime DEFAULT NULL,
  `current_step` enum('toNurse','fromNurse') DEFAULT NULL,
  PRIMARY KEY (`id`),
  KEY `idx_account_id_prescription_number` (`account_id`,`prescription_number`),
  KEY `idx_account_id` (`account_id`),
  KEY `idx_account_id_drug` (`account_id`,`drug`)
) ENGINE=InnoDB DEFAULT CHARSET=latin1;
/*!40101 SET character_set_client = @saved_cs_client */;

--
-- Dumping data for table `waste_item`
--

LOCK TABLES `waste_item` WRITE;
/*!40000 ALTER TABLE `waste_item` DISABLE KEYS */;
/*!40000 ALTER TABLE `waste_item` ENABLE KEYS */;
UNLOCK TABLES;

--
-- Table structure for table `waste_note`
--

DROP TABLE IF EXISTS `waste_note`;
/*!40101 SET @saved_cs_client     = @@character_set_client */;
/*!40101 SET character_set_client = utf8 */;
CREATE TABLE `waste_note` (
  `id` int(10) unsigned NOT NULL AUTO_INCREMENT,
  `waste_item_id` int(10) unsigned NOT NULL,
  `note` varchar(4000) NOT NULL,
  `created_by_name` varchar(500) DEFAULT NULL,
  `created_by` int(10) unsigned DEFAULT NULL,
  `created_time` datetime DEFAULT NULL,
  PRIMARY KEY (`id`),
  KEY `fk_waste_note_item` (`waste_item_id`),
  CONSTRAINT `fk_waste_note_item` FOREIGN KEY (`waste_item_id`) REFERENCES `waste_item` (`id`)
) ENGINE=InnoDB DEFAULT CHARSET=latin1;
/*!40101 SET character_set_client = @saved_cs_client */;

--
-- Dumping data for table `waste_note`
--

LOCK TABLES `waste_note` WRITE;
/*!40000 ALTER TABLE `waste_note` DISABLE KEYS */;
/*!40000 ALTER TABLE `waste_note` ENABLE KEYS */;
UNLOCK TABLES;

--
-- Table structure for table `waste_transaction_log`
--

DROP TABLE IF EXISTS `waste_transaction_log`;
/*!40101 SET @saved_cs_client     = @@character_set_client */;
/*!40101 SET character_set_client = utf8 */;
CREATE TABLE `waste_transaction_log` (
  `id` int(10) unsigned NOT NULL AUTO_INCREMENT,
  `waste_item_id` int(10) unsigned NOT NULL,
  `pharmacy_badge` varchar(500) DEFAULT NULL,
  `nurse_badge` varchar(500) DEFAULT NULL,
  `notes` varchar(4000) DEFAULT NULL,
  `record_time` datetime NOT NULL,
  `created_by` int(10) unsigned DEFAULT NULL,
  `created_time` datetime DEFAULT NULL,
  `status_id` int(10) unsigned NOT NULL,
  `waste_amount` double DEFAULT NULL,
  `waste_unit` varchar(20) DEFAULT NULL,
  `secondary_validation` varchar(500) DEFAULT NULL,
  `discrepant_amount` double DEFAULT NULL,
  `discrepant_unit` varchar(20) DEFAULT NULL,
  `last_updated_by` int(10) unsigned DEFAULT NULL,
  `last_updated_time` datetime DEFAULT NULL,
  `tertiary_validation` varchar(500) DEFAULT NULL,
  PRIMARY KEY (`id`),
  KEY `fk_waste_transaction_log_item` (`waste_item_id`),
  CONSTRAINT `fk_waste_transaction_log_item` FOREIGN KEY (`waste_item_id`) REFERENCES `waste_item` (`id`)
) ENGINE=InnoDB DEFAULT CHARSET=latin1;
/*!40101 SET character_set_client = @saved_cs_client */;

--
-- Dumping data for table `waste_transaction_log`
--

LOCK TABLES `waste_transaction_log` WRITE;
/*!40000 ALTER TABLE `waste_transaction_log` DISABLE KEYS */;
/*!40000 ALTER TABLE `waste_transaction_log` ENABLE KEYS */;
UNLOCK TABLES;

--
-- Table structure for table `widget`
--

DROP TABLE IF EXISTS `widget`;
/*!40101 SET @saved_cs_client     = @@character_set_client */;
/*!40101 SET character_set_client = utf8 */;
CREATE TABLE `widget` (
  `id` int(10) unsigned NOT NULL AUTO_INCREMENT,
  `name` varchar(100) NOT NULL,
  `compound_field_to_update` varchar(25) DEFAULT NULL,
  `disable_read_only` bit(1) NOT NULL DEFAULT b'0',
  `disable_collapsed` bit(1) NOT NULL DEFAULT b'0',
  `display_name` varchar(100) NOT NULL,
  `camera_widget_configuration` bit(1) NOT NULL DEFAULT b'0',
  PRIMARY KEY (`id`)
) ENGINE=InnoDB AUTO_INCREMENT=32 DEFAULT CHARSET=latin1;
/*!40101 SET character_set_client = @saved_cs_client */;

--
-- Dumping data for table `widget`
--

LOCK TABLES `widget` WRITE;
/*!40000 ALTER TABLE `widget` DISABLE KEYS */;
INSERT INTO `widget` VALUES (1,'orderDetail','',_binary '\0',_binary '\0','Order Detail',_binary ''),(2,'component','component_check_by',_binary '\0',_binary '\0','Component',_binary ''),(3,'photo','prepared_by',_binary '\0',_binary '\0','Photo Capture/Image Gallery',_binary '\0'),(4,'printLabel','',_binary '\0',_binary '\0','Print Label',_binary '\0'),(8,'beyondUse','',_binary '\0',_binary '\0','Beyond Use',_binary ''),(9,'tracking','',_binary '',_binary '\0','Tracking',_binary '\0'),(10,'notes','',_binary '\0',_binary '\0','Notes',_binary ''),(12,'recipe','',_binary '',_binary '\0','Recipe',_binary ''),(14,'copyOrders','',_binary '\0',_binary '\0','Copy To Orders',_binary '\0'),(16,'dispenseFromBatch',NULL,_binary '',_binary '\0','Dispense From Batch',_binary '\0'),(17,'volumetric',NULL,_binary '',_binary '\0','Volumetric',_binary '\0'),(18,'gravimetric',NULL,_binary '\0',_binary '\0','Gravimetric',_binary '\0'),(19,'uniqueSerialization',NULL,_binary '',_binary '\0','Unique Serialization',_binary '\0'),(20,'gravimetricLite',NULL,_binary '',_binary '\0','Gravimetric Lite',_binary '\0'),(21,'batchVariablePickList','',_binary '\0',_binary '\0','Pick List - Batch - Variable',_binary '\0'),(22,'batchVariablePicked','',_binary '\0',_binary '\0','Picked - Batch - Variable',_binary '\0'),(23,'batchVariablePrepare','',_binary '\0',_binary '\0','Prepare - Batch - Variable',_binary ''),(24,'split',NULL,_binary '\0',_binary '\0','Split',_binary '\0'),(25,'ehrOrderDetailsWidget',NULL,_binary '',_binary '\0','EHR Order Details',_binary '\0'),(26,'qaChecklist',NULL,_binary '\0',_binary '\0','QA Checklist',_binary '\0'),(27,'splitScreenPhoto',NULL,_binary '\0',_binary '\0','Split Screen Photo Capture/Image Gallery',_binary '\0'),(28,'patientDoseCheck','',_binary '\0',_binary '\0','Patient Dose Check',_binary '\0'),(29,'externalContent',NULL,_binary '\0',_binary '\0','External Content',_binary '\0'),(30,'batchWaste',NULL,_binary '\0',_binary '\0','Batch Waste',_binary '\0'),(31,'em',NULL,_binary '',_binary '\0','Environmental Conditions',_binary '\0');
/*!40000 ALTER TABLE `widget` ENABLE KEYS */;
UNLOCK TABLES;

--
-- Table structure for table `workflow`
--

DROP TABLE IF EXISTS `workflow`;
/*!40101 SET @saved_cs_client     = @@character_set_client */;
/*!40101 SET character_set_client = utf8 */;
CREATE TABLE `workflow` (
  `id` int(10) unsigned NOT NULL AUTO_INCREMENT,
  `account_id` int(10) unsigned DEFAULT NULL,
  `name` varchar(100) NOT NULL,
  `type` enum('NoValidation','OverrideValidation','Validation') NOT NULL,
  `active` bit(1) NOT NULL DEFAULT b'1',
  `enforce` bit(1) NOT NULL DEFAULT b'0',
  `last_updated_by` int(10) unsigned DEFAULT NULL,
  `last_updated_time` datetime DEFAULT NULL,
  `created_by` int(10) unsigned DEFAULT NULL,
  `created_time` datetime DEFAULT NULL,
  `default_patient_workflow` bit(1) DEFAULT b'0',
  `default_dispense_workflow` bit(1) NOT NULL DEFAULT b'0',
  `default_batch_workflow` bit(1) NOT NULL DEFAULT b'0',
  `default_tracking_workflow` bit(1) NOT NULL DEFAULT b'0',
  `lot_not_required_fl` bit(1) NOT NULL DEFAULT b'0',
  `expiration_not_required_fl` bit(1) NOT NULL DEFAULT b'0',
  `display_buttons_at_top` bit(1) NOT NULL DEFAULT b'0',
  `fl_require_component_manufacturer` bit(1) NOT NULL DEFAULT b'0',
  `fl_require_component_quantity` bit(1) NOT NULL DEFAULT b'0',
  `fl_require_component_dose` bit(1) NOT NULL DEFAULT b'0',
  `fl_require_bud` bit(1) NOT NULL DEFAULT b'0',
  `fl_require_bud_hard_stop` bit(1) NOT NULL DEFAULT b'0',
  `gravimetric_fl` bit(1) NOT NULL DEFAULT b'0',
  `gravimetric_widget_without_photo` bit(1) NOT NULL DEFAULT b'0',
  `network` bit(1) NOT NULL DEFAULT b'0',
  `next_revision_id` int(11) DEFAULT NULL,
  `previous_revision_id` int(11) DEFAULT NULL,
  `fl_require_component_quantity_hard_stop` bit(1) DEFAULT b'0',
  `validate_split_widget_on_drug` bit(1) DEFAULT b'0',
  `line_by_line_scanning_for_allocating_batches` bit(1) NOT NULL DEFAULT b'0',
  `workflow_number` int(11) DEFAULT NULL,
  `version` int(11) DEFAULT NULL,
  PRIMARY KEY (`id`),
  UNIQUE KEY `ux_workflow_number_version` (`workflow_number`,`version`),
  KEY `fk_workflow_lastuser` (`last_updated_by`),
  KEY `fk_workflow_createuser` (`created_by`),
  KEY `idx_workflow_account_id` (`account_id`),
  KEY `idx_workflow_number` (`workflow_number`),
  CONSTRAINT `fk_workflow_createuser` FOREIGN KEY (`created_by`) REFERENCES `users` (`id`) ON DELETE NO ACTION ON UPDATE NO ACTION,
  CONSTRAINT `fk_workflow_lastuser` FOREIGN KEY (`last_updated_by`) REFERENCES `users` (`id`) ON DELETE NO ACTION ON UPDATE NO ACTION
) ENGINE=InnoDB AUTO_INCREMENT=5 DEFAULT CHARSET=latin1;
/*!40101 SET character_set_client = @saved_cs_client */;

--
-- Dumping data for table `workflow`
--

LOCK TABLES `workflow` WRITE;
/*!40000 ALTER TABLE `workflow` DISABLE KEYS */;
INSERT INTO `workflow` VALUES (1,NULL,'Default Patient Workflow','NoValidation',_binary '',_binary '\0',NULL,NULL,NULL,NULL,_binary '\0',_binary '\0',_binary '\0',_binary '\0',_binary '\0',_binary '\0',_binary '\0',_binary '\0',_binary '\0',_binary '\0',_binary '\0',_binary '\0',_binary '\0',_binary '\0',_binary '\0',NULL,NULL,_binary '\0',_binary '\0',_binary '\0',1,1),(2,NULL,'Default Dispense Workflow','NoValidation',_binary '',_binary '\0',NULL,NULL,NULL,NULL,_binary '\0',_binary '',_binary '\0',_binary '\0',_binary '\0',_binary '\0',_binary '\0',_binary '\0',_binary '\0',_binary '\0',_binary '\0',_binary '\0',_binary '\0',_binary '\0',_binary '\0',NULL,NULL,_binary '\0',_binary '\0',_binary '\0',2,1),(3,NULL,'Default Batch Workflow','NoValidation',_binary '',_binary '\0',NULL,NULL,NULL,NULL,_binary '\0',_binary '\0',_binary '',_binary '\0',_binary '\0',_binary '\0',_binary '\0',_binary '\0',_binary '\0',_binary '\0',_binary '\0',_binary '\0',_binary '\0',_binary '\0',_binary '\0',NULL,NULL,_binary '\0',_binary '\0',_binary '\0',3,1),(4,NULL,'Default Tracking Workflow','NoValidation',_binary '',_binary '\0',NULL,NULL,NULL,NULL,_binary '\0',_binary '\0',_binary '\0',_binary '',_binary '\0',_binary '\0',_binary '\0',_binary '\0',_binary '\0',_binary '\0',_binary '\0',_binary '\0',_binary '\0',_binary '\0',_binary '\0',NULL,NULL,_binary '\0',_binary '\0',_binary '\0',4,1);
/*!40000 ALTER TABLE `workflow` ENABLE KEYS */;
UNLOCK TABLES;
ALTER DATABASE `pharmacy_keeper` CHARACTER SET latin1 COLLATE latin1_general_ci ;
/*!50003 SET @saved_cs_client      = @@character_set_client */ ;
/*!50003 SET @saved_cs_results     = @@character_set_results */ ;
/*!50003 SET @saved_col_connection = @@collation_connection */ ;
/*!50003 SET character_set_client  = latin1 */ ;
/*!50003 SET character_set_results = latin1 */ ;
/*!50003 SET collation_connection  = latin1_general_ci */ ;
/*!50003 SET @saved_sql_mode       = @@sql_mode */ ;
/*!50003 SET sql_mode              = 'ONLY_FULL_GROUP_BY,STRICT_TRANS_TABLES,NO_ZERO_IN_DATE,NO_ZERO_DATE,ERROR_FOR_DIVISION_BY_ZERO,NO_ENGINE_SUBSTITUTION' */ ;
DELIMITER ;;
/*!50003 CREATE*/ /*!50017 DEFINER=`root`@`localhost`*/ /*!50003 TRIGGER workflow_deletion
            AFTER DELETE ON workflow FOR EACH ROW
            BEGIN
            INSERT INTO deletion_trail (primary_record_id, secondary_record_id, table_name, account_id,  primary_id_name, secondary_id_name, deletion_time)
            VALUES (OLD.id, NULL, "workflow", OLD.account_id, "id", NULL, NOW());
            END */;;
DELIMITER ;
/*!50003 SET sql_mode              = @saved_sql_mode */ ;
/*!50003 SET character_set_client  = @saved_cs_client */ ;
/*!50003 SET character_set_results = @saved_cs_results */ ;
/*!50003 SET collation_connection  = @saved_col_connection */ ;
ALTER DATABASE `pharmacy_keeper` CHARACTER SET latin1 COLLATE latin1_swedish_ci ;

--
-- Table structure for table `workflow_step`
--

DROP TABLE IF EXISTS `workflow_step`;
/*!40101 SET @saved_cs_client     = @@character_set_client */;
/*!40101 SET character_set_client = utf8 */;
CREATE TABLE `workflow_step` (
  `id` int(10) unsigned NOT NULL AUTO_INCREMENT,
  `workflow_id` int(10) unsigned NOT NULL,
  `step_number` int(10) unsigned NOT NULL,
  `name` varchar(100) DEFAULT NULL,
  `last_updated_by` int(10) unsigned DEFAULT NULL,
  `last_updated_time` datetime DEFAULT NULL,
  `created_by` int(10) unsigned DEFAULT NULL,
  `created_time` datetime DEFAULT NULL,
  `page_type` enum('ComponentCheck','Prepare','Approve','SecondaryApproval','Tracking') DEFAULT NULL,
  `optional` bit(1) NOT NULL DEFAULT b'0',
  `default_status_id` int(10) unsigned DEFAULT NULL,
  `label` bit(1) NOT NULL DEFAULT b'0',
  `require_unique_approver` bit(1) NOT NULL DEFAULT b'0',
  `use_cancel_button` bit(1) NOT NULL DEFAULT b'0',
  `use_save_button` bit(1) NOT NULL DEFAULT b'0',
  `use_approve_button` bit(1) NOT NULL DEFAULT b'0',
  `use_incomplete_button` bit(1) NOT NULL DEFAULT b'0',
  `use_reject_button` bit(1) NOT NULL DEFAULT b'0',
  `use_approve_and_print_button` bit(1) NOT NULL DEFAULT b'0',
  `use_reject_and_fix_button` bit(1) NOT NULL DEFAULT b'0',
  `use_reject_and_discard_button` bit(1) NOT NULL DEFAULT b'0',
  `use_secondary_approve_button` bit(1) NOT NULL DEFAULT b'0',
  `use_reject_and_next_button` bit(1) NOT NULL DEFAULT b'0',
  `use_approve_and_next_button` bit(1) NOT NULL DEFAULT b'0',
  `updates_approved_by` bit(1) NOT NULL DEFAULT b'0',
  `updates_secondary_approved_by` bit(1) NOT NULL DEFAULT b'0',
  `updates_component_check_by` bit(1) NOT NULL DEFAULT b'0',
  `updates_prepared_by` bit(1) NOT NULL DEFAULT b'0',
  `use_approve_and_continue_button` bit(1) NOT NULL DEFAULT b'0',
  `use_save_and_continue_button` bit(1) NOT NULL DEFAULT b'0',
  `manufacturing_complete` bit(1) NOT NULL DEFAULT b'0',
  `use_approve_and_status_button` bit(1) NOT NULL DEFAULT b'0',
  `post_approve_status` int(10) unsigned DEFAULT NULL,
  `ready_for_rph_check` bit(1) NOT NULL DEFAULT b'0',
  `use_save_and_split_button` bit(1) NOT NULL DEFAULT b'0',
  `split_workflow_id` int(11) DEFAULT NULL,
  `security_questions_count` int(11) DEFAULT NULL,
  `split_orders` bit(1) NOT NULL DEFAULT b'0',
  `require_bud` bit(1) DEFAULT b'0',
  `updates_gravimetric_approved_by` bit(1) DEFAULT b'0',
  `lock_batch_qty_fl` bit(1) DEFAULT b'0',
  PRIMARY KEY (`id`),
  KEY `fk_workflow_step_lastuser` (`last_updated_by`),
  KEY `fk_workflow_step_createuser` (`created_by`),
  KEY `idx_workflow_step_workflow_id` (`workflow_id`),
  KEY `idx_workflow_step_split_workflow_id` (`split_workflow_id`),
  CONSTRAINT `fk_workflow_step_createuser` FOREIGN KEY (`created_by`) REFERENCES `users` (`id`) ON DELETE NO ACTION ON UPDATE NO ACTION,
  CONSTRAINT `fk_workflow_step_lastuser` FOREIGN KEY (`last_updated_by`) REFERENCES `users` (`id`) ON DELETE NO ACTION ON UPDATE NO ACTION
) ENGINE=InnoDB AUTO_INCREMENT=9 DEFAULT CHARSET=latin1;
/*!40101 SET character_set_client = @saved_cs_client */;

--
-- Dumping data for table `workflow_step`
--

LOCK TABLES `workflow_step` WRITE;
/*!40000 ALTER TABLE `workflow_step` DISABLE KEYS */;
INSERT INTO `workflow_step` VALUES (1,1,1,'Prepare',NULL,NULL,NULL,NULL,'Prepare',_binary '\0',NULL,_binary '\0',_binary '\0',_binary '\0',_binary '\0',_binary '\0',_binary '\0',_binary '\0',_binary '\0',_binary '\0',_binary '\0',_binary '\0',_binary '\0',_binary '\0',_binary '\0',_binary '\0',_binary '\0',_binary '\0',_binary '\0',_binary '\0',_binary '\0',_binary '\0',NULL,_binary '\0',_binary '\0',NULL,NULL,_binary '\0',_binary '\0',_binary '\0',_binary '\0'),(2,1,2,'Approve',NULL,NULL,NULL,NULL,'Approve',_binary '\0',NULL,_binary '\0',_binary '\0',_binary '\0',_binary '\0',_binary '\0',_binary '\0',_binary '\0',_binary '\0',_binary '\0',_binary '\0',_binary '\0',_binary '\0',_binary '\0',_binary '\0',_binary '\0',_binary '\0',_binary '\0',_binary '\0',_binary '\0',_binary '\0',_binary '\0',NULL,_binary '\0',_binary '\0',NULL,NULL,_binary '\0',_binary '\0',_binary '\0',_binary '\0'),(3,2,1,'Prepare',NULL,NULL,NULL,NULL,'Prepare',_binary '\0',NULL,_binary '\0',_binary '\0',_binary '\0',_binary '\0',_binary '\0',_binary '\0',_binary '\0',_binary '\0',_binary '\0',_binary '\0',_binary '\0',_binary '\0',_binary '\0',_binary '\0',_binary '\0',_binary '\0',_binary '\0',_binary '\0',_binary '\0',_binary '\0',_binary '\0',NULL,_binary '\0',_binary '\0',NULL,NULL,_binary '\0',_binary '\0',_binary '\0',_binary '\0'),(4,2,2,'Approve',NULL,NULL,NULL,NULL,'Approve',_binary '\0',NULL,_binary '\0',_binary '\0',_binary '\0',_binary '\0',_binary '\0',_binary '\0',_binary '\0',_binary '\0',_binary '\0',_binary '\0',_binary '\0',_binary '\0',_binary '\0',_binary '\0',_binary '\0',_binary '\0',_binary '\0',_binary '\0',_binary '\0',_binary '\0',_binary '\0',NULL,_binary '\0',_binary '\0',NULL,NULL,_binary '\0',_binary '\0',_binary '\0',_binary '\0'),(5,3,1,'Component Check',NULL,NULL,NULL,NULL,'ComponentCheck',_binary '\0',NULL,_binary '\0',_binary '\0',_binary '\0',_binary '\0',_binary '\0',_binary '\0',_binary '\0',_binary '\0',_binary '\0',_binary '\0',_binary '\0',_binary '\0',_binary '\0',_binary '\0',_binary '\0',_binary '\0',_binary '\0',_binary '\0',_binary '\0',_binary '\0',_binary '\0',NULL,_binary '\0',_binary '\0',NULL,NULL,_binary '\0',_binary '\0',_binary '\0',_binary '\0'),(6,3,2,'Prepare',NULL,NULL,NULL,NULL,'Prepare',_binary '\0',NULL,_binary '\0',_binary '\0',_binary '\0',_binary '\0',_binary '\0',_binary '\0',_binary '\0',_binary '\0',_binary '\0',_binary '\0',_binary '\0',_binary '\0',_binary '\0',_binary '\0',_binary '\0',_binary '\0',_binary '\0',_binary '\0',_binary '\0',_binary '\0',_binary '\0',NULL,_binary '\0',_binary '\0',NULL,NULL,_binary '\0',_binary '\0',_binary '\0',_binary '\0'),(7,3,3,'Approve',NULL,NULL,NULL,NULL,'Approve',_binary '\0',NULL,_binary '\0',_binary '\0',_binary '\0',_binary '\0',_binary '\0',_binary '\0',_binary '\0',_binary '\0',_binary '\0',_binary '\0',_binary '\0',_binary '\0',_binary '\0',_binary '\0',_binary '\0',_binary '\0',_binary '\0',_binary '\0',_binary '\0',_binary '\0',_binary '\0',NULL,_binary '\0',_binary '\0',NULL,NULL,_binary '\0',_binary '\0',_binary '\0',_binary '\0'),(8,4,1,'Tracking',NULL,NULL,NULL,NULL,'Tracking',_binary '\0',NULL,_binary '\0',_binary '\0',_binary '\0',_binary '\0',_binary '\0',_binary '\0',_binary '\0',_binary '\0',_binary '\0',_binary '\0',_binary '\0',_binary '\0',_binary '\0',_binary '\0',_binary '\0',_binary '\0',_binary '\0',_binary '\0',_binary '\0',_binary '\0',_binary '\0',NULL,_binary '\0',_binary '\0',NULL,NULL,_binary '\0',_binary '\0',_binary '\0',_binary '\0');
/*!40000 ALTER TABLE `workflow_step` ENABLE KEYS */;
UNLOCK TABLES;
ALTER DATABASE `pharmacy_keeper` CHARACTER SET latin1 COLLATE latin1_general_ci ;
/*!50003 SET @saved_cs_client      = @@character_set_client */ ;
/*!50003 SET @saved_cs_results     = @@character_set_results */ ;
/*!50003 SET @saved_col_connection = @@collation_connection */ ;
/*!50003 SET character_set_client  = latin1 */ ;
/*!50003 SET character_set_results = latin1 */ ;
/*!50003 SET collation_connection  = latin1_general_ci */ ;
/*!50003 SET @saved_sql_mode       = @@sql_mode */ ;
/*!50003 SET sql_mode              = 'ONLY_FULL_GROUP_BY,STRICT_TRANS_TABLES,NO_ZERO_IN_DATE,NO_ZERO_DATE,ERROR_FOR_DIVISION_BY_ZERO,NO_ENGINE_SUBSTITUTION' */ ;
DELIMITER ;;
/*!50003 CREATE*/ /*!50017 DEFINER=`root`@`localhost`*/ /*!50003 TRIGGER workflow_step_deletion
            BEFORE DELETE ON workflow_step FOR EACH ROW
            BEGIN
            INSERT INTO deletion_trail (primary_record_id, secondary_record_id, table_name, account_id,  primary_id_name, secondary_id_name, deletion_time)
            select ws.id, NULL, "workflow_step", wf.account_id, "id", NULL, NOW()
            from workflow_step ws,
            workflow wf
            where ws.id = OLD.id
            and ws.workflow_id = wf.id;
            END */;;
DELIMITER ;
/*!50003 SET sql_mode              = @saved_sql_mode */ ;
/*!50003 SET character_set_client  = @saved_cs_client */ ;
/*!50003 SET character_set_results = @saved_cs_results */ ;
/*!50003 SET collation_connection  = @saved_col_connection */ ;
ALTER DATABASE `pharmacy_keeper` CHARACTER SET latin1 COLLATE latin1_swedish_ci ;

--
-- Table structure for table `workflow_step_camera_widget_option`
--

DROP TABLE IF EXISTS `workflow_step_camera_widget_option`;
/*!40101 SET @saved_cs_client     = @@character_set_client */;
/*!40101 SET character_set_client = utf8 */;
CREATE TABLE `workflow_step_camera_widget_option` (
  `id` int(10) unsigned NOT NULL AUTO_INCREMENT,
  `workflow_step_widget_id` int(10) unsigned NOT NULL,
  `widget_id` int(10) unsigned NOT NULL,
  `sort_order` int(11) DEFAULT NULL,
  PRIMARY KEY (`id`),
  KEY `idx_workflow_step_camera_widget_option_workflow_step_widget_id` (`workflow_step_widget_id`)
) ENGINE=InnoDB DEFAULT CHARSET=latin1;
/*!40101 SET character_set_client = @saved_cs_client */;

--
-- Dumping data for table `workflow_step_camera_widget_option`
--

LOCK TABLES `workflow_step_camera_widget_option` WRITE;
/*!40000 ALTER TABLE `workflow_step_camera_widget_option` DISABLE KEYS */;
/*!40000 ALTER TABLE `workflow_step_camera_widget_option` ENABLE KEYS */;
UNLOCK TABLES;

--
-- Table structure for table `workflow_step_roles`
--

DROP TABLE IF EXISTS `workflow_step_roles`;
/*!40101 SET @saved_cs_client     = @@character_set_client */;
/*!40101 SET character_set_client = utf8 */;
CREATE TABLE `workflow_step_roles` (
  `workflow_step_id` int(10) unsigned NOT NULL,
  `role_id` int(10) unsigned NOT NULL,
  KEY `fk_workflow_step_role_role` (`role_id`),
  KEY `fk_workflow_step_role_step` (`workflow_step_id`),
  CONSTRAINT `fk_workflow_step_role_role` FOREIGN KEY (`role_id`) REFERENCES `roles` (`id`),
  CONSTRAINT `fk_workflow_step_role_step` FOREIGN KEY (`workflow_step_id`) REFERENCES `workflow_step` (`id`)
) ENGINE=InnoDB DEFAULT CHARSET=latin1;
/*!40101 SET character_set_client = @saved_cs_client */;

--
-- Dumping data for table `workflow_step_roles`
--

LOCK TABLES `workflow_step_roles` WRITE;
/*!40000 ALTER TABLE `workflow_step_roles` DISABLE KEYS */;
/*!40000 ALTER TABLE `workflow_step_roles` ENABLE KEYS */;
UNLOCK TABLES;
ALTER DATABASE `pharmacy_keeper` CHARACTER SET latin1 COLLATE latin1_general_ci ;
/*!50003 SET @saved_cs_client      = @@character_set_client */ ;
/*!50003 SET @saved_cs_results     = @@character_set_results */ ;
/*!50003 SET @saved_col_connection = @@collation_connection */ ;
/*!50003 SET character_set_client  = latin1 */ ;
/*!50003 SET character_set_results = latin1 */ ;
/*!50003 SET collation_connection  = latin1_general_ci */ ;
/*!50003 SET @saved_sql_mode       = @@sql_mode */ ;
/*!50003 SET sql_mode              = 'ONLY_FULL_GROUP_BY,STRICT_TRANS_TABLES,NO_ZERO_IN_DATE,NO_ZERO_DATE,ERROR_FOR_DIVISION_BY_ZERO,NO_ENGINE_SUBSTITUTION' */ ;
DELIMITER ;;
/*!50003 CREATE*/ /*!50017 DEFINER=`root`@`localhost`*/ /*!50003 TRIGGER workflow_step_roles_deletion
            BEFORE DELETE ON workflow_step_roles FOR EACH ROW
            BEGIN
            INSERT INTO deletion_trail (primary_record_id, secondary_record_id, table_name, account_id,  primary_id_name, secondary_id_name, deletion_time)
            select wsr.workflow_step_id, wsr.role_id, "workflow_step_roles", wf.account_id, "workflow_step_id", "role_id", NOW()
            from workflow_step_roles wsr,
            workflow_step ws,
            workflow wf
            where wsr.workflow_step_id = OLD.workflow_step_id
            and wsr.role_id = OLD.role_id
            and wsr.workflow_step_id = ws.id
            and ws.workflow_id = wf.id;
            END */;;
DELIMITER ;
/*!50003 SET sql_mode              = @saved_sql_mode */ ;
/*!50003 SET character_set_client  = @saved_cs_client */ ;
/*!50003 SET character_set_results = @saved_cs_results */ ;
/*!50003 SET collation_connection  = @saved_col_connection */ ;
ALTER DATABASE `pharmacy_keeper` CHARACTER SET latin1 COLLATE latin1_swedish_ci ;

--
-- Table structure for table `workflow_step_statuses`
--

DROP TABLE IF EXISTS `workflow_step_statuses`;
/*!40101 SET @saved_cs_client     = @@character_set_client */;
/*!40101 SET character_set_client = utf8 */;
CREATE TABLE `workflow_step_statuses` (
  `workflow_step_id` int(10) unsigned NOT NULL,
  `status_id` int(10) unsigned NOT NULL,
  KEY `fk_workflow_step_status_status` (`status_id`),
  KEY `fk_workflow_step_status_step` (`workflow_step_id`),
  CONSTRAINT `fk_workflow_step_status_status` FOREIGN KEY (`status_id`) REFERENCES `statuses` (`id`),
  CONSTRAINT `fk_workflow_step_status_step` FOREIGN KEY (`workflow_step_id`) REFERENCES `workflow_step` (`id`)
) ENGINE=InnoDB DEFAULT CHARSET=latin1;
/*!40101 SET character_set_client = @saved_cs_client */;

--
-- Dumping data for table `workflow_step_statuses`
--

LOCK TABLES `workflow_step_statuses` WRITE;
/*!40000 ALTER TABLE `workflow_step_statuses` DISABLE KEYS */;
/*!40000 ALTER TABLE `workflow_step_statuses` ENABLE KEYS */;
UNLOCK TABLES;

--
-- Table structure for table `workflow_step_widget`
--

DROP TABLE IF EXISTS `workflow_step_widget`;
/*!40101 SET @saved_cs_client     = @@character_set_client */;
/*!40101 SET character_set_client = utf8 */;
CREATE TABLE `workflow_step_widget` (
  `id` int(10) unsigned NOT NULL AUTO_INCREMENT,
  `workflow_step_id` int(10) unsigned NOT NULL,
  `widget_id` int(10) unsigned NOT NULL,
  `sort_order` int(11) DEFAULT NULL,
  `read_only` bit(1) NOT NULL DEFAULT b'0',
  `collapsed` bit(1) NOT NULL DEFAULT b'0',
  `update_compound_field` bit(1) NOT NULL DEFAULT b'0',
  `print_label_id` int(11) DEFAULT NULL,
  `qa_checklist_id` int(11) DEFAULT NULL,
  PRIMARY KEY (`id`),
  KEY `fk_workflow_step_widget_widget` (`widget_id`),
  KEY `idx_workflow_step_widget_workflow_step_id` (`workflow_step_id`),
  CONSTRAINT `fk_workflow_step_widget_step` FOREIGN KEY (`workflow_step_id`) REFERENCES `workflow_step` (`id`),
  CONSTRAINT `fk_workflow_step_widget_widget` FOREIGN KEY (`widget_id`) REFERENCES `widget` (`id`)
) ENGINE=InnoDB AUTO_INCREMENT=3 DEFAULT CHARSET=latin1;
/*!40101 SET character_set_client = @saved_cs_client */;

--
-- Dumping data for table `workflow_step_widget`
--

LOCK TABLES `workflow_step_widget` WRITE;
/*!40000 ALTER TABLE `workflow_step_widget` DISABLE KEYS */;
INSERT INTO `workflow_step_widget` VALUES (1,8,9,2,_binary '\0',_binary '\0',_binary '\0',NULL,NULL),(2,8,1,1,_binary '',_binary '\0',_binary '\0',NULL,NULL);
/*!40000 ALTER TABLE `workflow_step_widget` ENABLE KEYS */;
UNLOCK TABLES;
/*!40103 SET TIME_ZONE=@OLD_TIME_ZONE */;

/*!40101 SET SQL_MODE=@OLD_SQL_MODE */;
/*!40014 SET FOREIGN_KEY_CHECKS=@OLD_FOREIGN_KEY_CHECKS */;
/*!40014 SET UNIQUE_CHECKS=@OLD_UNIQUE_CHECKS */;
/*!40101 SET CHARACTER_SET_CLIENT=@OLD_CHARACTER_SET_CLIENT */;
/*!40101 SET CHARACTER_SET_RESULTS=@OLD_CHARACTER_SET_RESULTS */;
/*!40101 SET COLLATION_CONNECTION=@OLD_COLLATION_CONNECTION */;
/*!40111 SET SQL_NOTES=@OLD_SQL_NOTES */;

-- Dump completed on 2021-06-09  8:40:51
